x,y,label
0.4554931802600163,-0.12550304342088792,1
-0.7042173135258507,0.041308270559931526,0
0.4137986366049272,0.791321940097044,0
-0.8640487296094477,0.13875386420457939,0
-0.9362676688698562,0.3592673717890083,0
0.18863489064109576,-0.308188202914958,1
1.034922711334619,0.2993214468456087,0
-0.16331750245982807,0.2831686639656409,1
0.31633976999481095,-0.2389238504715361,1
0.9551026225541542,0.21097872889703137,0
-0.06284450066958044,0.9747281172560507,0
1.0130846642489983,-0.5560647430430522,1
0.16546818670307825,0.29073129165762446,1
0.0904976379401013,0.2045475718107348,1
-0.7809388838300185,0.6133959017038587,0
0.006056405696123979,-0.036472206658619694,1
0.939412858285819,0.41181053292277287,0
2.0173812923870105,0.4007351811335863,1
0.8112906423664508,-0.440727863303322,1
1.2731807942739573,-0.28473550208806897,1
1.8548578043764594,0.5254083616516014,1
0.3054690217474482,0.8770046673159153,0
-0.9869336795895396,0.2021075578250876,0
1.9311838799062497,0.3655917109407024,1
-1.1089379730398554,0.002016578776638134,0
2.149100086064473,0.41807841661356027,1
0.23723066158200493,0.9699993267212689,0
1.5309952792775139,-0.43209522566902403,1
0.514483656548671,-0.4787142154303372,1
1.6170808422895386,-0.20637107220769912,1
1.0387230363365552,0.2765149283529622,0
-0.23014377751040704,1.066156793095772,0
-0.9558547563890746,0.14495960576283648,0
-1.1329251981491943,0.05439935590914358,0
1.626414348743043,-0.3639358041270893,1
-0.5958486388484756,0.6778583363381496,0
0.22067731060674353,0.24242638560071383,1
1.0177925845962783,0.304885570041638,0
-0.7768378358622793,0.5479219394733184,0
0.5358709110149165,-0.43735647783966003,1
-0.04105921570497112,0.2401321796784155,1
1.0853339844500445,-0.10538005391059686,0
1.3921990008671838,-0.4011665685844512,1
0.5098723027889542,0.8615504444044698,0
1.9143538947579226,0.20089373148674816,1
1.0314254340632025,-0.03995081215098753,0
-1.182721643192428,0.13082446272656043,0
-0.7412439867358865,0.7558026291316726,0
0.3760127985355543,0.8430978787038723,0
-0.009051440919347842,0.9199344346639831,0
-0.5807557379492312,0.8329897877906006,0
1.626533507162966,-0.37989550209173367,1
-0.9728709781601304,0.11983179815157584,0
1.2371409079866418,-0.34268412512915275,1
-0.19820087226902933,0.8556304225110922,0
1.4103620747369834,-0.2564978922806952,1
-0.25480256153017034,1.0025229342831734,0
1.8647453271312031,0.3924155817246699,1
-0.13114938083710548,1.0365652936384906,0
-0.010988845448359097,0.6686855627158947,0
0.7745881599815532,0.9412884933045622,0
1.0798020354708378,-0.46272201620996295,1
0.025729151062285793,-0.21574255631380723,1
0.80476232003005,0.08314709988630498,0
0.7568853630249122,0.776473715978302,0
1.3257199626611504,-0.4690464692540709,1
-0.13141031524728766,0.8974444821914935,0
1.8551941120611315,0.3221051011745957,1
0.19013960797994667,-0.15757002114520774,1
-0.10453796071627477,1.2318967202505315,0
0.05433800729243737,0.36300084424854995,1
0.8166291380638004,0.4275533332868021,0
-0.49473315905961185,0.7544785012182446,0
-0.2380945563886333,1.0917221872220964,0
-0.29230236910278906,1.1141695203981792,0
1.4708982215138768,-0.36492102106035507,1
0.7547034322820466,0.6239598251208405,0
0.4683850650652379,-0.32550521783455805,1
1.6154107633677315,-0.18346842641801167,1
0.2936220227683252,1.1587256853160244,0
1.8012211701778955,-0.11303817689876722,1
0.8609175785495766,0.671008255804671,0
0.1323523475669766,0.29297576200174447,1
-0.7194223914854218,0.6916950004939662,0
0.03506519856560113,0.08733635020089625,1
-0.520411608671429,0.8112419835500304,0
-0.4793649293068281,0.8426015715768159,0
-0.23334331241886025,0.9945018867837185,0
1.8235015177655942,-0.19942311631965196,1
1.1718326051068413,-0.490836901594407,1
0.9835789756668623,-0.5422570085619645,1
1.326797982545151,-0.4962385704136602,1
1.9307148416128939,0.11938203514439275,1
0.7342974965992154,0.5387702207996244,0
-0.35217997766673137,0.7844851943154503,0
-0.6125149937081542,0.6912304016731617,0
1.8617370041514982,0.06726256356289818,1
1.2515304282151454,-0.4784989375129175,1
1.112682638398149,-0.5669307421213644,1
0.9032979593534386,-0.5936599594005498,1
0.937999143952887,0.42910837862389745,0
-0.13103732002814247,0.5137241252736804,1
-1.0016233078823231,-0.09397849765727335,0
1.153027134699044,-0.44647137766373474,1
0.7608542610056852,-0.38399041284069924,1
0.141839448439034,1.0861731100635577,0
0.48072383257627893,1.0479721413892729,0
1.2868825900988805,-0.38724832522640656,1
1.9253649606189527,-0.07087852516939057,1
-0.06365899035445323,0.9428669519431552,0
0.1648376688526787,0.13673022923807712,1
0.5277439169965942,-0.5056799459360314,1
-0.8655273262879493,0.5849426575882423,0
0.810386161966188,0.6027333236275907,0
1.6361425625177815,-0.14054729610058458,1
-0.7944868005054375,0.6070493774253269,0
1.2410137859228794,-0.5466118424893477,1
0.8817418769855667,0.5175689831644875,0
0.010416874928560443,1.0181338727551712,0
-0.8324871168557939,0.8284246059419607,0
0.8327640772357923,-0.36847676742561775,1
-0.7983615902658749,0.35679675479873196,0
1.1256713937169647,-0.4351368476815655,1
0.30585115286509346,-0.043740606451402195,1
-0.5015186122095311,0.8321189496444655,0
-1.1142020781920436,0.09383491991859211,0
-0.6978883568677942,0.7341310044374143,0
-0.8907518933431773,0.6230397604501164,0
1.8161809123093149,0.01642920789009214,1
0.7319793315263236,0.7454768685668932,0
0.20843369432048514,-0.11971089988527474,1
-0.5220217640811751,0.8796683590666694,0
0.9469854112140763,0.39106184212968653,0
0.2598620682642343,0.09826886086239814,1
1.5569027091323528,-0.4925970487604851,1
2.0528912122715908,0.24421165038581194,1
0.7585531528646838,0.03824762890151187,0
0.568207181939312,-0.42213852905977445,1
0.4729316458481485,1.0249538013416692,0
1.7365180392140314,-0.17447224421421992,1
0.8663055037652639,0.013479072880290842,0
1.0923845207058434,-0.3753697891313942,1
0.4715083764728342,-0.372415875649476,1
1.0558349855803228,-0.0046148418851259705,0
1.2645714003066502,-0.44751834217619124,1
0.6335875858448813,-0.38282036453256324,1
0.07690124425734392,0.3640817349895885,1
0.8471456107770404,0.5882190555881656,0
0.6528025469165829,0.8719924435243604,0
-0.976243739313763,0.12030494254011073,0
0.12979431710039674,-0.06312209290343294,1
0.12022143563596964,0.020944511086423173,1
-0.8403452463800852,0.8241752679518957,0
1.5318386794715868,-0.4359217373399623,1
0.0331727800239096,0.23644864309292024,1
0.6337822239462314,-0.48692345313364516,1
0.11330288613686516,0.3207038604407674,1
0.8809601530976833,-0.04022311556271001,0
0.1588678820430178,0.217690355246502,1
-0.9312371404447097,0.27133847865137517,0
1.1052375625131032,0.08828024098539888,0
-0.7465111505293405,0.5092098034503197,0
0.9526536226155448,-0.44830004373339977,1
0.927837404242942,0.38816825524790594,0
0.28833169659637703,0.9437860593670989,0
1.0721358199518696,0.1157665210516632,0
1.870057619407063,0.16350613533064873,1
1.7594369273159671,-0.13666627922612468,1
1.3974007639536865,-0.3956460218374877,1
0.3131867023640771,0.9391836106031628,0
0.7590928462738732,0.4883412251905041,0
2.007666439350093,0.1415885900242314,1
0.5407277746700663,-0.44153825711324873,1
0.594777030187184,-0.4163945044534342,1
1.0041822092850488,0.10229128617337108,0
1.145909136942406,0.22791293428508536,0
-0.2574108146045343,0.9962018681401441,0
1.8368699890828466,-0.21632939977583554,1
-0.9003565474886299,0.4687900373783408,0
0.09468040889057079,0.0016264364091869432,1
1.510118387215712,-0.2753098040219417,1
-0.3793709890423576,0.8229613183150616,0
0.1864331299695937,-0.028290029151149296,1
-0.5891381643537068,0.6940914912473604,0
-0.021901848690665818,0.33786002304655477,1
1.2663379767033116,-0.4857658774955315,1
0.8567217734040703,0.19261454875868317,0
0.8949801703002492,-0.6490293311903574,1
-0.07838676699540696,1.0432840110751564,0
0.8512126201787215,0.4489517187134904,0
1.4164084847742267,-0.3779324129051902,1
-0.20521945997711627,0.8799999368518204,0
-0.7279640609046355,0.37909810726299614,0
-0.11606721802630904,0.950447584131566,0
1.1999259943413783,-0.5478809785581431,1
-0.936676865943425,0.40217643832450434,0
0.8790676206980557,0.7249101833076782,0
-0.5209942911858914,0.9429295834228554,0
0.7373608460135868,0.6117512505271748,0
-0.8697552737200154,0.4222580837650344,0
0.13941723801502667,0.35324722601894215,1
1.7537331782490833,-0.06316299600186291,1
1.1746673335803295,0.23405736851155917,0
-0.7146811530841386,0.7350558215393304,0
1.8476868046309316,0.023422546240774826,1
0.9680167792662642,0.2226342495328959,0
1.2554183564833339,-0.43067732992425545,1
0.9991817363596869,0.3635472642173368,0
1.3711685022792521,-0.24015188938877519,1
1.0955892452760603,0.1845893714994572,0
-0.39813462717308096,0.8745271828341369,0
1.343663604492783,-0.5447158328626407,1
1.1075403556109955,-0.4294225779038198,1
2.0633443075030016,0.3541672562057514,1
-0.13465602753346503,0.4736415243961869,1
1.2164679452153082,-0.3454875282254857,1
0.3356631707797866,-0.46820179705190346,1
0.5688469004404544,-0.28395095177045115,1
1.0738548571633817,-0.32546887769423394,1
-0.08302789879779794,1.004558012504745,0
1.1694075817443914,-0.5136484723910906,1
0.34092681543956965,-0.12748422459644262,1
1.369634080551159,-0.4839635617760757,1
0.6869450799761823,0.8452465561898698,0
1.792503014183222,0.2089660542357994,1
-0.8705118747852166,0.3193188847672281,0
1.2632123438240772,-0.38997312142735874,1
1.1032729977237783,-0.6297754353513306,1
-0.8360173915609868,0.7014950015032859,0
0.1415699620373955,0.08346986320122485,1
0.9739020013632134,0.6878137578332918,0
0.9851242666986221,0.19582839555819959,0
0.11200835887140637,0.1120807704320176,1
0.5792207467715791,-0.21048832179297292,1
-0.9515345536853808,0.24860390419715164,0
-0.14015160864987944,0.2094070406424789,1
0.7852233084787035,0.6198854897560523,0
-0.11491940357522216,0.9392856561323252,0
0.28720453977503974,-0.23722923572439017,1
1.491106558738597,-0.2556017401303388,1
1.2706950825594556,-0.5714697546936153,1
-0.5023140884062894,0.7606866715074249,0
0.9531519639604789,0.10774641216518509,0
-1.0985064292673605,0.3147352018132735,0
0.6548640462634271,0.8853453609324555,0
0.603861912360965,0.7054898246574213,0
0.5560710561316169,-0.3857703216969595,1
-0.37361128408854893,1.0321554508874073,0
-0.5063186734454919,1.0919482395737403,0
-1.108908234439355,0.06550543977257753,0
1.22955876086968,-0.4838288724263512,1
1.077246676262569,-0.10229609512454389,0
2.007271936369482,0.22483147651986435,1
0.5667350200403984,-0.5030649442781647,1
-1.0862513431911052,0.30870103940114,0
0.927661262881935,-0.6783630833266582,1
-0.7822936624375507,0.6918700685332018,0
2.262412925549459,0.3686839265089923,1
-0.7353637540025998,0.4088940719323722,0
-0.47651250401118395,0.8318356701849245,0
-0.7195669823902704,0.0866648828208626,0
0.7752066231440191,-0.4058251732460031,1
1.8942662276461246,-0.029206366856228842,1
0.18359342876317114,0.9920449077665602,0
0.7464414651593505,0.683063308517487,0
-0.08734903971033914,-0.06518154793077702,1
1.4619380630522336,-0.5032256941407957,1
-1.0126536199212133,0.19705752382939082,0
-0.6760783442899397,0.7237876829667164,0
0.6452759629128695,0.7715776502060325,0
-0.7283245250593505,0.6165628117185187,0
2.0100467726800937,-0.13121643523383192,1
2.034961298763716,0.11595263233358258,1
1.4742493699490997,-0.55448287637485,1
0.7982661770813081,0.5077690718850161,0
0.184008569722314,-0.01666325389394064,1
1.0693888883518918,-0.5098276931917465,1
0.6424882713078044,0.6984421175404867,0
0.9750055624636026,-0.5809313911717902,1
-0.07671435064169484,0.45123437007292966,1
0.6813414877451449,-0.48937671523582665,1
1.194321013943553,0.13908260231697633,0
1.636636648174873,-0.2684647966609734,1
1.863130043435574,0.46243660194182556,1
2.041137884104583,0.22749323343059163,1
0.6275696249163698,-0.4694127906589975,1
-0.743440478448881,0.8644426119107487,0
0.25555430739084034,1.1467125807658576,0
-0.20905041265889956,0.9473093894952186,0
-0.959122136431773,0.42120461943968973,0
0.05709055185920964,0.09064373807342524,1
0.8768946127162504,-0.541091232732101,1
1.6409284623509277,-0.3016671966196762,1
0.033957098025047455,0.9240277460660412,0
1.0877563598435107,-0.4766367752797795,1
0.38824665234330036,-0.24370458645378146,1
1.0013318145466212,-0.45721928208333934,1
0.31229791110888544,-0.14180611207544913,1
0.7046918388486103,1.0137351690563818,0
1.1337461793432446,-0.45194414378594117,1
0.6592793058928299,-0.5694988510833283,1
0.7367889636229505,0.8639721942939355,0
0.4099733911472106,-0.5041879881788365,1
-0.6010612433522495,0.8299610701381128,0
0.9567849406727778,0.08387136464897832,0
0.1702804189374924,0.15765614878492207,1
1.6320545631264138,-0.560876825689953,1
0.30454570318781415,-0.42508973536429906,1
0.7112770254711859,0.7166590470400132,0
-0.026816185517475513,0.22257376497746706,1
1.8539883612382768,0.01873884803524367,1
1.277447976686442,-0.19375756957782134,1
1.5870230331400241,-0.17527834089527006,1
0.3058724142640832,-0.2008554452249217,1
0.9592339340077006,0.40899241616481197,0
0.6560156139682023,-0.37036336888280663,1
-0.9122693401941926,0.05671487722874845,0
0.3733590625842337,-0.32297329456237883,1
1.0869808185604142,-0.506493703346811,1
0.199622219771601,0.08269766434997908,1
0.9384060568816968,-0.673921849926045,1
-0.9320054424276365,0.6461786622064245,0
0.20347586514097282,-0.12092875856833017,1
1.6132062486047496,-0.24109393609845486,1
0.3124632651116164,-0.15818112943555462,1
0.6388374205801026,-0.521746826438242,1
-0.7689105224810071,0.4784124830463424,0
1.1704311896335808,-0.583699944823262,1
1.2217822251248347,-0.5022234038749277,1
-0.9174017291697385,0.11872185187467371,0
0.4423225696619479,0.7862038696981305,0
-0.8181910116772384,0.44595826615407114,0
0.5062937534308648,0.7982673851394289,0
0.3354016756860298,0.7830730976440492,0
1.621451060709817,-0.1292945530778573,1
-0.8411063820940446,0.20165304813439494,0
-0.756888934263872,0.6214964087828058,0
1.0694042418941143,-0.7480011257250547,1
0.3608557449322961,-0.18770057490380004,1
-1.0726880816558693,-0.020022946409927037,0
-0.1298571441487112,0.42224933659219843,1
1.3519703266681642,-0.36992634637275434,1
-0.9268565700685653,0.14197058132094345,0
1.1804471462306552,-0.5543776631838289,1
1.3573784953045875,-0.4688419434503483,1
0.5923309906893531,0.9164067900233908,0
-0.9403942225839415,0.12914050861663184,0
1.239676592908427,-0.45947801997204135,1
0.8098980748821694,-0.33985252145946926,1
0.22194230063750828,-0.12836378066629578,1
1.141744641832166,-0.5277077203524789,1
-0.4894770340883597,0.7094406996548609,0
1.0627858452477694,0.18850701033610318,0
0.5610763853525672,0.9459898214283996,0
1.6240118295981971,-0.2461012220303623,1
-0.9275723906711749,0.0003400782272992911,0
0.05861978396701967,0.11760043552050681,1
-0.5835853920294604,0.843617869207404,0
1.904171865551449,-0.16485522536968247,1
0.11339644596945297,0.9102056007909936,0
-0.3889657552436031,0.9331037062435923,0
0.13919181541016115,0.19053494896529574,1
-1.1754074687958465,-0.12514773892404127,0
0.9407652836617647,-0.5501528118683251,1
-0.030114870379815167,0.2772642947951304,1
1.038249320668421,-0.5681288626211989,1
0.8157329020940269,-0.5663039019477771,1
1.7402075416717564,0.02389164040462286,1
-0.9960885864263638,0.280924623666692,0
0.36726555932365895,1.1372534366558171,0
-0.21290912265535772,0.6720809633327062,0
0.9542850003819849,-0.4852239705565106,1
-0.27711224065254797,0.9738737728089597,0
0.6495419414011692,0.7039601226395588,0
-0.18150506980437003,0.8469333678347193,0
1.3598396862592486,-0.44778005420725187,1
0.8597705480542973,-0.6134323092691675,1
-0.5777044865172285,0.8414400584352528,0
0.8167497489318798,0.370007154144567,0
0.5899130753797105,0.7591839819852889,0
0.22997092064429023,-0.21719402241932356,1
0.42472196027022024,-0.28643395952494166,1
0.1986301365086716,1.0748901185432864,0
-0.30662047256920194,0.9389099864120959,0
0.6835566367459447,0.616812898192833,0
0.5583155530085178,-0.2650812941445255,1
1.721916553457427,-0.12085197967719814,1
-0.724309070872421,0.6920236520612446,0
-0.900701179963482,0.4183130403036077,0
-0.7167599543096346,0.744734532005514,0
0.5064649636475107,-0.3350824417919271,1
1.480484557942283,-0.30844999239395154,1
0.15668258409820843,0.849984883271989,0
-0.4181250192930866,0.7743728994661029,0
0.05991241943281636,0.053967682808538336,1
0.11781983702579507,-0.11962740802735844,1
0.00810698495399545,-0.09319664937779679,1
0.4002619290586744,0.8324540526620894,0
0.5127430720159781,1.0072137888989792,0
0.8937752096191575,0.1485204407379696,0
-0.13671968190782377,1.004252771945303,0
0.8299495174516147,-0.5027006210259368,1
1.757092586807466,-0.13152490921874826,1
1.68493407361837,-0.23756329780706498,1
-1.0159628874571687,0.09751721762019003,0
0.6689016918815979,0.5655916579108105,0
-1.3466398635195929,-0.02337233025284838,0
0.8746277095050047,-0.6433243951497363,1
-0.2856066488038247,1.2151808824092787,0
0.9759264257715017,0.343427201691598,0
0.7141687477246907,-0.43792443420896743,1
-1.040378571366849,0.42692286684607417,0
-0.27196157019010136,0.9949125100369051,0
0.7802489448999771,-0.4551966883514376,1
2.026850104248613,0.5100691371528137,1
1.7438403497818808,-0.061206975102309075,1
1.1298327294392576,0.1327425954544018,0
-0.9100565470790696,0.3136508748690697,0
1.802845797040938,-0.10480140076812937,1
1.5666807465419241,-0.31455571693705864,1
0.34892722319726155,-0.32618535361991147,1
0.5389835463793489,0.7740162015711598,0
-0.7278276759867619,0.5343190474403753,0
1.0408562685406433,-0.3739728629048188,1
1.957081851693597,0.3433682212458551,1
1.4345367981757704,-0.47839030112219083,1
1.2362602439676564,-0.4614799255207763,1
1.015503353910179,0.20105929388516977,0
1.9136365513831315,0.17193888076278283,1
1.9054332013340387,0.015006044202012153,1
-0.3471662525199755,0.8271965661309285,0
-1.1291565273287907,0.15573486627995464,0
0.9242607325827411,0.12987469814260033,0
-0.6975332308023499,0.7464565777251883,0
1.473114089767406,-0.37307809749131365,1
-0.9874372301467017,0.14018982197381247,0
0.3779839765054459,-0.12917834600694195,1
-0.14945358032175432,1.0961368032620575,0
0.7918713268495974,0.6987550588442344,0
0.11746285873618406,0.061603582313872196,1
0.09847035874724197,0.6010658017802986,1
0.25756404534830135,-0.24931441510071373,1
2.1808372520295762,0.3089701057718008,1
0.5676182433211316,1.102728356151329,0
0.7269808457162646,0.38249030358894087,0
0.06410365374577115,-0.03166611203971051,1
0.06804988515384217,-0.06014824823698681,1
0.09057035493745291,0.22885493529038298,1
1.084696176243687,0.5135198418742823,0
-0.706658898539301,0.9016827963288407,0
0.9966626654966388,0.34554726993750723,0
1.800453935717452,0.0663301540299352,1
-0.2501168082114024,0.8960327344265876,0
1.1214064818792864,-0.551806619242338,1
0.5074266250534227,0.9462534190176275,0
1.0840621688174437,0.01842350136486926,0
-0.3546752618279676,1.0487049826259804,0
0.8402423673159416,-0.45711494502884664,1
0.9115875524791418,0.17692805823987762,0
0.9992857906388327,0.03862442915216207,0
0.621853758176802,-0.3157088978448169,1
1.5598073470115275,-0.3084955972917611,1
0.6566766707949112,0.8271653642406472,0
1.3771575530094102,-0.5347720622502771,1
1.4173764210163229,-0.31663997933029536,1
1.7174228958404292,-0.02900005209041953,1
1.5409787636842516,-0.514064184811738,1
0.30969545298711054,0.8643402961021769,0
-0.4520392225600586,0.729367555529586,0
0.9008747347057665,0.3200112857469217,0
0.027019467459344776,1.0108774254649036,0
0.8220785433899147,0.2724506941299308,0
-0.03553753171239228,0.1080958882157951,1
1.5426199656987065,-0.2775865801142703,1
0.6394047599584113,0.819427174172171,0
0.024154281799064925,0.47542912516924385,1
0.5994293102097225,-0.43477257755947357,1
1.753078953409442,-0.30588157351930706,1
-0.8898932214361832,0.12222127290563292,0
0.5470624460834229,-0.19004747616648576,1
0.022149625194371095,0.8415793779271491,0
1.0941678969914816,0.11953093377821623,0
0.3295501754482788,0.99588150623722,0
-1.0283530394336269,-0.001069440200146099,0
0.7589581566232517,0.5098144411423898,0
0.5023631241352307,-0.5233936836715253,1
0.15967052476569446,-0.02121963947079912,1
0.8271504507754945,0.2587890125795805,0
0.8749873537959812,0.15915639397262019,0
0.5109788725618066,1.0606000412974996,0
0.9345896134643475,0.46296757818097095,0
1.880752032267429,-0.059256333169375855,1
1.431353382470174,-0.4713478838760015,1
1.9693976759560199,0.41115422274649965,1
0.4920661607370438,0.7442427447696744,0
-0.16664331147589184,0.3812645242533935,1
0.7134137309827112,-0.5265737051051822,1
0.1314837291309644,0.994515060812499,0
0.10279525683385402,1.0149343030532594,0
0.8642537691077747,-0.4568022967191478,1
0.1747825465445667,-0.24264040697210443,1
0.31139539058390403,-0.18157656153655471,1
0.6884930232674029,-0.5378782326279802,1
1.1015568893593177,-0.6825831265399729,1
0.7367169863387019,0.6076795006229796,0
1.0456220846493551,0.4026114843227502,0
0.28787497572234466,-0.20503512855179212,1
2.0275836431614254,0.5845954512519764,1
1.0996762926865804,0.030896874668639357,0
0.47787608571564233,0.9391966416973148,0
-0.5498987374458834,0.8801265190460112,0
-0.2506742225363363,0.9833355695924527,0
1.3487172813894255,-0.46668822173664665,1
1.0770622367620852,-0.6210476799548696,1
0.2765858143005454,-0.14567311116922618,1
-0.8489381123611748,0.37096692682440374,0
-0.04477327209354744,0.4443737797574432,1
-0.19026653158199425,0.3584852055558234,1
-0.9648230009149311,0.5240941459494481,0
0.5788476092763697,-0.521629421150829,1
0.6943356021025365,-0.5330786321166998,1
-0.08793832627753732,0.3010807020019209,1
0.8965178042438451,0.24046068615673488,0
-1.0302801775946278,0.13622294909247942,0
-0.7561215465036112,0.6300164984523509,0
-1.0299981696024398,0.5818765856272429,0
-0.3842260870217503,0.8373417286087176,0
0.924426479294304,-0.3614242773475558,1
0.960269926540621,0.1463063669778047,0
-0.8345072351636507,0.024490218779883895,0
-0.3205251561379463,0.9515655250305645,0
1.3459987808558371,-0.5149370892967229,1
0.5348838795064137,0.7603180062697552,0
1.9597865071171436,0.34660641998664493,1
-0.7173926290195227,0.5904306204865238,0
1.9112598794043847,-0.05221106895273435,1
1.3338840647780208,-0.4559891463069267,1
0.9392208466036679,0.5242583918883541,0
0.8415921631393024,0.4233276310978371,0
1.8725753124320668,0.07986929719467853,1
1.3621913772325032,-0.39908945707961796,1
-0.8425325865425551,0.6164855893741967,0
1.706775303824001,-0.31495549325156047,1
0.04104743526157308,0.42232749515070617,1
1.2779788030001638,-0.46769867015036065,1
1.9449803667351053,0.2440994298282825,1
-0.8788386796081522,0.5426717685723048,0
1.7135228881120266,-0.08598212038619946,1
1.5604642211279534,-0.41283608975452685,1
0.6390819834595067,1.0872120582111595,0
-0.2488851055773403,0.9949115033119907,0
1.5270968756856842,-0.28662555180294025,1
0.2889849760149832,0.8872170451987724,0
-0.9727532076550276,0.48941543083427647,0
1.6444416334006426,-0.4431399572631448,1
0.7118363416083807,-0.37837308591369523,1
0.00874651547661449,0.41587803094429965,1
1.7524245970032097,-0.3125772394801209,1
1.677829808812953,-0.39394838620094397,1
-1.0406723050838194,0.14970657032373158,0
1.9997407804160943,0.3539393325962089,1
0.6695424209065093,-0.44605122547960296,1
-0.17420753946923978,0.9457287776921814,0
1.971063710310143,0.512773463707542,1
1.920575424050775,0.606137126590292,1
0.1290942097574342,1.0694758380413993,0
-0.8516740807402731,0.6651643656208919,0
0.018370203946017447,-0.22731258066178467,1
0.3434374503941492,0.8287052068055489,0
1.0574856828836188,0.20858760648969532,0
-0.961768011939252,0.04584015060761343,0
1.442788762908597,-0.33159213796044035,1
1.8789488043806626,-0.19367510576168573,1
-0.8076080711040685,0.14541783329893598,0
1.8357045458856687,-0.049825583198414375,1
1.271747920813829,-0.3825218585023934,1
2.007404985987303,0.3994894088251273,1
1.92162249332768,0.1364457929011568,1
0.1025317239023665,-0.053554822727296,1
1.8576351384732872,0.36173611838905273,1
0.4038118457381713,-0.3158203086539473,1
-0.448577681371126,0.8718263287402084,0
0.9616733846176961,-0.6806736730485882,1
-0.44801303276939397,0.9243389248352175,0
0.48998853540913617,0.6935795214798062,0
-1.0038958349142693,0.22215379350984654,0
0.12717426792302156,0.09991946771493045,1
0.02115745661688232,0.3082181037865262,1
-0.9652206052946036,0.46253603161926904,0
0.4829272160647122,0.922635722798183,0
0.37276699690654425,0.9559915328167755,0
0.5495340922358277,-0.31208671015403444,1
0.3680570510777928,-0.41809041233516675,1
2.1395450933590143,0.3439828592380038,1
-0.7004722416018135,0.4598925651902129,0
1.9431753920436283,0.10958526194344395,1
-0.08149447569149433,0.3397374176295709,1
0.9295756993510265,0.014806428144957496,0
0.4778855546723087,0.9296193597359588,0
0.9390008492170531,0.4556985675165339,0
0.9801779074475956,0.16328646606013492,0
0.535832203181303,-0.3042002659561234,1
1.9562669949532898,0.29561612559193257,1
-0.08127222467334187,1.1213100041332587,0
-0.6269921967073344,0.9209026122628712,0
0.9360002742474641,0.1624290406818718,0
-0.35633704939464816,0.9430896536018469,0
0.8391595397326347,-0.5027867844034174,1
1.9219022708253846,0.12200048526129574,1
1.2330369800975927,-0.41862971443914454,1
0.33141601707544505,-0.22284064215474778,1
-0.3913418175245937,1.0072898267444441,0
1.0432218061029699,0.021897947587418552,0
-0.8992990130952769,0.7172538397704266,0
0.667718891037716,0.6444207910671057,0
0.18812128773290057,-0.08838583640446104,1
-0.9841964551071207,-0.06112109095102532,0
-0.9387955603772885,0.08633529673466911,0
-0.019604414462116068,0.18451283611873703,1
0.641420365961174,0.7355454678130862,0
-0.899370669250153,0.5033937027440953,0
0.8384101366179647,0.5090058132143679,0
1.2330821008879762,-0.4449020930476668,1
-0.9898708507636275,0.6300529456641739,0
0.9073570487722733,0.2578488145926892,0
1.757045457396701,-0.4543907728860056,1
-0.35379655279439215,1.0393387872869053,0
-0.3193699972201924,0.8907374409473541,0
-0.8898136124060801,0.7515738233705488,0
0.19753770386544622,-0.010191807521611515,1
0.1351138377432632,1.099084701315418,0
0.2741064758270282,0.7966277987653501,0
0.699875982016666,-0.48309395299597796,1
-0.34664263974043985,0.9290751280707163,0
1.8350818768708814,0.054825844704407406,1
1.798477649425485,0.3039056293844421,1
-0.15628438548202334,0.9842219311906756,0
0.19390994693204983,0.22512556212725446,1
0.12292494320609434,-0.09486959784810575,1
0.5273464554613353,0.8364811870287777,0
1.0441739889387964,0.2165740694844804,0
0.08212919252919748,0.46207938082522604,1
1.4414415104248244,-0.5256814059234898,1
-0.684520280439666,0.7598547924049863,0
0.7940166639708225,0.533810458425451,0
0.7082153953075936,-0.4642699152746035,1
1.597654795649662,-0.37332704977115355,1
-0.4487616944505727,0.9736339489027028,0
-0.9258959643961041,0.3360436847732695,0
-1.0433146564919782,0.3506356747234468,0
0.8628738900586816,0.15954724307832885,0
1.3037828757629815,-0.3562243946247327,1
0.4037050872595507,1.1728221863186832,0
-0.19161819229056276,1.0312897011227882,0
1.9517109585138805,0.32529468893671476,1
1.9615663721171255,0.2256137326796349,1
0.8869468266140182,0.635944042942575,0
1.444443526549612,-0.3245346389544457,1
0.8725897142662375,-0.6070785050967712,1
0.7570609016904747,0.646478717344233,0
1.0051340038384213,0.09771586723664097,0
0.05581773795701871,0.07880690661200916,1
0.640542079166245,0.7906078785948017,0
0.5077641834239829,1.0810043431841132,0
0.12689761632838503,0.35200706330877607,1
0.6704102642763986,0.6317155576517666,0
0.9436993046565748,-0.5322694216577264,1
0.5359563510985853,0.8113531327490314,0
0.8123965461953122,0.5875504597534722,0
0.24128522821339793,-0.17167144611668905,1
1.8043403976557226,-0.3083709291330357,1
1.6022930126201578,-0.42190860779288336,1
1.1091378096142959,-0.5509793254954914,1
0.05205993750580776,-0.0858918631391829,1
1.6011839758026383,-0.2322664076750529,1
1.7867044636940617,-0.13071921706766254,1
0.3428006218548486,0.9050317877936603,0
-0.8721152171879961,0.1020846786220399,0
-0.47791631521930816,0.734123219814645,0
-0.6212032870020583,0.7645956251335589,0
0.5570166241656637,0.9311294481592362,0
0.864639000923118,0.018682856651284187,0
0.3598625898863947,-0.33748293211671343,1
0.5172253321583777,-0.15482499450585668,1
-1.0007176595661766,0.45605812331299994,0
1.7498254610536939,-0.3046604300192137,1
0.34446148668667387,-0.004636091318023533,1
0.7986877826660556,0.27452932341261493,0
1.9414863530095994,0.0704377157045796,1
0.645711739304659,0.8177358779362182,0
1.734571018122495,-0.3997799638567247,1
-0.9480331170355255,0.1514100917699409,0
0.2367975535975475,0.935219496889802,0
1.4063193811590318,-0.3538689997302539,1
2.1652602980393154,0.31626556710116116,1
-0.25562464292755394,1.1033064029725719,0
-0.01663859128651521,0.21895331393087897,1
-0.5196038014832163,0.8427139071654384,0
1.812175727491917,0.012941975554306318,1
0.6341970521498519,0.6309401145036351,0
0.4681570701661023,-0.3724482768720498,1
1.832971767209671,0.03583618649651295,1
1.139946003757745,-0.4724007676872567,1
1.4946862935621306,-0.3997029650694062,1
-0.8182319887958011,0.4508111410059149,0
1.957731440052788,-0.1321617007251955,1
0.3770311833090696,-0.2824622760101497,1
0.037662009420103074,0.01181387716737813,1
0.735375816835136,0.7884768613750235,0
0.9152993731827264,-0.3830615125746516,1
1.5025227539694745,-0.3830862982453892,1
0.7855279134571618,0.5721555021692355,0
0.7297584442863458,-0.45366145683336034,1
1.1706783415856024,0.08774901875512917,0
0.9893021511196876,-0.6084053472102612,1
0.9093832067089178,-0.6601819499389316,1
-0.9515767691481735,0.5559898561663723,0
-0.017132605748890417,-0.09656741874976461,1
1.085279159563521,-0.5217678336116532,1
1.8728974241335288,0.10722036868501031,1
1.3921242176453652,-0.39888657227211766,1
0.738398661263334,-0.6130508257256736,1
0.18748274516513525,0.1531143453926923,1
0.977422748848104,0.31262172381362957,0
2.025406507174202,0.3798224736267055,1
-0.748424565151065,0.497675195852219,0
1.1027395108711786,-0.6695970198960824,1
-0.8307969033053837,0.4330957353604573,0
-0.33470032576092773,1.0013634669110756,0
-1.0586520577067873,0.07156569190676801,0
2.0173357499560822,0.5217242837680762,1
1.061076079890196,-0.4339384907759839,1
0.36872847518300667,1.0733861707339751,0
1.9355662541373335,0.13084027496384032,1
-0.9630269091839103,0.10840042334360715,0
0.12142870450217075,0.946718743646931,0
0.7680953911510963,0.7683129407665565,0
-0.18295233139400116,0.8832167434244833,0
-0.5229372347803979,0.7459102422368908,0
1.3500575755764994,-0.3730651664082181,1
0.14520118963823975,-0.07488930479956299,1
0.978562715411881,0.3697581592058641,0
0.9690139129143168,0.16577305740472087,0
-0.23832769205795246,0.9927878060805364,0
0.42250743531790297,1.0068061474586578,0
0.3088304324300202,1.1805350200711193,0
0.17036926495974047,0.3536576283518213,1
-0.6617958308746733,0.8982913776636948,0
-0.4561196694386329,0.754531214927906,0
1.7452551576374904,-0.14381740054187475,1
2.0403163618177254,0.0823864694330883,1
0.848412825419701,0.789919022935984,0
0.009509812300559597,0.10147865952634216,1
2.063411237904504,0.17149813851353735,1
-0.30985912300086427,0.8782102162369563,0
0.370161925111601,-0.24651367773871835,1
0.3934387341644411,1.0719565491230056,0
0.089477609962957,0.08373195971673358,1
0.666213717633709,0.6744913340948683,0
1.7756954507916192,-0.12965784852647425,1
-0.422140960856098,0.7690884143237515,0
-0.2444928162587457,1.066116862957321,0
-0.42687759180086143,0.7152627952544897,0
0.589430769754296,-0.5430534004690054,1
0.8556585844239765,0.41478823643893675,0
1.5128285888408666,-0.34705587887303374,1
0.7135563270330315,0.44680949172506507,0
0.7984627911723627,-0.451424005040778,1
-0.5295086851229327,0.8094328393842353,0
-1.0440611359986454,0.05739164556673868,0
1.9747474359786976,0.22930260609069542,1
-0.8775682399689813,0.42722673049769355,0
1.7139740758295101,-0.2489296264062562,1
0.6758061641269605,0.6500248006704473,0
-0.8753814052031628,0.26941855425980227,0
0.24452052482970238,-0.12968351663656233,1
-0.1447044886079169,0.8922931924970928,0
0.17681657955211594,0.857476924096016,0
1.6844944148899896,-0.10033791863698413,1
0.9166442959325796,-0.5380264751015893,1
-0.6442160565999024,0.8640800423982146,0
0.6116255877247225,-0.4752425744699915,1
1.9995034938258538,0.5178915107738682,1
-0.04292115895143589,0.09653853731038009,1
2.0368662307624326,0.40393215682070494,1
-0.014728264578549644,-0.038863896589207414,1
1.7372430936232224,-0.27612105233761997,1
0.436653905610096,-0.32952373276461705,1
0.4195408066225508,0.7842934547074903,0
0.05822356821607483,0.5598219809366722,1
0.8518850433556017,-0.42516391462783754,1
1.925691993824107,-0.09903105922277192,1
1.332178788956093,-0.7515661397807754,1
-0.20729165564698404,1.1085721147725678,0
0.8790626293549872,0.3253791679681918,0
-0.5742882252633312,0.7650849719035495,0
1.0504474293055615,-0.4559018381935307,1
1.639363358626857,0.0014919753297718413,1
0.8376626359014394,0.4085675205907922,0
0.863899573106585,0.2132422553234518,0
0.4518712856170553,-0.510571481665399,1
1.7386683664141085,-0.18244768741901002,1
1.122100777585205,-0.48694641536178085,1
-0.07258333806327558,0.9023071638917874,0
-1.0259298683664997,0.11838303092128205,0
-0.5528462951005017,0.8619805646685034,0
-0.835879521504327,0.5787453570356151,0
0.8157560196704168,-0.3407913738595977,1
0.031040294431571344,-0.04769528566413076,1
1.0728813310657679,0.08208914022364805,0
0.6668138716713495,0.7995049159117404,0
0.38384095959539705,0.8024455789995154,0
0.2314578979158891,1.0702808748617632,0
1.6984290913112892,0.03206154247054463,1
2.0622372927767834,0.14128202566767634,1
1.0140997068172157,0.3383044846495541,0
0.05844333528027684,0.24342723200875038,1
0.18145044772622126,0.21359985326562697,1
1.9037329755643666,0.12874311833297922,1
0.3700424177147761,1.0586496346468441,0
0.9924573458799827,0.6221742064421476,0
0.18789817070608006,-0.11524008062612418,1
1.6045283014735654,-0.15923086808765674,1
-0.9975221069385141,0.3046495407926236,0
0.12628613602917882,0.062369353685556475,1
2.0126332019630864,0.07977305056701535,1
-0.0690326481669388,0.036930652177585926,1
0.4088742037137343,-0.28565138262300294,1
0.22317838070512153,1.0031796634815309,0
1.9828228608770435,0.7474887586961174,1
0.9208912388780981,-0.5727967411806314,1
0.7337951988128287,0.9184061900292739,0
0.1893163862475,-0.060969897701839096,1
-0.031984460666327014,0.47933302946348877,1
-0.03775088446385004,1.0694784994266275,0
-0.7745064498084502,0.5002530049744928,0
-0.05942340942110058,0.18775635309860988,1
0.2168445182879328,0.033417060516977876,1
1.5481933228894205,-0.47788336744913995,1
0.04245282599940774,0.10905258035766308,1
1.7127162333368038,-0.23049671931971627,1
0.9103071590868275,-0.5450863225942566,1
0.24008012579764967,-0.21640768663601936,1
0.7020244097323627,0.7521075544168968,0
1.561635959143893,-0.36934699261056037,1
1.2965540838434273,-0.3616158816951461,1
-0.25452548602404185,1.0678397434578937,0
2.011859946217098,0.6660596976556598,1
1.5625103479971865,-0.1941804981024973,1
0.3890737324235296,-0.2870967553103002,1
-0.18806368124855244,0.8804721227416111,0
1.0065926945381733,-0.49244133968664805,1
0.09001385582597926,1.0614110989476115,0
0.05987017628235701,1.1957303216139352,0
0.29425467751922874,-0.06363720306611628,1
1.1661840753619646,0.4409690562361303,0
0.8944573939951628,0.5750592355657629,0
0.3517425111302686,-0.035960970721960056,1
0.10985609872753627,1.1026678825920224,0
0.6343906362675573,-0.47116534194289916,1
2.013442049437963,0.032279461991624216,1
0.7723485184016134,0.5889192088201824,0
1.469232385312642,-0.5061495192971959,1
0.017643556478459388,0.026899776019802736,1
-1.2374070173713707,0.1364495169663863,0
-0.4493702017615342,0.8380855780643033,0
1.7684627132570778,-0.11896783305425891,1
0.4015517548142295,0.8954714424416107,0
-0.020226178843317434,1.0112341076018196,0
-0.7032015170648424,0.6908096837520623,0
1.4966980060453798,-0.30516848568639965,1
0.9314141781970879,0.21831622376959062,0
0.5833478315254245,0.7187316370244461,0
0.5785491692339129,-0.14906517461784058,1
1.4611489865043,-0.39980802275177324,1
0.863011050106226,-0.4312249874060885,1
0.2059914006616657,0.8288619098627585,0
0.8603093134393885,-0.44785905352908434,1
1.5029907664171316,-0.4722992649374752,1
0.5231819197239758,0.8477973261266334,0
0.004336694958625839,0.4438944052952413,1
0.12977970348935797,-0.12866780511970627,1
0.9772687266730672,0.2997105588090598,0
0.9497052785604111,0.24190831460182263,0
-1.1817402093061953,0.09241323095437572,0
1.1519994865442358,-0.5441016363189435,1
0.2842411737418736,-0.1596383498236127,1
0.9310329001602305,0.303925342521975,0
0.8105042256274619,-0.05419104604162642,0
-0.8864819460381126,0.12653211522479052,0
0.6408837963865052,-0.3664834582711384,1
-0.5618320999824661,0.9499588915862697,0
1.4094719889296918,-0.3461398126601663,1
0.9293275896069672,0.10468828593044285,0
0.7069891583278545,-0.27310111578838536,1
1.8775930720934917,0.17069391795534875,1
-0.6856971273975998,0.45396914769969016,0
0.8947593933285596,0.20036726052271855,0
1.2145354408347064,0.16308993946256553,0
0.8709806811826102,0.5410971231797017,0
-0.9561630937533598,0.08814962966137588,0
0.661052869137661,1.0401836788502596,0
1.2274480366320306,-0.038131888491030067,0
0.40911877025778315,0.9515811470457138,0
1.1809607950644334,-0.4560099076175416,1
-0.43624135741140435,0.7947424213668092,0
0.2972314604620223,-0.35158073053998373,1
-1.0428715589449902,0.5032812685072201,0
0.7829996069803516,0.4398732701477557,0
0.7581226418580047,0.7079312577002304,0
1.7106111900731598,-0.0651417026575589,1
0.08308788028400438,-0.22736926149075687,1
0.22907068256579882,-0.009815329046599444,1
1.2983433921865497,-0.5003903150848839,1
0.2556116100807069,0.9409115033684577,0
0.10204073305034887,0.5841572629582903,1
0.9199593562187226,0.06142322677059327,0
0.39161927720365264,-0.28714894210324027,1
0.6547188487928647,0.695593535928563,0
0.5716999593872919,-0.6752675526355161,1
0.14187018581626665,1.0966324867142023,0
0.5956046784941628,0.8146870022768037,0
0.5401613173414044,0.7553725199972132,0
1.5333481007571708,-0.5280830412303383,1
0.6901878871283581,-0.4128663486166574,1
-0.900489403590579,0.4872924922065207,0
0.1275400126869789,0.8778608315363416,0
-0.21786893377846428,0.9208665261739304,0
-0.1474675421999567,0.17825520421929308,1
-0.6215456588078868,0.6259724789188119,0
1.5543054869187152,-0.4993831669927137,1
-0.026551968702819922,0.22700811147555244,1
1.8219070821408005,0.2809418207743972,1
0.8896163604471408,0.26422392824724195,0
0.9452418450611013,-0.3977693178732802,1
1.768268365012459,-0.09834033864818285,1
1.055815091128911,-0.5080491700311928,1
0.5378290586985803,0.9989321413177753,0
0.7268734312772591,-0.3967800136202764,1
-0.9884616299428708,0.028535971916017755,0
-0.6517817093205268,0.6059100034841076,0
0.5095495150853683,0.8591593414288974,0
-0.6582034354501163,0.8269614211908064,0
0.9546756889267414,0.4113098326483239,0
-0.8211493944873087,0.5761152797191622,0
-1.0289971686506147,0.27068059836869796,0
0.9442072531377922,0.3630268869628158,0
0.08965595133293036,-0.14000542367348084,1
0.994321236619861,-0.4265729868403225,1
-0.815916174089503,0.33534078524534916,0
1.834838931794653,0.27812131556538616,1
1.027603022607264,0.28513915051506133,0
0.8027972557507116,0.6338995514418374,0
0.08759588997883495,0.3769040864744523,1
0.6591371924264569,0.8427931869096353,0
0.5342677790189446,-0.2921801900305857,1
0.6445156068990082,0.70462754391958,0
0.36834975640330475,-0.3647441895278055,1
0.9432645824334203,0.11721822880763309,0
1.0014850281600869,0.05830538255962914,0
0.5651710579470375,0.8655632548676234,0
-0.2078718325655332,0.8968873050103245,0
0.5029061319618804,0.9203429153060538,0
0.057699375424369224,0.15403587203803265,1
1.703725378763016,-0.3235194462851352,1
0.24387409549145073,-0.15085614875224185,1
0.17878147631779978,0.13006252993915585,1
0.8782718481701817,-0.6530717738715912,1
1.9676816053929242,-0.12241072628819333,1
0.8982845311297908,-0.31346190787934036,1
1.8621357373495113,0.23827752141404385,1
2.142123876990181,0.06765487662563396,1
0.2943112805018127,0.8404712787643417,0
0.05263175966514469,1.0149004773097794,0
1.566798959384534,-0.2661957625060994,1
0.8324058325664389,0.11655372945887013,0
0.04783736521688267,0.9236471484035056,0
0.1564433923778319,0.12329129748285164,1
-0.9754193058779372,0.13229979808021025,0
0.14270255478643107,0.9757813808830782,0
0.8691210066162021,-0.5443610733096934,1
-0.9301507927229478,0.21668019277279177,0
1.4529302382111697,-0.3945314907514188,1
1.7195550232979953,-0.2453877793355093,1
1.3331171182160442,-0.3939478753834631,1
0.11413313165476764,0.8796253846388595,0
1.605623027829775,-0.2219842631398059,1
0.12770631844453978,0.9847040585972587,0
-0.7441201142252156,0.7151752118832573,0
2.113650571622616,0.42349437693738623,1
2.0055954183917777,0.3830444444762394,1
1.9275730733521006,0.5628079402720577,1
0.8424583644887168,-0.5906298493381094,1
0.855288199373822,0.9162189796076639,0
-0.3815162901624866,0.8211347738354531,0
-0.7068296601521201,0.5778113984293625,0
0.5990467550251595,-0.42073650118414224,1
-0.25818945032973106,0.8543819742409946,0
0.5802973013131362,0.958539904302729,0
1.2722011953868033,-0.5450223557130603,1
-1.1290407860160248,-0.16593771866223672,0
-0.8630553031316294,0.1427514835011842,0
0.46490727813806537,0.939468369733288,0
0.4499640434958875,1.0806823681964661,0
1.7336657138426388,0.1274557122563853,1
2.0256911825948536,0.4838144846337177,1
0.9492030007193213,-0.47716325997542397,1
1.404742188910614,-0.37517559542351503,1
-0.21134059113423587,0.8987757526686359,0
0.5267259491807804,-0.5633441671355756,1
0.8924678896302898,0.3958754740919742,0
-0.727841667063828,0.5224785325621332,0
-0.19604256268778933,1.2432696627475146,0
0.639023050555996,0.6636106794072738,0
-0.062004729232091466,0.4729158942966869,1
2.018276378491752,0.2955619397880066,1
0.8094292688342786,0.555741701431981,0
-0.9287469680335537,0.36483546333133243,0
0.020239319518002,0.23668344564769167,1
0.8495866845381668,0.6658556671381116,0
0.5370317437339025,-0.34768088706230504,1
1.8939569162095329,0.08520292266329432,1
0.3075263108471826,0.8346957364653271,0
0.7797077952084367,0.2295562931730732,0
1.9302405704515189,-0.13950142525594578,1
1.726859539176004,-0.15957325109533385,1
0.08747098989143687,-0.00668158313019606,1
0.3467375527416564,-0.18137888012633976,1
0.013663752462335723,0.9573326286069649,0
0.134086043033152,0.06403592511892722,1
-0.7076627167539054,0.6722091957836924,0
0.24513608477899707,0.9733152873984464,0
-0.14857029308333172,0.3572767762201851,1
0.1120982049757261,0.16792623473172472,1
1.8796204777506205,-0.07609737536199561,1
-0.8760178660196644,0.6947988845221514,0
-0.6235751055576811,0.949879195143992,0
0.08139015914402667,1.095264856043926,0
0.08021645645640584,1.0530242261837672,0
1.7045752549665538,-0.30305144223096825,1
0.65843223268464,0.8497035213058323,0
0.5837640111910792,-0.32262771185333,1
0.7630907500091868,-0.5209487705315575,1
1.9680476609858801,0.3739637840486456,1
0.4576938249930407,0.7275645240130785,0
-0.9131028034453337,0.21327796123307316,0
-1.004536479295364,0.17318964340293885,0
1.3372683026998473,-0.5470115365161541,1
0.495628946593184,0.8112610235916691,0
-0.35492983698565755,1.0020313090197632,0
0.275821955810423,-0.36450512748179853,1
0.1504767906644375,0.3250690687610594,1
0.21032603058033586,1.147755316502221,0
0.4835877550253581,1.0158546664413413,0
0.7151849206635345,0.7401062765148849,0
0.8208605310165645,0.3715856917058511,0
-1.048913521713631,0.4555422959602637,0
0.12789663546946506,0.2225506016429513,1
0.6487862528318863,-0.44061947802795154,1
1.4542212692232912,-0.3492434089617304,1
0.7642893919534115,0.2896297371470751,0
0.07799447717872247,0.36442446971539266,1
-0.32698754674115943,0.9254011701678952,0
1.945363698448122,0.18631607641243417,1
0.7454282768424103,0.47878831635166585,0
-2.020309944540319e-05,0.47282043517010697,1
0.916067033490611,0.20484535694532985,0
1.0520454111259436,-0.4477623656468424,1
-0.869336820068939,0.596882457418503,0
0.2046593100904126,-0.1503562639161553,1
1.2236355478626066,0.0420110871824388,0
-0.6751437740062078,0.5478633391959513,0
1.9443718622705144,0.01875957647221614,1
-0.7599856056997121,0.8298702986492853,0
-0.6876583781883931,0.697952595822861,0
1.1273881234695162,0.0071821873469166825,0
1.815857038506979,0.06109163558806498,1
-0.7372512366831682,0.7096429163380903,0
0.10414330979454897,-0.058537419353254544,1
-0.7438589115173098,-0.0276789236513397,0
-0.9868343165725061,0.20145804353903637,0
-0.8814489752558409,0.026143510171965062,0
0.7957182527670967,0.12345102162772745,0
1.3278644336791021,-0.4065933591770286,1
1.0076591605451855,-0.427070643623772,1
0.20310734431773836,0.057139775248713595,1
-0.3603021787032739,1.0076940957000966,0
0.2843729805042361,-0.41789608685127266,1
0.09569028707261674,1.0246793207931968,0
0.44822362429963664,0.9002718722293098,0
0.5638115263464619,-0.2831992930484335,1
0.22984247506623753,0.7688473211852883,0
0.22647443750138724,0.9762956716945967,0
2.166173239039559,0.4180415057120066,1
2.0292062933315784,0.248756907050541,1
-0.24956552681801525,1.0447116454897598,0
1.9852950521795896,-0.14640700253642092,1
-0.622659146083584,0.8004742976443469,0
-0.8988877445129171,0.29504274014683823,0
0.2916743815613848,0.9763131993928285,0
-0.9651712460595914,0.3611122162221566,0
-0.80812251160164,0.83077031627881,0
1.1598464042337608,-0.6069594922333442,1
1.0223662288666637,-0.43875631768161405,1
-0.9365148676990293,0.32735035956516995,0
-0.030210299206609625,1.0454568287473454,0
-1.0116185642430102,0.1585953081777624,0
-0.16259951163867142,1.131471061767475,0
0.811646129424078,-0.4916989543817333,1
0.17333190226445383,-0.026809766753855935,1
-1.156054104214568,0.45336161957468846,0
0.08890077496609139,0.15097347509631653,1
1.9264010352278815,0.17022651942422626,1
-0.5196340033835511,0.6520584400669394,0
0.6296817876928188,0.6346060550033152,0
-0.35046284999059596,0.919030289133661,0
1.5228690041635202,-0.37089176382196615,1
-0.3231248187347683,0.8292847999467235,0
2.0035555834971044,0.5437434742136682,1
-0.0608758952307589,0.8404454690915771,0
0.11793615133324879,-0.13401747311130913,1
-0.8497898671435786,0.5566784773667324,0
0.18329709893217544,0.08553442609032,1
-0.2415595523172952,1.0281245604365798,0
0.2281484023437635,-0.2819267284644586,1
0.5323536528598266,-0.491609007773569,1
0.4819759255864257,-0.3709205044860729,1
0.9123757496606646,0.5110732062235861,0
-0.6854014599468294,0.8168239471791325,0
1.2804292058226834,-0.40898934574665374,1
-0.16831846702819842,0.9707778878233001,0
-0.27379395045294574,1.006218314343579,0
0.10463212899390095,-0.056795913390016425,1
1.6353067913694002,-0.3864734106069419,1
-0.5675514560945006,0.9223679500962098,0
-0.26691660122906485,0.9286635036816491,0
-0.7977281215850274,0.5295868433326024,0
-0.5695639389968324,0.8355877671314739,0
1.2256268121530836,-0.4415877593653097,1
0.3495975305824145,-0.3109531759736966,1
1.535614126903154,-0.3983990657386617,1
0.04168190196030964,0.49131048388438536,1
1.1484184298689446,-0.44118161867780825,1
0.09327282626045874,-0.18418543218928873,1
-0.8025517978538957,0.38983385572327484,0
-1.0239243922360806,0.3094477008647102,0
0.5412832712187141,0.6938016685809308,0
1.7775524779924534,0.3344537318018852,1
2.053477300268765,0.031082182046099242,1
0.7158385627152548,-0.25672688001117905,1
0.1954196912049537,0.9745634159494138,0
0.9848116517536334,-0.5244674373588509,1
1.009762047718547,0.2517489585503575,0
-0.18477682212224006,0.9949505482220826,0
1.343017459556235,-0.20777277297978722,1
0.9514717833391815,0.23061030418789114,0
-1.0408257558526992,0.33014411688038464,0
2.1739062302387304,0.1347435677483243,1
0.8857913581230329,-0.39105770526020617,1
0.012977240490975202,0.21151996829723507,1
1.0454447410248433,0.03554090367250494,0
0.4691720466292256,0.9586495544720384,0
1.791152884137774,0.018792604408675126,1
-0.005857263571443288,0.28667354753499164,1
0.25113831260657654,0.6208584536768278,0
1.324305881956692,-0.344561046387576,1
-0.2271661834054851,0.794096540235815,0
0.5252171739134031,0.7345655389297098,0
1.9451253861589037,0.10549965061082114,1
0.13131702499861594,0.7412101102837632,0
0.008408849517180666,0.3999910350526125,1
0.12657443411813107,-0.373748154018243,1
1.4384402135141086,-0.28696495971159125,1
-1.0478644789776421,0.530255636806195,0
-0.770716875939102,0.7334164843704638,0
-1.0231903569710905,0.3197053420690125,0
-1.1028983104822054,0.18222308794120648,0
2.098067459407002,0.17904704521886383,1
1.496023287833714,-0.42254726708030954,1
-0.651502343746305,0.784876314939408,0
-0.40402766480274593,0.9295763530908596,0
0.023421560391146064,0.9581427716231955,0
1.570525539967359,-0.2519760907911607,1
0.21609226829855124,0.1607190605615176,1
-0.04242383686136739,0.895611580709044,0
-0.10042079409400646,1.0447873084703054,0
0.9765752594328884,0.12488989060506507,0
-0.022992023455354643,1.0717389647330333,0
0.1130090491036227,-0.09066614973977233,1
1.400051345666338,-0.34835060128298123,1
0.48803460278625943,-0.42212808967129856,1
-1.087597326433583,0.2846106698056493,0
1.8508706351725004,0.09792329529236721,1
0.8271139206765905,0.7117311886985443,0
1.0863277032532517,-0.3386396460458046,1
-0.03944956035145328,0.8629569089224641,0
0.4882820430773332,0.7590686794252727,0
0.5356137117383737,1.0034399588135527,0
1.1733318991694122,-0.6450501986010915,1
0.9466490942561712,-0.676285161330272,1
0.18245073465646525,0.9087882802539669,0
0.6438074046747083,0.6605794300231238,0
0.4150299461734408,0.9154841428922832,0
0.14978397340985478,0.047301677937221565,1
-1.1160311198193595,0.08813291793173238,0
0.8056125946831263,-0.579059789184382,1
1.4106236471541247,-0.6109624592725311,1
-0.16896751788186984,0.9976933030626736,0
-0.2743446601938306,0.8722390351444089,0
0.8123157904663301,0.7863315822786685,0
1.6589770024408572,-0.06813801189262603,1
0.5692181270268589,-0.44968590694046995,1
0.561952774200337,-0.4467080453655926,1
0.9624122770079473,0.5119199111368368,0
-0.1270937506407281,1.0010069046941834,0
0.2675101175645836,1.1009452474365897,0
0.2241523319061388,-0.16558907920441873,1
1.8197579242141226,-0.14012651253051062,1
0.6054036503715738,0.7092960188702503,0
0.166517790453937,0.09527107267684312,1
1.8802510129828074,0.48256571020567923,1
1.9006026253085764,-0.16573131217276865,1
0.8308981650411996,0.5361985739849231,0
0.9235733489785158,0.11821157620495519,0
-0.5003963455029055,1.0998408041642673,0
0.9759117442786828,0.35721650935760657,0
1.869699451705885,-0.028692611066572282,1
1.0307693674904836,-0.43262105253974315,1
-1.0468394306805124,0.26962607773198816,0
0.06143774426919011,0.20590821197118708,1
-0.5369534060139219,0.9586257421097941,0
1.1931083889346918,-0.5362698447777614,1
1.9166363321752988,0.37224453822931586,1
0.3941520435568715,0.8631216390218847,0
1.8230610605174393,0.42618786239703754,1
0.9502844424944897,0.21094788454891986,0
-0.056400279241866594,0.8416008708584284,0
1.4437201818247496,-0.46548644363601005,1
0.7206049000365671,-0.38081413758276766,1
0.32207103118383484,-0.379605868890204,1
0.9711253886740172,0.3071558635734086,0
0.0222257260845828,0.8464360098532374,0
2.1114663121572432,0.4348199012115365,1
0.8597945504010409,-0.5505271584704937,1
1.059689617313788,-0.4789846594329537,1
-0.3628984633071257,1.0827847126294237,0
0.32268714128125464,-0.481076684147263,1
-1.0926712648371901,0.14739460307488045,0
1.6181895930211978,-0.24297713784493913,1
0.6036396012539426,0.8473932782484557,0
0.7770133186268793,0.5753091856422704,0
-0.1897928550627614,1.05155156646174,0
0.30426663718607905,-0.08470144783223055,1
-1.192321178089174,-0.05774699107536359,0
1.5408472475287922,-0.3927816164407285,1
0.6146480501234173,0.6810362670332065,0
0.36059237593266313,-0.12956704193444282,1
2.0207782978568893,0.2022499265445735,1
-0.03704364110933973,0.47279878493019045,1
-1.0135707898112207,0.3053827006491498,0
-1.0888595923219464,0.41349733513149833,0
0.530509510607107,0.8907287452244416,0
0.695516349066339,-0.4978382907444173,1
-0.6080179216282215,0.6454825205952474,0
-0.39570769501063335,0.948231896842667,0
-0.20513194240843505,0.952394418970676,0
0.6826945672855659,0.7918090221191357,0
1.2792655440140774,-0.495819240673813,1
1.9408062952909897,-0.03461815514656391,1
1.8268565747177092,0.10677500317396392,1
-0.7819455414018075,0.7623541296068481,0
0.9747831233512723,-0.04147303662999621,0
-0.6947632576940848,0.85383974897251,0
1.1738602692638769,-0.5931852629590391,1
1.6126472867295212,-0.2904613158724681,1
0.6489438948419555,0.5155368577379624,0
-0.5931145690731993,0.7817588819252264,0
-0.9749364225020771,0.3194104056376224,0
0.13004682470119155,0.9650543413378642,0
0.42648098465697143,-0.24269703421029132,1
0.501120831947881,0.7592143193288483,0
0.7523346743220353,0.4527784306592928,0
0.2812649374725681,-0.1172955509189423,1
0.2389198435762238,-0.22387768136517283,1
0.053883474416755874,0.16495219726956412,1
-0.2706503992151249,0.8930169528125023,0
0.4479002369299236,0.7966101285636118,0
0.8937238753330375,-0.6178987394476249,1
0.20076536145659638,0.9676116049231691,0
-0.9560790168791676,0.251610376892447,0
0.013540330036971592,1.014583970282142,0
1.5918378028373086,-0.3620036151923699,1
-0.4659653103312715,0.8583310914593264,0
0.532708417327011,0.836314173836346,0
0.947596398561529,0.5020582806368303,0
-0.3594561751772921,0.7278546674241487,0
1.239338448614244,-0.36179629583365114,1
0.9628891530839597,-0.5151371115842442,1
-0.031108594239267442,0.1967245443592078,1
1.2603194166624625,-0.4332387665629065,1
-1.1130497792911074,0.05276353297932116,0
0.1626450898116426,0.4750924400668393,1
1.9934481316607309,0.12937045342880857,1
-0.7737027926784046,0.8274696914905761,0
0.5356173095072597,-0.2566619037165353,1
0.8198851803669132,0.45762181914128003,0
-0.2522741659134689,1.0381668219323374,0
1.0075788140521542,0.30184984477622434,0
-0.5158137435548096,0.8499166468532049,0
-0.27296138992172664,1.0163321490012673,0
0.30747441533632275,1.04909204762764,0
0.5420554852982566,-0.5582591525230843,1
0.38538267364674655,-0.17111125254956183,1
-0.1519458282175183,1.0041434574872885,0
0.792386910625373,0.7421598105929168,0
0.19569753824586184,0.12210453083330362,1
1.8169404711659625,0.20423776169155472,1
-0.38616887549683004,1.0548646084199118,0
0.3591596017898739,-0.11033946492473043,1
-0.04190818416792559,0.9088481273782781,0
-0.12431353227603427,0.842792357312305,0
0.051118189927752536,0.39114826671075553,1
0.8352456265675571,0.33416840542903,0
0.22620225987009923,-0.06165324858366175,1
0.5620018709928418,0.7628714132798151,0
0.7004164371528291,0.6283728345028341,0
1.481871593529418,-0.16514552185393916,1
0.28361476489670195,-0.12371784241713535,1
0.5489869646125085,0.8493853142263008,0
1.7044036225794188,0.21792041734609158,1
0.22998444776016802,-0.33343162788019265,1
-0.7742965765105247,0.4865363391221522,0
-0.9821051185481617,0.3175375958545504,0
0.8648537867491235,0.2602844239314047,0
1.0420446426103886,0.3542565116648384,0
-0.3681639847993367,0.9013302841217299,0
1.1073793097340263,-0.5254698222739327,1
0.2091230132182484,-0.253574959830511,1
1.6707750080850956,-0.19711572984553702,1
0.7240491099389692,-0.3570895906806287,1
0.9918192450165618,-0.34132944653813246,1
0.9121470377647405,-0.27100609986229723,1
0.6462408525415958,-0.510240327516792,1
-0.635549786077228,0.6984868779239948,0
-1.1016481361021833,0.09646857523475572,0
0.6615940259026392,-0.3707451384075757,1
-0.8111513021282764,0.2721742605277421,0
0.8714982100237991,0.48076244895986847,0
0.4164228463129685,-0.23147161080451736,1
1.81075121445438,0.10738076936358004,1
1.4279917341121589,-0.3278092294077144,1
1.8393893361975246,0.02620154687511388,1
0.7419497621847424,0.3489945147459947,0
1.8278710791342625,-0.019000865448167467,1
0.9773345742536127,0.666802843014631,0
1.8533062139984198,0.5361664485912643,1
0.7097959781295564,-0.5329985405530319,1
0.050017239608321336,0.5000348475411172,1
0.9171175299265885,0.4669511899088559,0
-0.6324038108782037,0.8725931288035209,0
-0.9777226126011122,0.10657490813561049,0
-0.9439146985981494,0.09996472783430374,0
1.8319335579180513,-0.2959046941683053,1
1.3372358069322487,-0.4897338547973664,1
1.1221456815629436,-0.47334215746284364,1
0.8498742989164251,0.025597553264025602,0
1.9885832432311963,0.45193971876089345,1
0.47514686774952464,-0.37690993578333365,1
0.6313635556813383,0.6245479194535493,0
1.055047892027122,0.25401703310565427,0
0.13024690877544554,0.34647121101959455,1
0.3720715287691502,-0.07192975837549945,1
-0.22517017414063822,0.8176039824409069,0
0.957517504496593,0.19686213963590918,0
1.3805891918399584,-0.610653431712782,1
0.2678624189403097,0.8905020856142407,0
-0.9372392021531069,0.6001717488439704,0
0.5978228921025529,-0.21421579156664775,1
1.0013517377621566,0.2014540775451728,0
0.1489193911007149,-0.14705176078376397,1
0.16053565987729462,0.009629434733066232,1
1.326254568118261,-0.5221684062116995,1
0.07752719679761687,0.9859427668854606,0
0.3948787768467338,0.9154410888607235,0
1.108958280599061,-0.5904377319909703,1
0.22026511957949416,-0.1596930620604824,1
-0.8494017453390744,0.19476426672642966,0
1.2803990924485265,-0.5616030252797458,1
0.6190862643453168,0.8524422699791372,0
-0.4271835251376494,0.8652938474649511,0
-0.4134163967988191,0.9098630165150994,0
1.9140050860296047,0.17878288075017715,1
0.9023992737939808,0.6414323449588837,0
0.5966720632364388,-0.3772181013228114,1
0.8610392620025211,0.48777412543656984,0
1.742403128269016,-0.24928392614617406,1
0.6953726124076954,0.8288970502843719,0
-1.0430993632845558,0.14286701426756898,0
-1.016552954921949,0.621413816698368,0
0.2769695564435989,-0.22687079235386945,1
1.85654180937886,0.03948482534747037,1
0.664734163518727,-0.4161197501161114,1
0.5487384512030806,0.7049049797318739,0
0.5210397296933469,0.9055105103578819,0
-0.5123467812386454,1.0084169084275598,0
0.9661546105247869,0.07072867751610398,0
-1.0040962208433404,0.48488469044954574,0
-0.2427972624250547,0.8168392275660219,0
0.27946124046310666,0.9899284617098999,0
0.39088357055200423,-0.3376705981614355,1
1.4254727233965387,-0.34050667231408616,1
0.454959969378948,-0.650034799771553,1
0.6453728422052983,-0.6384925952384374,1
0.1358823501450125,0.8297516312876703,0
0.13748569161751534,0.4258360775709655,1
2.0145024413546713,0.27970748456050737,1
1.508447198506601,-0.2495747207695824,1
-1.1586207337409062,0.17153523073656068,0
0.4799647340573296,1.0463940187288778,0
0.23019626198386745,-0.16407785728159552,1
0.5600143182279831,1.023512533367987,0
1.2552293234931813,-0.7324385342696361,1
0.02132150034413261,0.42568762769092783,1
-0.48224771597949734,0.9211695395506626,0
0.6892786371117389,-0.5519359067209831,1
0.4267836952024864,0.9827435379460152,0
0.3775639953508128,0.7350930551854782,0
-1.0765558257376662,0.05226034094553088,0
0.9992567527568296,-0.4513257981138411,1
1.2828563857313617,-0.5471495786954343,1
0.63770864347123,-0.26803656833340334,1
1.5897421700289205,-0.3911576437254894,1
1.3913323170399903,-0.20844205449901346,1
0.5794211220939871,-0.5017912302783242,1
1.4690320154064709,-0.33204105882471285,1
1.4092265863340216,-0.16351317453083114,1
-0.4027078570599922,0.8043045356178956,0
0.5977725016306767,-0.11697262839705697,1
-0.4848355772221793,0.9170398010851373,0
-0.8534758597396427,0.24350294795108535,0
0.6929057662928425,-0.5498548046881063,1
0.2675160739823268,-0.2691391058212885,1
0.8989321307016661,0.6111022525909205,0
0.6918459708932941,0.5660299771744679,0
0.8705813020601745,0.22548276333446607,0
1.6490695604139631,-0.006977005418134369,1
-0.3659376562440806,1.0009233384789364,0
1.8110711174125764,-0.2731683132291824,1
0.7736703186477355,-0.35581612832164816,1
1.5338472826159664,-0.20077867939319605,1
-0.6197232650931012,0.9262311488275443,0
-0.591653701528326,0.44157559393736523,0
-1.081894828806515,0.2741770421968366,0
-0.6668110726964014,0.6350163709184469,0
-0.19950367249570639,1.0650734214085038,0
0.4106234308339676,-0.2801220578790219,1
0.4723823366576269,-0.4053474609899649,1
-0.5778386999228523,0.9432491884483842,0
0.4892450578348848,0.7647585794855052,0
1.5294996979180957,-0.2698356817904355,1
0.31303310379212823,1.1649422187889633,0
-0.3012287690198635,1.1009312342776656,0
0.0764306515060389,-0.09283151870530638,1
1.926037551655818,0.022445519152672302,1
0.6584283831419212,0.6870448548839362,0
1.938934556821193,-0.12129710204236169,1
1.4493963378815589,-0.4196748368976622,1
0.7286460334533429,0.975459849564475,0
-0.12241247079135346,1.2124085471913977,0
1.94897713668746,0.15995517657678077,1
-0.7611229340364337,0.7224737623055258,0
0.09851545701985359,0.9010846754877201,0
0.7990058092780491,0.44174835711010985,0
1.0234102428726226,0.4261124091642027,0
1.9841382632820863,0.4454220749199499,1
-0.6834773652550343,0.6822421181985323,0
1.2198218779659262,-0.5151975853785554,1
-0.4189794617058953,0.7260003854241031,0
-1.018325542844651,0.04671332285291889,0
1.8820726163212882,0.047260400193573485,1
-0.6982973684733411,0.4730243285967091,0
-0.9573938471301867,0.4935322603907492,0
0.5968888764731106,-0.3997399610654456,1
0.7869030095610572,0.19917356143797063,0
-0.9364689080016452,0.5047539874263055,0
1.5203931146046439,-0.1971999516722815,1
2.020312325555495,0.47529237874143143,1
0.4853302213593506,0.6640629222479211,0
2.017639842697961,0.24050420782195395,1
-0.731425965181003,0.5547500513188458,0
1.0175177640450426,0.2778244132488791,0
0.3661228451554871,-0.302379420521075,1
0.9843159339275711,0.19613069122717103,0
-0.3795834681913389,0.9688013843117066,0
1.370718584544382,-0.2689014254105612,1
0.8416763011089051,0.6628606968990648,0
0.21647851117292094,-0.026589898351852242,1
0.4665277338426276,-0.4216337259052937,1
0.44756765269588383,-0.38408298326607754,1
-0.44094253336348904,0.9583671383638677,0
1.734334811193818,-0.26190494079585286,1
-0.6268408187892496,0.5999349244977239,0
1.7655641455867948,-0.03767859753509008,1
0.6794377173961194,-0.4519649465544853,1
0.2700377201438449,0.9279767771643149,0
1.6071295038149873,-0.34962416320062356,1
0.1651056547188215,-0.17458739367451198,1
-0.4415302806559898,1.0894768188912785,0
1.795991873093002,0.002764818889242987,1
0.44133252299063336,-0.39088292873893965,1
0.8181174554262298,0.8656741170866151,0
0.07076097890812677,0.10987622679505295,1
1.0143584991769279,-0.5179899688792623,1
0.9501986430743016,0.6015377032428209,0
0.7816757977026348,0.6196287643414614,0
-0.9203082633591206,0.48725747116837737,0
1.8809078047040493,0.6401794921260238,1
0.08042417097512344,0.9234406915073468,0
-1.0835346498819598,-0.01656274967671146,0
1.7143394583052312,-0.1934976008843815,1
-0.023464248520314507,0.1385464642722867,1
0.8088285527465195,0.5038871003509204,0
0.25820138891521477,-0.28747810745489977,1
-0.9504457209292237,0.18421075456300934,0
0.9631978960884995,0.2970013425811616,0
-0.8162408389218384,0.22835077831508127,0
1.698905945918327,-0.3133847766724425,1
1.6266816407144922,0.012334944754191024,1
0.05776856401379965,-0.33169959710766295,1
1.9642714427903183,0.4881345133590897,1
0.26709315655564386,1.0873900993559689,0
0.7733725449731123,0.8180463031434068,0
-0.1464247216289209,0.4573924142292894,1
0.8029897620384816,0.6716949957248505,0
-0.9079010533409394,0.4540816498318011,0
0.3738041012435424,-0.2669820350682917,1
0.4891915712726195,0.648699379908443,0
-0.9363685914688765,0.40700444702924066,0
0.2954500120008018,1.0520783841736134,0
-0.2319433119953085,0.9281989554719932,0
0.9896492972199181,0.09375455412389273,0
0.10200791329541954,0.953981232051076,0
0.06590849256392253,0.48159190272284197,1
0.24039035986899776,-0.12135189122581053,1
0.8917218365835969,-0.48747345947017817,1
-0.9226331196277039,0.3866079248028689,0
0.08384382082903515,0.39262242432260497,1
-0.05897206627309787,-0.0781962974456785,1
0.4767031281404655,0.9595959079936055,0
-0.056404787170922566,0.010557913126130414,1
-0.8890385085969786,0.12202268206106634,0
0.7625097352745728,-0.4909304148572606,1
0.8083922222902339,0.44712654066682667,0
-0.5674015596850474,0.8330475925027734,0
-0.6129073392977553,0.6777798003549433,0
1.108504815176077,-0.5042522815354239,1
1.83646631562117,0.23417810612824044,1
-0.05816915703172523,1.0066140970397872,0
-0.9912324619914066,0.10179312088708045,0
-0.061223111690550946,0.8041901175044724,0
-0.018670330156330364,1.1774633900779525,0
-0.783846979593924,0.8058147199811003,0
1.2223809640125574,-0.6815071673863238,1
-0.12131105734331193,0.30784767710532357,1
-0.0853679894381698,0.25145464520830985,1
0.8034372094134342,0.42071358945874,0
-0.887804001689049,0.22178149034883315,0
-0.19558076629722515,0.5710309161879693,1
-1.1105427492681093,-0.0011134065843209778,0
2.0361367594302084,0.204529370578489,1
-0.19933643883675006,1.0350645375951926,0
0.12631053560756567,1.087349357173743,0
1.8462558584881137,-0.11837737102864593,1
-0.965055545369122,-0.022439459569730147,0
1.1596665690116699,-0.4266744199264192,1
1.9931188194742422,0.11458500284446793,1
0.1644033842891261,0.23463250606404262,1
1.9801019378214129,0.29513234413792033,1
1.523231603944479,-0.3512593685872233,1
0.12627380098307217,0.13805553026980777,1
0.6971181046867573,0.6764646805719949,0
1.8288162361708933,-0.10616545697583754,1
0.11550499033037205,1.0255110663338078,0
0.1071132219211067,0.963726946543242,0
-0.03274723141106328,0.9678486639344106,0
0.5163776213946845,-0.5253101393316497,1
-0.040215923658353595,1.1589805412917715,0
1.6699804330239263,-0.4511767023237016,1
0.35174201337679806,-0.12021250732645403,1
-0.8363229427059052,0.5051998906079238,0
2.18384006948253,0.028610151558099317,1
1.1890201876670996,0.3841064073015581,0
-0.3425788677488524,0.7617395675165117,0
-0.06248934078598223,0.25045295171764115,1
-0.5446983216331085,0.8758808722515181,0
-0.24127132698369655,0.7663669654693924,0
0.9020413868223125,0.5525010073265111,0
0.8464162256225447,-0.5091734325752204,1
-0.027475613666962086,0.3163586119203723,1
-0.8420823679478491,0.6393931518273709,0
0.6314945683785775,0.5799621560977073,0
-1.0238193187291476,0.4974097297098955,0
-0.7378150558196227,0.38797654366235135,0
0.9670165750994886,0.3891795134672311,0
-0.1900131579163331,1.0405640340358193,0
-1.091199530358045,0.3110456628998659,0
-0.7534533978804272,0.785234093967081,0
0.3641627946198698,-0.31406231572689614,1
-0.8878323317845414,0.4836833318292437,0
-0.032916591415962905,0.3254618459949073,1
0.44304058726910045,-0.351087103374671,1
-0.47780232164202063,0.9729129625522551,0
0.0052846891469130255,0.9581868670010363,0
1.2013412157719539,-0.5658761690903175,1
1.1854978873553228,-0.3829850457471905,1
0.692017581316527,0.39361294008429676,0
0.49117117944440136,-0.17103119888562066,1
0.96417359037305,-0.6027265312613257,1
0.115266780958836,0.9873166736081036,0
0.018443412293345285,0.15262841534619326,1
1.651624820176997,-0.22537544817811256,1
1.8789602839887833,0.2687120225635514,1
-0.5792491023101165,0.7744006011279123,0
1.091044325645578,-0.3596853006938384,1
-0.5575049886587001,0.7432838645385612,0
1.0876321279656318,-0.09800198162834851,0
0.3368888193283414,0.9920990208436467,0
0.12730519015562813,-0.309287348402882,1
1.8458675125796467,-0.19177960870145394,1
0.3341824398477537,0.9724305444254647,0
0.035612893101546396,0.36716256730788754,1
0.7746064716499392,0.7909245348509653,0
-0.807637811265017,0.7072587262701102,0
1.050259821488806,0.3414639688221285,0
0.7898043049216942,0.839942252628578,0
1.1613268651883308,0.03170687622983609,0
0.05877213580344505,0.11588041128328731,1
0.352733317193973,-0.2801884518589538,1
-1.0948394494472589,0.39488684746422886,0
0.8214697515147041,0.46638436713583387,0
0.36593700578643057,0.9127140291880724,0
0.7417481876633104,-0.5080195250091156,1
0.5236579294866509,-0.4802548674316899,1
0.37152188504382816,1.0069527072160762,0
0.4254226207559274,0.9867458472614629,0
-0.4843775073833455,0.7700452960728416,0
1.1971761145170736,-0.5512385377556783,1
1.6191416685495923,0.041166584162211584,1
0.6561320000526046,0.6785753966406448,0
0.2302769506197462,-0.11893574650819765,1
0.8060274374077812,0.47538577104053725,0
0.5843310397816315,-0.3536855160076413,1
0.4038514472565998,-0.2308488973471095,1
0.5398291826860561,-0.34811897893640026,1
-0.5545450518161428,0.9078335369793918,0
-0.5052013868916724,0.7935039524889127,0
-0.05620634368280125,1.0811259898997732,0
0.021675616313654174,0.2407884010147943,1
-0.5967628162550156,0.8576656810338011,0
0.9836896245600721,0.22936530943169325,0
0.7287088162707346,-0.2394937003143955,1
0.4494524846736317,-0.48483591180389374,1
1.2253908016615112,-0.3678194475046835,1
1.178650802224094,0.04787840966105153,0
-0.7773660483179153,0.5322744452704156,0
1.9129257651328366,-0.08691237727553397,1
-0.039158413680210905,-0.0013267939905656778,1
1.0970078677941808,0.05875195968157071,0
0.8924767797918823,0.6182722523576526,0
1.7693404074254548,0.1156295433772149,1
0.04025571177006285,0.05082647178934403,1
0.980187485375301,0.2888767275047703,0
0.4675098361081156,-0.15553950937675826,1
1.9357044150408633,-0.1651518348243503,1
2.1156350246818048,0.41978686865534126,1
0.8094798944571939,-0.5910331570654008,1
1.730302256664232,0.4806506345735016,1
1.4417078252095916,-0.1803251212465535,1
1.6926779058260022,-0.3595873570784725,1
1.1723979872089703,-0.4397101186524449,1
0.518999930913233,0.7662123674467685,0
-0.5451040011605117,0.8454394928465936,0
0.9762090457914896,-0.4522852479775894,1
1.079084661585252,-0.09358488762711126,0
1.1907127511717175,-0.3658472382469801,1
0.7343697762488529,0.6732308118933743,0
-0.32698982858359305,1.069373729673305,0
1.9171183324258756,0.09405103259371592,1
0.5747062816787595,0.7598948694611669,0
-1.1569509150975728,-0.05192762427595589,0
0.5160922977594041,-0.44756537343590386,1
0.2981249766894636,1.0365686528641929,0
-0.9461409549410853,-0.02565230234615165,0
0.5989055294396368,-0.3967844647429639,1
1.9349947838777648,0.3008964210362572,1
1.464091619104208,-0.4088649457370914,1
0.9419800960206011,-0.5017625025841175,1
0.34991577972202237,-0.08677406042907043,1
0.6666527830622467,0.8310757644305624,0
0.7255322036957071,0.5627932151176662,0
-0.7113443651043522,0.7700681480366596,0
1.9141415623858995,-0.23130944397257608,1
1.7928799521925967,-0.06671391172653171,1
1.2725706641856311,-0.56198368997997,1
-0.6987792106497812,0.7127453190461546,0
-0.41095512886928814,0.9838348611369244,0
-0.005778420779285307,1.1866822921027254,0
-0.3215945090448502,1.0128086834143497,0
1.6943651706873095,-0.16098054099902304,1
0.06753779443085672,0.14779200393709413,1
0.6685655289534179,0.8003046749454478,0
1.762781009954742,-0.1826355587301997,1
0.9180206542128032,0.7320871068587704,0
0.603789921909149,-0.3265743304800229,1
-0.08546202470565992,0.9887223671935077,0
-0.21926923240784837,0.8989942100238472,0
-0.8251176400505709,0.25475384138567825,0
-0.24775211909049225,1.071041779215422,0
0.45362307698064586,-0.23102787743785771,1
0.16764225439330616,0.9779967452870627,0
-0.04429083643806442,0.06112676766046042,1
0.8373683399094072,0.3152900585819101,0
-1.1110837368073165,-0.07187024555705882,0
0.1939983884823166,-0.224341434612548,1
1.9339163247387077,0.16062043108069193,1
0.8658274109518987,0.16995864848915715,0
0.152275322840023,1.0047310567050691,0
0.2854707657243297,1.0104849570179815,0
-1.0361916866575087,0.020208301017774353,0
-0.4826616628315916,0.9318671130445499,0
1.9901566229127832,0.2022003374107695,1
-1.0134837696263845,0.24401523630699157,0
0.7491253768647973,0.7070336595872737,0
0.7937158771689108,0.2957261992197913,0
0.12920011628731232,0.17197085756106156,1
-0.25969814720210904,1.0819250578995216,0
0.12510841185818325,0.021485897835132172,1
1.7780278345640173,-0.27639514004311416,1
0.8254483906542499,0.5124763069400569,0
0.9008473461300962,-0.5700789132294881,1
1.8869999994083868,-0.02784137545552214,1
1.376229739482584,-0.48852423883398055,1
2.0114056112977905,0.43508855464131396,1
0.7064576271837611,0.8170576830998386,0
0.14757952430487903,1.017097740447211,0
0.2312581433865747,1.0758512858602567,0
0.671585896582226,-0.6310847376672112,1
-0.7762600888366537,0.8465431818843562,0
0.8854093118388879,0.6745237747001643,0
0.867666411784231,0.23956308118035197,0
1.6011391715362668,-0.45302868019314774,1
0.5954569988226561,-0.41233767388253273,1
0.5293886227005705,0.8016389715373136,0
0.9393325496891823,0.3670877748800272,0
1.5306429468009997,-0.3290241262258422,1
1.6645045034931467,-0.11654244127850433,1
0.9529644325508876,0.2532907807251443,0
-0.7169104716821628,0.4291021633436013,0
0.736487544328053,0.4651430614111486,0
0.3133551192947428,-0.4649975327983481,1
1.4083229342567953,-0.3918402842914325,1
1.6781746593704374,-0.34485610815851225,1
0.3538716803394162,-0.1810604611251042,1
1.0970445573216532,0.03281198031514078,0
0.10792271268607284,0.018600576205802844,1
-0.010612507744462256,1.0096704033617379,0
1.115586762612437,-0.4463557337724463,1
1.8788890536102179,0.46834468666033446,1
0.4947898979442513,-0.4476849057446164,1
0.763147964493659,0.5351840746794639,0
0.9193726931641398,-0.4763060146960764,1
0.15610877647823446,-0.05418580750092156,1
1.976590923147577,0.40788737058175445,1
-0.15017431672917184,1.0171383139364834,0
-0.7518436900246768,0.3564253412960017,0
-0.39827358829474474,0.8560185703169925,0
1.2308885115685742,-0.4786664284636301,1
0.8995069837606842,0.49416817761561976,0
0.9776024078410015,0.3294459300984135,0
-0.3004414828432359,0.9374924071881741,0
-0.9970185383590301,0.30514449786940956,0
0.5677234844413355,0.7858912327694387,0
-0.9039020492417731,0.5009776018421046,0
0.006310749423015512,0.3798122045329134,1
-1.0899563639216736,0.5729544017972464,0
-0.7893289961429417,0.3577290266595644,0
1.8641286940410968,-0.12456984427138373,1
-0.0042652551217583975,0.21691721683385096,1
-0.03967593543652423,1.0713556766701302,0
0.04722485768985481,0.4154717011365687,1
1.9376163284062526,0.40962746277257767,1
0.8474820365611613,-0.5035706086383162,1
1.9262378841913301,0.03243146789537511,1
0.3591875753259214,0.9912393052366916,0
-0.004951020657106019,0.5069419231976459,1
-0.7566176500686264,0.7354099416733988,0
-0.5311009557989023,0.8860596335442253,0
-0.2609727066660566,0.9170985001667491,0
0.5407514174407676,-0.21089412903747928,1
1.4133554313861558,-0.40482992559031233,1
0.29300771578822526,-0.13605737041459764,1
-0.08925350378828203,1.0836135930555453,0
-0.6177865980981746,0.5153210300195418,0
-0.8542348487002013,0.43504633564522405,0
-0.9734515886994659,0.281247216115635,0
1.1232644477856604,-0.4563898042845552,1
0.6155618602007054,-0.521109666416795,1
-0.8766941272827218,0.29264598219546273,0
0.4858870617331223,0.8426430879845117,0
0.11490071932722129,0.3712597764011741,1
-1.008064713066069,0.10992623649649239,0
-0.338132789511115,1.0151059794961057,0
0.27233234482185265,1.1334326242325163,0
0.1787476366479593,0.2617125054245157,1
1.6749328632023746,-0.30525338666178337,1
0.30909891848593063,0.8151537162214205,0
-0.8137763548762058,0.49496911897549256,0
-0.4925180790276882,1.0666984205441277,0
1.878410799448774,-0.1388934874747451,1
2.092993921002795,0.2746875188873507,1
-0.485407419559011,0.5539087967642149,0
0.101752058813244,0.025230799197546443,1
0.4732276989989239,-0.3322820538308898,1
-0.0065174378341720796,0.12454592744188267,1
0.5648159582778378,-0.4335938423442631,1
1.1723382679276872,-0.4530043906911284,1
1.0728346941937918,-0.568252948157175,1
-0.33987723257247165,0.9778507892300573,0
1.0880634791412405,-0.34764098642740626,1
2.0193627281531974,0.2586675565820506,1
2.102669787456111,0.5262549567775962,1
-0.4010922136796603,0.9078756523891396,0
-0.7112031789475551,1.0017901971333614,0
-0.9068405195493143,-0.24276122979622958,0
1.2083413558628908,-0.6437746529083157,1
-0.8651552891420445,0.1779734527750627,0
1.5144217547310554,-0.19626169469149193,1
0.8027317685532904,0.77923637036067,0
0.8224069915599178,-0.6079438355536636,1
1.8431363346889582,-0.028906803896255093,1
0.3395022208595721,0.03987854351689195,1
1.3589908490308544,-0.4261549897966704,1
0.5005443563248914,0.9905529159624671,0
1.0611728684863264,-0.400194432442691,1
1.817256038592793,-0.022212155792888655,1
1.9482464242194566,0.47132319413033974,1
0.08240166116610884,0.943647352270017,0
1.9556736915785093,0.41183929512653505,1
-0.38573209784329926,0.9515248884740468,0
-0.565816554701446,0.8847729314419901,0
1.2636494055928817,-0.3206574410703502,1
0.7914786913434131,0.2999118280912291,0
0.38715794295117545,-0.46725025521035235,1
-0.030534458921721352,0.8653864847918614,0
1.2391698528532107,-0.3897460245252006,1
0.25194174328205937,1.183647710505296,0
-0.8376038708783607,0.492645113282618,0
0.9832323217425623,-0.4224116523333429,1
0.21989023119318163,-0.23724831928547913,1
-0.4587693240528308,0.9352696137578017,0
-0.8890873429213831,0.49064009817402,0
-0.9349918980559444,0.2711495523920173,0
0.15930150859322834,0.9079318848663449,0
1.7119992435920717,0.05029844698334854,1
0.02869043175809697,0.31596697474554075,1
1.7224634547785118,-0.3134096141612176,1
1.638286966416503,-0.054810037180014703,1
1.8377787306968254,-0.08899339466350559,1
0.3165972015819089,1.1110470057718325,0
0.8619486527164741,0.6247254731648447,0
0.5634290702261804,-0.2644599463800973,1
1.6907756716098146,-0.1920413318207151,1
-0.18251334284501447,0.8794307696861761,0
0.22427112093989093,-0.2903590798333723,1
0.5941874612727448,0.714779728669066,0
0.2729315014964905,-0.13996290595759103,1
-0.63553433335556,0.6986591948738956,0
0.3033985780880927,0.925001245484422,0
-0.0016727241349061735,0.3857241347449071,1
1.2528640382527707,-0.46661660162992896,1
0.38149108051676855,-0.12473313196009211,1
0.936432288056632,0.539736004806015,0
0.13466920325292853,-0.24171403124055385,1
0.7911305829472969,-0.4202773129845542,1
-0.7794837692786042,0.4265565626783659,0
-1.1955472663386608,-0.12096771398260941,0
0.419185008871083,-0.16445003420860405,1
-0.8471365016329477,0.8954293577331904,0
-0.752010441385988,0.5949874923297713,0
1.904943547856156,0.40672714593441006,1
-0.43315956425385166,0.9015007890221807,0
-0.06465635503302955,1.1613821338036643,0
0.6663024395140202,-0.41169854354877655,1
0.9358931244607475,0.294559276242874,0
0.9964724606690779,-0.42967583306199414,1
0.120786576379318,-0.0267623233535982,1
0.03506843964394929,1.0910861815142072,0
-0.6715309630551292,0.7896656822264871,0
0.6399603142266116,0.7706470266174248,0
-1.037195180256604,0.23143858583751287,0
-0.2904826256158421,0.9199581661039379,0
1.893361770478777,0.16434567675599185,1
1.222005924528221,-0.3735954404433491,1
-0.9108634092219035,0.6196807162410777,0
0.833110524669664,0.7935420879933659,0
0.9444800194622828,0.2785090015654945,0
-0.6168606956211445,0.9441120212935326,0
1.7193924588607477,-0.20237146188422328,1
0.9574039334834562,0.53649640549335,0
0.8047340470268831,0.4443884011470648,0
-0.974020529351606,0.6217972976658931,0
0.37967782238652337,1.043428598766064,0
0.7631969395790125,0.5733217492019178,0
1.7486526197701202,0.01904690443438009,1
0.10217805621598491,0.17510442280852692,1
-0.18920106437042167,0.16927790282325325,1
0.6479836313715015,0.5677815157838721,0
1.9635514505361447,0.18592010748561422,1
0.5423555612098676,-0.48179436070761883,1
0.8838296514180058,-0.5209418592626779,1
1.827270129524927,-0.07022584216943525,1
0.35923947055493044,0.7679100759706028,0
-0.1422012010036586,0.9931088734780092,0
0.2301421365039778,0.8993044949633087,0
-0.6604557359637949,0.6004222864050393,0
0.5857090812755644,0.8638712830928866,0
0.569299623163585,-0.23876988190342083,1
0.4595774436034552,0.8862081677740833,0
1.0924266935508016,-0.28494057237928444,1
0.8026147417462756,-0.5540928200227103,1
0.27566131324027593,-0.27436058655515483,1
0.9828750862785252,0.35415829476169336,0
0.6297475560746496,-0.3054357755708931,1
1.4424642992607162,-0.5301994764736457,1
0.008880547710184948,0.286105771336325,1
0.8311564258043731,0.6218248038169703,0
-0.29741895433365,0.9156952319368012,0
-0.012403910145533856,0.3062110626888522,1
-1.1067159223663618,0.2152949971772328,0
0.2510245984470592,-0.06998218792203975,1
0.34070508347313555,-0.16391928665417724,1
1.6069647954673763,-0.35615189829314153,1
0.7137967489967716,-0.31745433043136584,1
0.10368442864108433,0.2736145678061065,1
1.561230449292043,-0.3885362162560378,1
-0.48966541035531463,0.9523934698719445,0
0.8110420237985154,-0.25862213061940853,1
1.0564095431722063,0.03323416631880008,0
0.9012262057718837,-0.39422718301496507,1
-0.8333471851351307,0.4469114738193887,0
-0.0009081788228674226,0.25575217152465635,1
-0.20147103210770867,1.0168403582261933,0
-1.0045229416146844,0.6930870512460651,0
1.7762354963286737,0.029979166591493786,1
0.7437513489190858,0.48793188952295585,0
1.4778845691068612,-0.31096360784757376,1
0.4571300078455441,-0.2990586802826496,1
1.9156850848975933,0.2048139349308984,1
0.42108436276325223,-0.17386173561279836,1
-0.15519812205464795,1.0994591018441664,0
1.1374611359482891,-0.5096331185214606,1
1.6492887670740908,-0.3805145516580117,1
1.0872277935882437,-0.32900667632722946,1
0.41414260009848797,-0.37721289596870355,1
1.853131515431911,-0.04481333505485066,1
1.5628075137124307,-0.35423040602518496,1
0.6107759971634062,0.6398447792266065,0
0.38597887724571067,0.6895776164716785,0
0.7252754446034645,-0.3202480882052326,1
-0.6414257997467565,0.8823737491196064,0
-1.118418597183532,0.29860685790370806,0
0.24038454074516624,1.0390243498377543,0
0.1684543191590335,0.8971400847221609,0
0.933766607298894,0.45908078438727573,0
0.3278335323575606,0.8892779880343203,0
0.08986972169790125,0.4123113439260486,1
0.489006324239046,0.7676589237613052,0
-0.8689844201111733,0.19475499008036695,0
-0.10209713832699208,0.38407990961868516,1
-0.515979103691407,1.0052093092216283,0
0.9871719847501963,-0.11632821712457037,0
0.41355108438735777,0.8259929927847813,0
0.3105460081175159,0.7009601896882603,0
0.04943630413495348,0.953278855496645,0
0.4730093471129149,0.9556761887436693,0
1.152860787642425,-0.529082847910758,1
-0.922459137268006,0.46543945598128605,0
1.9463305133227642,0.11053210551115757,1
1.8271464508889588,0.09200754101701555,1
0.8618788173560581,0.3679151205023411,0
0.9995138613877567,0.18756298129141186,0
1.159673616385438,-0.5628849851049299,1
1.4500864348730231,-0.26294965687415667,1
0.7136551070933465,0.6878105724450215,0
1.7488566810538293,-0.2117496966881291,1
0.23731570728264276,-0.2078771241386261,1
1.6355136464961513,-0.42312202923987846,1
1.1461414708301374,-0.4846274710786632,1
0.8191187889307203,0.5819846023829297,0
0.739024138923846,-0.24534276076419365,1
1.9254107140344827,0.0162287418575972,1
0.6001909628125216,0.9487847275353812,0
0.5139667587610554,0.9156847544108776,0
0.2948688003947687,-0.21875969306742493,1
0.5473641653381525,-0.5010569933297744,1
0.10118464191272343,0.061251465101616456,1
1.8287466599470708,-0.19781264784672825,1
1.4469079859637914,-0.5920822116162467,1
-0.612708486056829,0.8333016521820493,0
0.02675747453239513,0.9357552567729006,0
0.032025352428822804,-0.12793550006318313,1
0.9672087633757971,-0.07718324365453709,0
-0.13638462284957453,0.8182255202656977,0
0.1697995488314971,-0.028137803164552083,1
1.9218400601438868,0.30855183349066967,1
0.32537897018107975,-0.26648659318531015,1
1.1119195191663171,-0.7096056594092418,1
1.9759236439391377,0.3345874955432792,1
-0.8020969275582432,0.2971792826477018,0
1.5768992658341332,-0.27184558826384875,1
1.993338930009356,0.12127312704354372,1
0.7838443013765614,-0.5026687936773829,1
0.5205998940203358,-0.3590995258686215,1
1.8208519747747312,-0.15377544060919746,1
0.4753142055313828,-0.33873046562515313,1
2.0533526773266315,0.3970042094901131,1
0.7426891902810114,0.12389564844161759,0
0.16226265161221576,0.3176927295718318,1
0.5066217349621851,0.9221712232718824,0
0.7427163461027123,0.39277092542635017,0
-1.052456481097326,0.05927992234343888,0
1.0901379278702523,-0.4788683051850873,1
0.6525178344865761,0.8570058300559978,0
1.7534114334941746,0.03942444010226921,1
-0.9302195453637696,0.315264523825486,0
-0.42114592467940903,0.9450854402895309,0
2.0271211061911067,0.20731189850001167,1
-0.8342603844435791,0.5947412347451814,0
2.0073472528726843,0.4601180323234794,1
1.5352014707688122,-0.17714567027214684,1
-0.9878966340128448,0.4098149918861337,0
0.8204918212053391,0.5436007160727729,0
-0.8924003354568223,0.22572169832721065,0
0.9175606340413552,-0.4014199690837103,1
-0.726077161489205,0.4569467165454387,0
0.05830190945047789,-0.0034940851327833547,1
2.0436642803010328,0.07464456673249378,1
-0.10719431356016063,1.0452610891493443,0
0.1507067116476748,0.7906917217490692,0
0.04996124830490001,0.47847303640005107,1
1.6596311904634948,-0.10153764383855471,1
-0.8874545658685581,0.3986039501628303,0
1.6170841267828633,-0.08828934717588655,1
-1.0628552019080946,0.6426221557599605,0
0.2184996602000721,0.28343099829591417,1
0.5568157096932048,-0.28409018005628106,1
0.8117841297182875,-0.4913640008199413,1
0.8552996883697231,0.1336710187657375,0
0.18936501269658243,0.9804540895163334,0
0.00315739700631823,-0.04730395419905099,1
0.8764598434121325,0.37802685329406593,0
-0.8347779953936103,0.38606118026445974,0
1.8348978523056647,-0.20244965158753458,1
-0.07700650974483257,-0.008018896380168394,1
1.0050234272016498,-0.3543719195481555,1
0.4875534209414674,-0.22565768655562418,1
1.3445463710403063,-0.25427734398847307,1
0.6218328598133301,0.759899484250513,0
0.5519896827222649,0.9637754755051432,0
0.5001470541260076,0.812110653281361,0
0.7768058802578989,0.2996989492036663,0
-0.22609583297035069,1.139101233751079,0
1.8746054456095105,0.09035554952760166,1
-0.6762899470183421,0.7803389021911161,0
0.1861485720957923,-0.20330584609350238,1
1.696422929280733,-0.15788472424712638,1
1.0548967473905246,-0.5178588113350822,1
1.3648435410081592,-0.5027526199055633,1
0.9810641701931626,-0.533308070702125,1
1.005529497734691,-0.011223390286193194,0
1.1239649663310305,0.0213289336922488,0
1.2780566622845178,-0.30916770066070787,1
0.8432648107709305,-0.42223791016706935,1
0.6270395673818971,0.7191590636017675,0
0.47648041531821395,0.9158931379431683,0
0.7426865966581949,0.8215943612420491,0
0.5840482222211637,-0.29183116157612826,1
-1.1079054319331803,-0.01705558443684531,0
0.14197921570635377,1.100538353186672,0
-1.0880691513786935,0.3623857002209422,0
1.5829525797719843,-0.37494924310659705,1
0.8228395218278819,0.18898796779165367,0
-0.08360123696750038,0.20861298037723286,1
0.31975722855346445,0.9998407175108994,0
0.9244600966529126,0.0325404258519687,0
0.3115547358080257,0.9920010171538332,0
-0.9573244432658895,0.3530193205764136,0
0.9438421490676125,0.3264027353529971,0
0.030747347991267743,1.1084162537782947,0
0.31628810119677675,-0.3715812696558532,1
0.8081539676703062,-0.4382094100918507,1
0.897753147179396,0.7708587808932363,0
-0.6137057946760449,0.974071453240655,0
-0.8671661799098592,-0.013701944238134284,0
-0.0037134868215235456,0.0825438739019777,1
0.20673889647738214,-0.24411498092310457,1
0.9697871879382787,0.3461207574286504,0
-0.8253083990837382,0.3041580271042981,0
0.34550273058465164,-0.23654851558177142,1
-0.06333115705771945,0.8211837782733922,0
2.084890155313393,0.34749457398297123,1
0.35182216423762286,-0.16687912030378171,1
1.0519551036779926,0.040534243146544705,0
1.8114464536715793,-0.21835995749806925,1
0.4223190054246016,1.1940089903637556,0
1.2229981652722082,-0.6728631405865424,1
0.5709102772626995,0.6852840131101853,0
0.9958942084921422,0.11019766066264775,0
1.6131949653247275,-0.3470069136155771,1
-0.4804629934280239,0.8031807615019685,0
0.3906996645620321,1.12972001975175,0
0.028708738651761198,0.055161479423247006,1
1.711228756605706,0.18502900154211543,1
-0.6550964919128306,0.6602726525095008,0
-1.0770031164441096,0.435652600489823,0
-0.8444000118090216,0.05442888280335323,0
0.06583769975810552,0.4717588344358794,1
1.2298660987940822,-0.6050794298520021,1
-0.7351006940617265,0.7389934671037701,0
0.8508466712573902,0.3819337198778708,0
-0.7975431437602797,0.5201686026748904,0
1.9260742483213662,0.3409546229451247,1
1.0870301335175487,0.16497802520280574,0
1.0068180885674154,-0.46738243312832445,1
0.6386110402907379,0.915691329802902,0
1.1563064853256322,-0.4284692819606535,1
-0.7215203291026167,0.7811985625676124,0
0.5537329945594565,-0.2592208305076533,1
-0.7058506985569706,0.2508896841310642,0
-0.5032454361425182,0.8335645007361286,0
-0.6631765304901468,0.4984893824022451,0
-0.9498643005321908,0.40870219232357835,0
1.7916099642858119,-0.09825847052482159,1
0.34428803385622253,-0.2171266672817841,1
1.310163909653897,-0.2962467184679437,1
0.7084770236165332,0.6664435878990036,0
0.9259642376479252,0.3052603635499872,0
0.15384661481141537,0.1192445182603525,1
1.4441580785039487,-0.38607417528445404,1
-0.6746696731336393,0.8182590724623233,0
0.8329289513951735,0.3106117589843908,0
-0.8108903483067228,0.5210096810032441,0
0.03790192218677611,0.7527393424914032,0
-0.9654399957647718,0.30596981344239715,0
1.8037588264570763,0.19424117607760386,1
-0.2602867362370651,1.1340167415811875,0
-0.5993603049322256,0.6840393250911107,0
-0.6390394548033407,0.7349436283828643,0
0.7073903010425526,-0.5279118832919546,1
1.3328682261328322,-0.5419397575858537,1
0.8594769642776077,-0.445317688138552,1
1.6833180058449548,-0.3528807145366644,1
1.8537924065128613,-0.1341647106199876,1
0.4819325866617054,-0.4010289724684726,1
1.7306835923361332,-0.2798890717524471,1
1.253915538052534,-0.5087876767576353,1
0.8984719340899912,0.2669451371325891,0
1.9897937785087556,-0.045666698934296104,1
1.807359572976977,-0.1727887516763126,1
0.6494831569208248,-0.32796210174504786,1
-0.03121853231888004,0.24118442826252806,1
1.561767079836866,-0.03805160506018465,1
0.16012720010661746,0.03825048359696681,1
0.7056895360796667,0.5965460397659951,0
0.900055970265825,-0.5632012221798204,1
0.44378511232154855,0.8691571390140844,0
-0.5285888294942731,0.7171134873570776,0
-0.6284374528793473,0.7608658589190604,0
0.8839363919393992,0.04568038914977479,0
0.3529033036858378,0.7638626008316773,0
0.48912743352898597,0.8789022528512835,0
0.6592427344042266,0.8348897966128059,0
0.8369395317363961,-0.5309816979143669,1
1.793099476991077,0.11745926771686174,1
1.0296295064583116,0.6664519535205804,0
-0.443409916255027,0.8458581550792914,0
2.0409944006354217,0.45002594834316945,1
0.599292495872103,0.9291487520843758,0
0.2402743578498992,0.03858335252006084,1
0.6484736266601571,0.9720320004494901,0
-0.06359864784488065,-0.02325309932060513,1
1.8749868557898055,0.35193981673856956,1
-0.9954403339794553,0.7883183209733129,0
0.17229848743568188,0.8565530154107093,0
-0.9289183895049851,0.22659749835118376,0
0.24680848296377472,0.2716170259850218,1
-0.048193689212434776,0.5282800075775862,1
-1.021196002818205,0.20064428962469802,0
-0.9267240942023921,0.20650545125518788,0
1.4113664796397716,-0.4267421008744154,1
0.19128450961627264,-0.13378331280016165,1
0.15982535566882272,0.32866420669128005,1
1.4374061127103241,-0.18888222988988962,1
0.37881941021689364,1.1283248438438416,0
1.4766202167343616,-0.11491023092495878,1
0.15865755878467536,-0.005078628872959623,1
-0.04780650645624461,0.11529211828258973,1
0.1974589754080357,-0.31033022022624007,1
0.17716879866090646,0.7032700843487882,0
1.1547931897966928,-0.41996802556072094,1
1.9101067058683707,-0.08982215401323966,1
-0.630757666542825,0.588219637104513,0
0.6765824859767832,0.6732918631544098,0
-0.533433003760539,0.5842586466137358,0
-0.9719770658804042,0.25957490402135575,0
-0.7323164699713471,0.5874028576296014,0
-0.059812174170934,1.04899634076908,0
0.7504428912363356,0.693672283025789,0
0.5722957680045531,0.7996522290903088,0
0.7424034170357868,-0.4635996110705083,1
0.838288508333823,-0.309525777411653,1
-1.0581977359048993,0.4330898480852288,0
0.08366448435561519,0.14204651486854591,1
-0.7841595955165636,0.09255159647088412,0
0.18305613424217995,-0.04079182105362073,1
1.9746154411013916,0.10478776864136659,1
-0.8134793036866903,0.4712150235393404,0
0.15391477918966168,0.1858432516609253,1
0.6165448984549823,0.9356143629028804,0
-1.015411553936737,0.11234076219300664,0
1.113770456420304,-0.6897190092352352,1
-0.7822175996747024,0.6614677318790881,0
1.8147015616886348,-0.15239247876170023,1
-0.6133638334520923,0.8612518271018901,0
1.4968239771496197,-0.2427751982465272,1
0.6829122682511741,0.9255272490598383,0
0.9718207150029554,0.15081574379310525,0
2.0058580788616154,0.35054792651305616,1
1.1516911926906641,0.5839251719677192,0
1.282807776070635,-0.38917693215126903,1
-0.996871459505739,0.3538669491410379,0
0.18828282479517539,0.11598264855428947,1
-0.9925735246125891,0.18448324081111778,0
-0.8725967515530715,0.43479778110905315,0
-0.7708411138166616,0.964873350595047,0
0.914542138871926,-0.31407548021792464,1
-0.11728971071243971,-0.014823550486432718,1
0.708837166225867,-0.3668734730385569,1
0.01353060702115813,-0.128476030102694,1
1.4004181642380746,-0.46298962750252515,1
0.09844789781603386,0.1770083416185898,1
-0.606010672103032,0.9011970650965451,0
0.879187987014131,-0.381520854308516,1
0.5526526905051948,-0.3999556992836817,1
1.0587542514109696,-0.5489419536316048,1
1.3851634127020402,-0.49588746264236777,1
2.032913675597656,0.04922282320704982,1
1.8453430360005418,-0.019520654441790186,1
1.04866004332418,0.4978072643664591,0
0.09706746732129924,1.0203797187120962,0
-0.7538922934405322,0.9573621510058411,0
-0.605166853110109,0.5523831555944362,0
1.9931693616995778,0.28349546155815786,1
-0.44061731995332004,0.9413888144032712,0
0.8239203406582659,0.2711319232796747,0
1.612483872324844,-0.2217378098701722,1
-0.9045564082860622,0.07919003346305116,0
1.4499955305600507,-0.3695446177135323,1
0.22786182468491423,1.0076000811358539,0
0.46956909969004207,1.0895144320412709,0
0.8342398630312068,-0.6018452368639723,1
1.942578194207697,0.2513140317277771,1
-0.5562376650420578,0.9598804999109697,0
1.0857567760870386,-0.27613512309940336,1
-0.946785217075674,-0.024172370623886733,0
-0.8429106700766605,0.3911159692970933,0
1.4055076937314004,-0.426049295619442,1
-0.8916350908951516,0.28911963251920403,0
0.19855290226490313,-0.1394970689898603,1
-1.039571263745796,0.1608065856325675,0
1.0121263790476762,0.23319261938122315,0
1.0422197775351163,0.3572230865367918,0
0.21853668476757346,-0.21320376746136077,1
0.11269404439979654,0.2976886517259931,1
0.7480961667957937,0.7988140058659505,0
0.3150114728057941,0.932858199038607,0
1.8742000739949136,-0.11415845125862904,1
-0.7947024406838895,0.721296169622319,0
-0.9369525643920649,0.14248255128309,0
0.846466669388293,-0.36418742782823255,1
0.680154584258086,0.7354712733225752,0
0.7647227633207809,-0.4909622318499299,1
1.0400664273676603,0.29515177515091545,0
0.7363637027969386,0.5606779688432058,0
-0.7363564296659758,0.6807135285818549,0
0.5496302021451531,-0.1647148158873647,1
1.6655409889551276,-0.3620074608461336,1
1.0393963071829286,0.12188088118461929,0
1.917717830742384,-0.038923299764271266,1
0.3021975288468323,0.7775819625297905,0
-0.31390495031952925,0.8591278055011914,0
0.11492006766483116,0.18378238165671418,1
1.1299831427013776,0.042990273462182774,0
1.1635021653919462,0.10521462952475771,0
0.2652380798048684,-0.12540360697249406,1
1.6716190172026015,-0.16462294163882446,1
0.9332681909849003,0.30704206872929524,0
1.8983909039893927,0.4165504038075192,1
1.752349533032819,-0.09427322179471484,1
0.33378445359917186,-0.35556448072292773,1
0.6141703932169027,0.7920846326507852,0
0.5820086625524143,-0.5234610555498963,1
0.17644028136679582,-0.09607789242242651,1
1.3778669743976826,-0.44111993521340565,1
0.18819085371425476,-0.03612274077973403,1
0.10488802578283578,-0.06198453267502181,1
-1.1481547115722155,0.23734465187457404,0
0.9593964003380775,0.5235390569499544,0
0.3440640322582624,0.858125932155795,0
0.7526679583579742,0.43119223071635504,0
0.1167015773116172,0.07621322992890511,1
0.5802326485176951,0.8548491829984418,0
0.6462391138927155,0.8283877830414762,0
-0.3507559495333117,0.8906841206271984,0
1.63606810971799,-0.04519325874203406,1
1.0970539065485405,-0.46452635915191565,1
0.03989311207998962,0.3623531640091304,1
-0.33405899426888125,0.9019259772827773,0
0.24880575045149522,0.9647952480935403,0
0.24446197894408353,1.083783766864131,0
-0.8445345100638508,0.2839231656400032,0
1.6737287033234909,-0.2648812032563989,1
0.8026944410662121,0.5029547453991193,0
0.05209497663509065,0.5786336674191537,1
-0.8532869231078776,0.3052732664333526,0
0.4877536659796566,-0.3105508342353926,1
-0.8823161519504353,0.29323880088511073,0
0.2292413022242163,1.0617585230275337,0
-1.0024841638553943,0.4001806272681476,0
0.24573086428770738,1.0614191785300704,0
0.14402832709680446,0.0682794057599646,1
1.08941315899989,0.26131297873715165,0
-0.13087319855821955,0.9172281765952349,0
-0.9686362236568358,0.16842656072911344,0
0.005854487841074035,-0.15609019764403273,1
1.2712683517764385,-0.44694925769381155,1
1.1759282167063672,-0.18947613934356888,1
1.4864716010915218,-0.455997771646838,1
1.0460001277317634,0.15319175765485096,0
-0.21919136845353596,1.0779187508172992,0
1.4921112108909464,-0.3321989143726579,1
-0.2852318484451589,0.8657692542043629,0
0.5903475399963598,-0.44920279043938727,1
0.46630997580824307,-0.1457636927436172,1
0.5688509356460283,0.8048523638406778,0
-0.847795340113794,0.3520406661088763,0
0.9945486096107492,0.349084489057164,0
-0.8579718569991865,0.21247139044640606,0
0.7181947771643082,-0.37711421948568447,1
0.9300758316744442,-0.4194780750510859,1
1.482755341348975,-0.4776621805979851,1
0.8058574586969238,0.9058092809716447,0
1.1605305158886292,-0.6865485933533145,1
0.5379105028857558,-0.4316831684367876,1
-0.7938878470967349,0.656030124285253,0
0.14141907074189658,0.007326753987583125,1
0.14313076838774147,0.82804904327219,0
-0.0007261843036130144,0.9545141419399336,0
0.7600196969220737,-0.5310517401946251,1
-0.7652023417728041,0.855908599079734,0
0.7146367091776443,0.6144639525961488,0
1.5945882808550649,-0.49949067624782606,1
-0.1679513783626846,0.8269890221757883,0
0.06359044154439723,0.3719318233462461,1
0.4036859517208007,0.8932432704582429,0
0.9084746899140705,0.23924281856395438,0
-0.1412816144377356,0.38457114168915496,1
-0.7959050840808557,0.589952309598566,0
0.30168843527157996,0.90584729525553,0
0.48349169085137345,-0.5051667095120965,1
-1.1499004203329364,0.1543881590887447,0
1.0220567828729727,0.30164519350397856,0
0.4393515509088247,0.8691415943065984,0
-1.0684829969281964,0.257697851300582,0
0.39606262274473425,0.8908349046798922,0
0.6338380422551307,-0.6023770991449053,1
-0.9825940059199828,0.08252757931972811,0
0.14274001723639151,0.9870939467668507,0
0.6600136814370025,0.4784446499967001,0
-0.45953369623266516,0.7319359745323367,0
-0.6987296479606032,0.8231609773538792,0
0.006421457407517623,0.29246097901738644,1
1.0901667522436338,-0.5193480383322387,1
0.7398907271831829,0.45692826598278746,0
0.3704555685484342,-0.40755468260358774,1
0.22374375590341722,0.8791645374938696,0
0.07654731844912675,0.030023269083032544,1
0.9950150627523501,0.07742426889411938,0
0.7005523985958945,0.7469774496548244,0
1.9072289228228574,0.028904296129552184,1
0.42295164282090886,0.8789986281113037,0
0.7405645316247835,0.34974958866323,0
-0.6209988485377181,0.6192731715555307,0
1.7209059175486494,-0.16618909448734337,1
-0.9388965819506363,0.29224122283657805,0
-0.013370652349612426,0.44936837936228663,1
1.2926598491093193,-0.4196504874867648,1
0.5771357072711598,0.8855985927251322,0
-0.7241859892144968,0.5151765409545926,0
2.0453866978096475,0.11217666887582983,1
-0.19730294809728244,1.0555963337433472,0
-0.5235330128545086,0.9138619138939367,0
0.8669356846511495,-0.5787830518215755,1
0.6112256821116995,-0.5578739024314721,1
0.11551257221851403,0.5244914001103553,1
-0.722084911081902,0.6802932899758681,0
0.033161809182280726,0.9091188390021852,0
0.8738451509677542,0.3497414014768825,0
0.10430056461739878,0.444207291556719,1
0.17393378142807106,0.8774216985412036,0
-1.0024115891446128,0.24959377103056496,0
2.0740335677405928,0.24077167126593435,1
1.5942281035111554,-0.4783839961740546,1
0.8714124893753052,-0.3678244731582865,1
-0.8101926242917067,0.5188498239014878,0
0.4592870172892787,-0.4828004910076703,1
0.8818576653526028,-0.5127287559060246,1
0.7762399548843645,0.7839452417929219,0
0.98968516907006,-0.5594725425111899,1
0.3103017969795969,0.8698928245895892,0
0.2819695905189488,0.9689900497875884,0
0.04809168643901002,0.28291279719414036,1
2.0105057420193857,0.09282148723456667,1
1.745554199148406,0.08722334879961699,1
-1.2126638244112682,0.21499559838432136,0
0.5805950797566959,0.909965288909281,0
1.116815621447981,0.28563652567528075,0
0.9372759955137647,-0.45856831609398857,1
0.36890126549715646,0.9841981247337748,0
-0.9097222319692961,0.14719834931442777,0
-0.916827563096722,0.2220511563406427,0
0.7275211989332221,-0.42038534988908366,1
0.6571325065513736,-0.2943634945205374,1
-0.9919717216973629,0.05214983518207687,0
-0.02606817526717553,0.9597395631950643,0
0.44470680917041705,0.9834924240493728,0
1.7376829457458076,-0.20718330993184497,1
-0.12151160399323867,0.28744263907123124,1
1.9246943228004203,-0.010773382010112204,1
1.958360402720271,0.2782161286387279,1
-0.9943845367936359,0.48972755269028,0
0.7565471993190775,-0.3266257609335368,1
2.0727066119130773,0.28084033604848846,1
0.824035563560307,0.6920202778086472,0
0.7654238938291277,-0.35003869925936626,1
-0.6856505924295999,0.7168314552469998,0
1.8574217296795406,-0.09533854925193162,1
1.12078770383281,-0.4422149641654413,1
-0.6453928794291361,0.9014152082950657,0
1.0156642188555485,0.009591329822030856,0
-0.09732958900656094,0.9682530050913731,0
-0.10859782555711375,0.06771391511206142,1
1.8944047071911365,-0.19918370211764125,1
1.071306127507225,0.1208698341114717,0
1.5432534482670628,-0.46952815750084836,1
-0.8554210847186623,0.5294242458845033,0
1.6650316130374658,-0.1115958588973027,1
-0.6606436626545907,0.7483012272521493,0
0.48272940933477443,-0.550682710771824,1
-0.5278167977093278,0.7511139173984045,0
-1.0422980369848136,0.5132843718774399,0
1.2806973282644405,-0.30457622520913563,1
-1.0749503542006085,0.2123197976235216,0
1.0214104959220678,0.42600822087508194,0
-0.7307314667651906,0.8337703622234571,0
1.702059418563207,-0.14943877714997672,1
-0.3817550894501669,0.7713528990484497,0
-0.14589848556744833,0.9504478569101495,0
1.0091043436079519,0.7793019610728715,0
1.999178620539461,-0.03911461089379453,1
1.5910606280628763,-0.11783539445835124,1
-0.9425075196989461,0.5005686740700523,0
0.17816990633714147,-0.1596564716886046,1
-0.42532120118041744,0.7035847370880755,0
-1.1478803577428458,-0.05185157858005357,0
1.774511088823329,0.09344838970618222,1
0.09925744392245807,0.209870733340547,1
0.1732478672883285,-0.029016165325768034,1
1.6312763422518681,-0.1882970109079028,1
0.7576076517845947,0.594306235862336,0
-0.37806414020038437,0.8784694276581004,0
0.6158832995125167,-0.39205847445458825,1
1.8607870945703906,-0.3145603830027347,1
0.933652831048153,-0.4511561203633686,1
-0.9975846548221605,0.10670520976604511,0
-0.9362857672668281,0.1402579081142139,0
0.7264017985428762,-0.4133043825780337,1
1.0962115089463242,-0.6598249193359174,1
0.7973098010623718,-0.5043135607494471,1
1.1935722129667616,0.10919890081930286,0
-0.9779531744216637,0.10783161438786815,0
-1.026401639073747,0.3211984807364767,0
0.48385351740252147,-0.33696137911009993,1
1.9491019514012553,0.328239776212771,1
0.6632379352729177,0.6405266652009707,0
1.974702863701307,0.2565731401052945,1
1.027965989039165,-0.45815132376801415,1
-0.09314190457810037,0.3309454932940685,1
0.03552854801149921,0.3706212047242785,1
0.841067227647291,-0.07017478934077795,0
0.3176881397693768,1.0132773549849126,0
2.031366442362914,0.4887928504828757,1
-0.1149839144702071,1.0700586424969598,0
0.32199199834475656,0.8935685638762669,0
0.010921818196675606,1.028783603879339,0
1.8359440099760636,-0.10560517944851983,1
-0.6190092131871086,0.7508035415092225,0
0.8765496262312075,0.7484649578877216,0
1.9665884680180405,0.12294328564300133,1
0.4489536116565599,-0.4622204511356171,1
-0.2655064663439468,1.029873033875874,0
-0.2477462026397685,1.0957617258806918,0
0.08654096734843235,0.8699314374115912,0
-0.7738624058774619,0.6540725166181565,0
-0.261737918165546,0.7814859860906946,0
-0.9681856121895785,0.41114473227170917,0
-0.2757127338915143,0.8146452132390367,0
1.7977989643943073,-0.20991872661448047,1
0.8306746985052621,0.23395742603158903,0
0.5290761910402716,0.8065314773755862,0
1.8065390308456981,0.08762158122256783,1
-0.5457102177075303,0.8346469581470763,0
0.49790310651323644,0.8077951902499688,0
0.5399581341396379,0.8480525577874632,0
-0.703501700836272,0.5047268356602129,0
-0.5503131440084501,0.7470259527157632,0
0.09784197441993595,0.9572233318494121,0
1.0984342021220541,0.07837164618890953,0
-0.15275938855135565,1.0835793380298595,0
1.626312633053194,-0.22149135290266747,1
0.9456543847774483,0.3522700154272201,0
1.9598196684140565,0.4426073288221946,1
-0.6072048529306655,0.6760549849508091,0
0.49090823946326895,-0.32386684387750597,1
0.5002155629040372,-0.43263536372366673,1
0.016328345102252777,0.9048560525191103,0
-0.3966566640176971,0.9729383385619982,0
0.12785071249899477,0.8738569787477122,0
0.7978932502846827,0.38946654156485205,0
1.9868757023200965,0.31659128166408734,1
0.6949369536770716,0.6186506226931654,0
0.2538380425625333,1.1747840754896481,0
-0.9761369491830878,0.5843010996825729,0
2.0558219147122667,0.2134107026222013,1
0.6337570519838058,0.6664258852198559,0
0.5624342363451675,-0.05775180723269069,1
-1.0186063598057773,0.04614242196958314,0
0.08555355353336513,0.5401548379035129,1
0.2262105271717827,0.9765281683610875,0
0.7305632434195688,0.6336783077042124,0
-0.004762609234319445,0.5929663416597943,1
-0.9846133588088948,0.29931499441860965,0
0.49923176425529464,-0.41740132660137214,1
1.814250177083848,-0.10354687657693087,1
0.699526690721582,0.8056888097772866,0
1.4144393531639823,-0.3612562353883742,1
1.9092639317055546,0.08616395707024088,1
1.6946462809368745,-0.5040551892815144,1
1.7235802551199333,-0.020204405062082584,1
-0.8584652256103777,-0.00986709557303831,0
1.0989241649594823,0.2516080720949149,0
-0.07986277577987978,0.5414060085220738,1
1.4207678041454144,-0.4386929161354242,1
0.9311225530741286,-0.6112533618223913,1
0.9253778442681395,-0.043776715247653725,0
0.8376026731740429,0.5565880670522112,0
1.5000973849946861,-0.32305173786939345,1
-0.9877571243100602,0.7249652294006923,0
2.044904979363648,0.1789958852341816,1
0.7176121246685304,-0.45323401886758163,1
-0.8142611643951124,0.6426083535448861,0
-0.17085652721029748,0.9295927445255768,0
0.1689870417183532,-0.1944991445146466,1
1.2411917464987408,-0.5691047924554282,1
-0.16199325588819719,0.8854922971456669,0
-0.8172898812303312,0.6842341501294741,0
1.2144760178440956,-0.46756876334905445,1
1.7571537028870485,0.189875488499818,1
1.4876421311484762,-0.44222606285413807,1
-1.028253458950643,0.06077544690738726,0
0.5192184279774369,1.018720349641875,0
0.1573522893484286,-0.031950850256986116,1
0.2595847777811463,0.9899508136241933,0
1.18037697315808,-0.5759638269559968,1
-0.8550192569117905,0.3353989125582505,0
-0.01138571622345838,0.23492252495153812,1
0.47620415452605735,-0.24417513094552817,1
1.7238541773648182,-0.2713128118859447,1
-0.9877617948060547,0.3506765449194538,0
0.8613156220721608,0.20269319238116934,0
0.746779381226791,0.6353806495745749,0
0.8125856506199864,0.3888422023323995,0
0.2425636294512417,-0.08985069862862058,1
-0.21750956698682852,0.9100484873477153,0
1.5069507106505622,-0.2284826581995367,1
0.47988614218864656,0.8345199877134959,0
1.5625146367740066,-0.2992084874203079,1
0.9489556844806375,-0.5439760909414024,1
-0.8863546875475006,0.19920317015573574,0
-0.9518168959649516,0.27700618864299775,0
0.13798007634756237,0.9711601417234331,0
0.9166398381663313,-0.40838953880588214,1
0.9911001803061,-0.5170492754305628,1
0.11293989661243668,0.2545454447635311,1
1.4066006256450247,-0.42463523730535085,1
1.1249189186348834,-0.6273043804335263,1
0.02382346828866257,0.9302361006793413,0
0.7811371107187656,-0.5161627744855353,1
0.026367511041813688,0.43987109700283034,1
2.012235343321106,-0.0037793740528958286,1
0.5413102650503769,0.7515582802396956,0
-0.7839898209669722,0.5456684350502813,0
-0.0006502858277029969,0.26183777850052636,1
-0.3687156783573826,0.9480825723966355,0
0.7321295004550877,0.6683148740531392,0
-0.3085794162131299,0.7254172179599148,0
0.8038374100280195,-0.5396498471058228,1
0.9949772258996071,-0.021578617129707656,0
1.0023380955811534,-0.4863331435787577,1
1.675298227216865,-0.24554140419162657,1
1.1459404317052375,-0.4104185577147807,1
0.13760396537400554,-0.21380869080757364,1
0.2443080302956675,0.9391510086790732,0
1.196590903328492,-0.22177206557906787,1
0.988221219873503,0.5228490880688671,0
-0.054787258399968994,0.272018646876042,1
1.7106435318911628,-0.13523674552570958,1
0.5994784115882701,0.5869573384549522,0
1.5673428109035057,-0.43936476332845686,1
0.11200071966515074,0.5354826232203206,1
0.08144401123979159,1.0331146973216083,0
-1.0547518762671755,0.006092541346322038,0
0.9686302509558105,0.19809450826283284,0
1.6475866607044525,-0.43733666803986215,1
-0.46648153140011417,0.8845100871890613,0
0.1647318678586435,0.8728495883702844,0
-0.7738664058996843,0.7106647289179755,0
1.5017554060015221,-0.4606391459123397,1
1.110424000190768,-0.3941304634897705,1
-0.6862394163654046,0.31506519773441727,0
0.413293301532328,-0.10727033965485112,1
1.7059242888671202,-0.2231575787899833,1
0.6779251639650805,0.6223365706540179,0
1.575361814692481,-0.39479835509575006,1
-0.5881114418833847,0.7265886325987945,0
0.7097061541716773,0.5991836773525178,0
1.010901724993289,0.4764360449384757,0
0.9396346977547582,0.442202527826542,0
0.8138551402892733,-0.4778324830664911,1
-1.0771440479407826,0.33625316788579135,0
-0.33209034938270876,1.0862040424847585,0
1.701512568366148,-0.09189771701989663,1
-0.7144364664348818,0.9060183447209169,0
-0.00436539975206876,0.8619061609343178,0
0.5899854191091933,-0.38360834919235126,1
1.110908372675862,-0.5313221513975657,1
0.9782631354410832,-0.4742281943937552,1
1.9038355267842737,-0.05828922835177648,1
0.2768235189719502,-0.1466768735393352,1
0.03596898266150898,0.049739727768486564,1
2.0706288807343682,0.1246419583072011,1
-0.28351667737113434,0.9944552633645358,0
0.7582858828383485,0.3929942715246689,0
0.11070608303333564,1.1087143358786773,0
0.33319150911999673,-0.19864136322884363,1
0.9002938818663722,0.6583488973405636,0
-0.08855231081252996,0.4373511646305015,1
0.9523835702167205,0.06056038482811303,0
-0.8635521193627536,0.5830775424136402,0
0.21014237839778233,-0.23327566530212063,1
1.98315000122445,0.3597528552415143,1
1.9288333543929441,0.04086402337405309,1
-0.285707553072925,1.1126705134534494,0
-0.6672705737870331,0.7540469678229924,0
0.1989744091749466,-0.13047987331823532,1
1.2400046474720863,-0.3970121673129143,1
0.27238900881782635,0.9491272665064536,0
0.14443329902860902,-0.23122423509090428,1
0.01550148625288808,1.0321668429991877,0
0.9730811480854202,0.29776385434443015,0
-1.1034476731757215,0.19899335434500937,0
-0.9274022872530542,0.23730838733734866,0
1.87676560830364,-0.06430328225785369,1
0.6651236625716243,-0.4103238134083615,1
-0.615655272397321,0.9001495105647638,0
0.5822381390602164,1.1090089656359055,0
0.3252082159232227,0.84465648355818,0
0.9855632691669873,-0.08170007317464084,0
0.7177472856804034,0.9175863287634826,0
0.9175739283659285,0.027965613557654798,0
0.7308308513887596,0.5141702143667936,0
-0.6406033131152769,0.4186063512264857,0
0.8426850151962829,0.5340650727520799,0
-0.09837051093922893,0.9639001332424241,0
1.323793655913471,-0.6979198126201599,1
0.08165688991397563,1.0473772268378407,0
-0.9701904546207885,-0.03596851876301138,0
0.7247884821192493,0.9122659854408363,0
0.783358210195342,-0.6112979670333465,1
-0.1388683709610126,0.5005467420600762,1
0.041433909698878744,0.9632134889406037,0
0.6482906372345904,-0.37470843101292184,1
1.0083219440277114,0.12460883344653961,0
0.8715222420772826,0.5386584201204738,0
0.9686770729679286,0.08718891088435002,0
0.8608922809522863,0.33869300435735095,0
1.80811890891077,-0.2746470430833615,1
1.6053312268200723,-0.3840746375354651,1
0.40736767524944434,0.989655674827099,0
-0.8751362591869941,0.4779428055171861,0
0.843478542048963,0.5605928279348364,0
1.898967022622556,0.5001106427707899,1
0.2201487020611614,-0.09714641044930866,1
1.3722255275729018,-0.36673146992900846,1
0.8819140850223358,-0.3553021982591341,1
0.5152765743195986,0.7680658720405634,0
2.1314582217376556,-0.209868528088048,1
-0.12718529343219354,-0.012334409600420926,1
1.1094258508999528,-0.005502784564539558,0
-0.00037640562785409837,0.11178387827946838,1
-0.6809817077461695,0.497865596923722,0
0.370090846010837,-0.4129858987796405,1
0.7010299754411227,0.20213187645303118,0
0.9723948835344786,0.12958080589549137,0
0.23133386627303731,0.9418391996438549,0
1.948366110642518,0.12038108574119855,1
0.8835445610327883,0.10757713360847591,0
-1.0726563727288072,0.35843867982766164,0
0.02853294444381821,0.9869610536408214,0
1.5972960960012845,-0.10785655776068293,1
0.9855323939638232,-0.5748824508359718,1
0.01035456756968732,0.13137575601540086,1
0.6726249074332495,-0.5262164379592581,1
0.7122614530794542,0.9093634108581475,0
1.6896912100796575,-0.38368470824565126,1
0.7569291631567868,0.9220017808556692,0
-0.5484159544486221,0.7725959312450115,0
0.9133789771277088,0.42157085803167155,0
0.5462489332135927,-0.3867473112858435,1
0.9521148303470084,0.5262078934538381,0
-0.19313659118414,1.0513754741164776,0
1.51486308265204,-0.12951367407822234,1
2.0633911168579684,0.4527110915858521,1
2.0079456967460536,0.2250890449466447,1
1.735253252293275,-0.16023503081917456,1
2.09030888895862,0.23328681910502108,1
1.831162837923289,-0.08997688838655077,1
0.33935081487489205,0.6991273034501662,0
-0.23011214678941055,1.0179923895783567,0
0.03464357527155622,0.12583954044181206,1
-0.5802695283815763,0.6130480948875711,0
0.8106272575057883,-0.5471051189715204,1
-0.13367653569430776,0.5080812952776189,1
1.6992008239278675,-0.005036141938531358,1
0.8633158911243151,-0.5991130320962417,1
-0.09821235879412626,0.17421784670465112,1
-0.03210351754422691,0.10133265540447042,1
1.8235692439962607,0.1558122644519275,1
0.3575999158344457,1.0881016839639468,0
0.8815007316040747,0.613831643859166,0
1.648547288776481,-0.3766126397543672,1
1.8503219420077244,0.03197498734268914,1
1.0748202122778312,0.38057239943283505,0
-0.6271674433645344,0.9689363213680041,0
0.76992501682062,-0.26007550136228175,1
1.2779744192409368,-0.555975879739207,1
2.0184395481045283,0.4121593984407828,1
0.238746411213969,-0.14442226816663434,1
0.722851290292855,0.7834932929537438,0
0.6198877153847826,-0.38941705963294015,1
0.028637724174866652,0.1254892099245544,1
-0.4481532022289548,0.9887247863509171,0
-0.6060892873449253,0.989949054178689,0
-0.47867898689318644,0.9816876518935949,0
-0.08358201729278433,0.9940792591501919,0
-0.6603129468287045,0.7314747698640359,0
0.8987077368793029,0.3556299361331803,0
-0.2897563873854462,0.917443375508451,0
0.6328979916074904,-0.4998304421163692,1
1.941417869930843,0.43328660208135394,1
0.952006316342645,0.06094299440488567,0
-0.3558744668803665,0.8147754027445617,0
0.5613193777612456,0.9528056995492207,0
0.5770715263802246,1.0165514247870424,0
-0.8134270350373282,0.2254432802450352,0
1.6544791602663025,-0.25387377371552194,1
1.831314153111481,-0.19536381618847715,1
0.502963007145911,-0.18295103938424262,1
0.6224822449631292,0.7856686739299776,0
1.0762895438161795,0.18656557930189388,0
-0.08990860062546953,0.2326121501882708,1
2.071344468284015,0.06119974266233268,1
0.22507387634050674,-0.25765781089671763,1
-1.1782389796134352,-0.17946780261974124,0
0.7262687028875123,0.7777326160167024,0
2.0061724832229486,0.3168896280897554,1
1.67461967091424,-0.1945042395412186,1
1.0192685331433702,0.24214307823032258,0
-0.7411247083825896,0.41544902022172797,0
1.7006496343490676,-0.19663419967566612,1
0.023062898827759852,0.9594067937750856,0
0.12511231509069143,0.25974190024557875,1
1.2904803888104552,-0.3519746955867347,1
0.18848512530287836,0.31660738637615704,1
-0.482318989459916,0.8794707226041278,0
1.5481266409893495,-0.40731624207110184,1
1.3512197378837114,-0.3945336046660464,1
-0.7381768677226113,0.7246160101214844,0
1.0942717884348678,0.042125980075360815,0
1.003285326209427,0.42493265140987274,0
0.8121563350097163,0.8595521159687025,0
-0.41372724592227567,1.0988904448781251,0
1.8940443401234404,0.05120170096080737,1
1.9209614950644183,0.03990148626133398,1
1.9162352552234372,0.3805949939710274,1
0.11870390943999709,0.03408442228879466,1
1.5361850509003125,-0.2511781846364095,1
-0.8325532827468995,0.4380274987657059,0
-0.8659634636107545,0.5107787910342556,0
1.768752674818981,-0.15033137003353997,1
0.9077700308442957,0.5118869012726853,0
1.3863275336081582,-0.4808865756829893,1
0.9243412701994712,0.095131355987413,0
1.9640536471726668,0.4880929301667509,1
-0.9494907491352802,0.578977706951464,0
2.062964312561575,0.6753031099411995,1
-0.10566206530051456,0.8873988776493481,0
-0.6364713646348774,0.7219242058016279,0
1.8683124911757392,0.08856881642919084,1
1.7374107638337843,-0.18517955801436442,1
1.952572325203444,0.24544374230171231,1
0.2734770175921229,-0.16133967649469994,1
-0.9200795994683676,0.004291499627956358,0
0.08391842063964113,0.2594720685128599,1
-0.456681095373718,0.9886841854650781,0
-0.18271119701070498,0.8291386623361843,0
1.5768947159289215,-0.0787597053235275,1
0.585796276669476,-0.4012197624819285,1
-0.911778294735546,0.8055791929633096,0
0.8868769086218921,-0.5611724058879493,1
0.2625573483428413,0.14127961288224183,1
-0.7887593814183232,0.5933692500335562,0
0.11507627366352592,0.9811623812204419,0
-0.8417394867084111,0.3606674941696697,0
1.6883578718421073,-0.35775631577118516,1
-0.4471678349077056,0.7188931546605238,0
-0.7639992459569307,0.31411949106715503,0
0.7965549899962326,0.04575095561130878,0
0.5986629790590428,-0.3949401678093034,1
1.9385296281797881,0.30336954463556753,1
-0.0010161494629736256,0.45616795983603736,1
-0.051296935444274015,0.9773015341509946,0
-0.004321106185379259,0.978531879910035,0
0.7327143919101902,0.6835044286528459,0
0.7225444197151552,0.34817950225521743,0
0.44890950400388907,-0.0713537456587367,1
0.21810371320238242,0.9444340725019318,0
1.619496317672743,-0.27994427157182084,1
0.44741883079992645,-0.26375932124861845,1
-0.5839390497612796,0.8502997823732013,0
-0.853272441138821,0.5941228646783903,0
0.6934328963164461,0.6915486602516736,0
0.9509588621994532,0.18970298013354664,0
1.0637481463884195,0.2370454119337387,0
1.664288153673535,0.10785458728662099,1
-0.5592325242461245,0.7858589723650856,0
-0.3956273354668706,0.971871325555296,0
0.8187939352465189,0.401205785099945,0
0.5196625367231129,0.6963474291827464,0
0.9798071242317983,0.26141155321856857,0
0.843641692877811,0.5672196367261055,0
0.06932723731360337,1.0470177166697625,0
0.1479373943677606,0.22659643059079515,1
0.1800758610858374,-0.10147778965983693,1
0.07667354141208745,0.34408955051129997,1
-0.37663509344629564,0.9767779349166029,0
-0.22292346156424458,0.918454076342618,0
-0.32922733524146175,1.0052452254894084,0
0.8860216276701599,0.31530664824466054,0
-0.9526058907957633,0.21628773040528598,0
0.2441001528942245,-0.3549785449823753,1
-1.0293119083654219,0.6145268020496053,0
0.3768877920991701,1.060348313026636,0
1.370785661768406,-0.39446667908048944,1
1.9382270870133884,-0.016783254148906426,1
2.0262428657032956,0.2694275806836757,1
0.07164565920599152,0.270924094379368,1
-0.8766865833822319,0.32704833291286933,0
0.5639985479288804,0.8103120957471756,0
-0.40586338308385417,0.8410509024983618,0
-0.05362985189563479,0.7890560303435072,0
-0.385080715491638,0.9468141811776815,0
0.4053302193298343,-0.4100899180150621,1
-0.16437346417975415,0.6913457866569979,1
0.7899744566648345,-0.48050559043402324,1
-0.8240112288678483,0.4575962169350659,0
-0.057769223768419524,1.0551118566461017,0
1.3052962480426744,-0.2706758012448554,1
0.6399712035385958,0.6130327008134797,0
-0.9751856395600688,0.5967967840710734,0
0.4631343406400079,0.6309708985698755,0
0.6623587825795629,0.8151020015027848,0
1.870744622474312,0.3975879053586622,1
-0.66906305972142,0.8091499535327212,0
0.9652879060986101,0.0014791295550872913,0
-0.9877903260476483,0.2274359208685119,0
1.5536653169041719,-0.3346422951312389,1
0.13472864512297947,0.24938274811255018,1
0.46958714603944485,0.9312159780508629,0
0.0885417289668827,0.2597631199714496,1
1.5105850162949654,-0.2181950753334247,1
0.2775902545418516,-0.3090707963490238,1
-0.15927269358465446,0.9290064623808443,0
0.4954596543991616,0.617856593063079,0
1.6077344747556455,-0.08576291033731331,1
-0.8677852062149007,0.4719200579988604,0
-0.038475231105430004,0.43207213007289225,1
1.776310053105135,-0.026177157862241396,1
1.0660445229642934,0.53257024616778,0
1.8155056154097116,-0.16486232526811986,1
0.4820383229870667,0.8363497872664896,0
0.8144074629267002,0.4320787558943625,0
1.3656865391748936,-0.5559932956505257,1
-1.1122244964486676,0.4282651809699543,0
-0.12871156020724883,0.24386256610354468,1
0.4714346661311468,-0.29306192174623813,1
1.0073814140653683,-0.5794024856555527,1
1.0516623120483704,0.24103434707219254,0
-0.2834794563867365,0.9623616520343066,0
1.2061422145558474,0.18041472162464062,0
0.386909450504593,0.760978932934943,0
-0.008741929447802152,0.9681804278405121,0
0.07105437569097944,0.0903636868126449,1
1.665012253534396,0.10000368269273692,1
0.960684926399692,0.07239974848575928,0
-0.8582614169578553,0.6381914302826444,0
0.8174746010408647,0.5652456021885741,0
-0.8358892720904396,0.6246665960285148,0
0.6925346982620973,-0.4502402311494187,1
-0.3156200711680567,0.9153951074020554,0
1.5158649749967228,-0.43634469958743904,1
0.008713536106089402,0.47254457308701336,1
0.16127562976603,-0.12840959039714117,1
0.041186593515331216,0.20076109383463098,1
0.9966038663569438,0.14675343392918128,0
0.027524586733983954,0.043047706716560497,1
1.5331629740605823,-0.3262472731737945,1
-0.21884548340170204,1.0734533846548797,0
1.6886964202652306,-0.1942931602943884,1
1.1409800902808187,0.45488996803023946,0
1.4887462534327054,-0.40171933726657727,1
1.8787920554041742,0.4798535586160134,1
0.36288902121722294,-0.4645907774801311,1
-0.25165973511551964,0.9864575488197832,0
2.170340412085777,0.23283612631585643,1
0.8914553461602989,0.4720505451788655,0
-0.43298498540114094,1.052341286529906,0
1.4731519265260893,-0.5996805596178784,1
0.5328504292434589,-0.4346499095603802,1
0.27390655335690983,0.3987072978458296,1
-0.05186074509196939,0.17742171285618608,1
0.12047824909698057,0.23295765978742938,1
0.39174382323777146,-0.37162225262447923,1
-0.013188081308339608,0.33448347151692115,1
-0.8480112350761568,0.1076499493475343,0
-0.6906191371133977,0.7515499209865069,0
1.1665360209752902,-0.3776910354880111,1
0.3792662848363676,0.6547387595112419,0
0.27308733249841466,1.0227255504879045,0
0.04870160311543825,0.9843312513777962,0
0.47008510433331296,-0.24700040263869466,1
1.7408220366794147,0.10494971002932754,1
-0.8704578111445344,0.532780689605939,0
-0.043257702007909654,0.0995734751455819,1
0.8769306179773938,0.5243410192496428,0
1.7249303373307077,-0.29279551090639583,1
0.9592003822645037,-0.5022176060123784,1
0.702352588749153,0.7782869594988372,0
0.20714085123068862,0.14684412483835724,1
1.1235722397488925,0.12725581205011166,0
1.9680955620343932,0.2504686111326973,1
-0.2601282180269605,0.9560060409519058,0
1.53652192673693,-0.3928301702119601,1
0.5490895609183466,0.93893454418257,0
0.3090942163796868,-0.3289821646769487,1
1.4953839312051755,-0.4858678693655412,1
0.6563108601859801,0.5859482362437035,0
-0.49848117089481214,0.9605176281900293,0
0.3984071739069287,-0.2724268357271125,1
-0.9961034526717403,0.20330269160701006,0
1.8790623381597813,-0.17150811462713694,1
-0.030389620757030965,1.1427060934512423,0
1.053151153201117,-0.4579557658418478,1
0.676224197331036,0.7217885633170246,0
0.08044968258460394,0.4413558917379883,1
0.21102773588806473,-0.038199165129026894,1
-0.6131717998813991,0.6388027274389012,0
1.0108771981854556,0.29908648157694384,0
-0.7895128041133098,0.5861429931394035,0
0.3836070480263222,-0.4422467117314073,1
0.1696906305062905,0.12737768240575745,1
0.04986716198480767,0.3368171773501383,1
-0.5234540617716446,0.6379035520073044,0
-0.20247349179754118,0.8337219974893335,0
0.9666964157532256,0.4811391646133476,0
0.6835314217279166,0.7641438597248271,0
-0.7247138960069595,0.5856461793559374,0
2.0948668602201668,0.4122970746916303,1
0.37931042076127675,0.7556346786749883,0
0.29693368838893985,-0.10332868402410257,1
0.7860921664265865,0.38683052172667903,0
0.05321604301728476,0.037315551109044255,1
-0.7311414581172742,0.6617890075590643,0
1.9032589244007152,-0.09554160847116676,1
0.4242948706161005,-0.09971077213054345,1
0.11617883101880672,-0.17146737901960676,1
1.8802003411557646,0.14031990559621582,1
1.7055627012128927,-0.09858254294642853,1
1.953264100126203,0.4205756824383816,1
-0.08128803993867523,0.5177086927481762,1
0.7919920206674782,0.3074269822612648,0
0.6164265289270965,0.7770114285343196,0
0.29793347043414686,-0.237849080248381,1
-0.05163345972682645,1.1464271870929217,0
1.6681284155090024,-0.19616166727003514,1
0.17642079772457503,-0.17716213127927133,1
0.7596292425479871,0.6671656917376876,0
-0.06317312268391373,0.34084732341505086,1
1.5428850692984333,-0.2736653657590195,1
0.12301565386709612,0.2663450447862639,1
0.035495109625560836,0.8927186934436674,0
1.0074120938267055,-0.666423751735761,1
-0.6573474668069504,0.8433950128963591,0
0.8643216729734153,0.410272599832906,0
0.612698474313386,-0.5069504762791224,1
1.5590745967188113,-0.14474661442817802,1
-0.6261232781449002,0.8632819607581261,0
0.9076275876908609,0.4181304464975868,0
-0.9090609868597251,0.5181619861914422,0
-0.8060675373688369,0.755417578184543,0
-0.9677094673076453,0.6505291842370369,0
2.2040834624018837,0.4643230297486842,1
0.9241275262950767,0.8242366394559089,0
-0.6338722114256795,0.8034493138913912,0
-0.6670086446729524,0.7356416290124946,0
0.6508394170109594,0.6149915134151845,0
0.7290542506597715,-0.41835631752715446,1
-0.6950310402630507,0.6280014625608311,0
1.5782779630727752,-0.33480116391713133,1
0.3415080791183209,-0.1148216205780227,1
-1.1257601895242426,-0.03198175704794143,0
0.804770535254189,-0.38366048659344665,1
1.0234491078938543,-0.6519018620486188,1
0.4850444548284241,0.8179840914906752,0
0.4460792859779539,-0.20159564123570137,1
0.8850021717531575,0.46949313222671796,0
-0.018650507975097097,0.9695573855246081,0
0.7976458222524626,-0.4191812482470469,1
-0.02638112952896421,1.0651848501716727,0
1.423567688985124,-0.35092788062988106,1
1.7491267450625076,-0.28673797384766736,1
-0.16298030367881933,1.0640407365642521,0
-0.8881166525293211,0.6080131059174585,0
0.31955520727551623,-0.15904566724391667,1
1.4310016195770843,-0.22779625107265136,1
-0.7573791011519095,0.7001466795591282,0
1.8313179758934712,0.1054120575470816,1
1.311642131553255,-0.5244829698637357,1
2.0522284670879625,-0.22130953035303116,1
-0.5549047469912891,0.5906215013514685,0
0.7093185469508492,0.7043338640962313,0
1.7403283725962104,-0.27552016015667613,1
-0.679606814317455,0.6166827147903954,0
-0.7219459861308497,-0.018636556092009107,0
-0.026526956563795223,0.8601433341264727,0
0.20619832857453563,0.9163501635675185,0
0.6443106248623358,-0.4087677873303268,1
0.12380045288354641,0.07845621182540394,1
-0.9253514590556521,0.4540417934530704,0
-0.3483727139182201,0.7843349488251781,0
-0.7670529305920081,0.6507864343109039,0
-0.036676863977928194,1.1042689895650621,0
1.2178388950418704,-0.4240493811243948,1
0.5190101945524116,0.7286949864845551,0
1.2670566368504952,-0.3446186985959913,1
1.0128818397653923,-0.6293555766880022,1
-0.8900124552626847,0.4133553295904825,0
0.7150494803566368,-0.48054337238505407,1
0.5324954881751393,-0.21464442035695963,1
0.8521820800397746,0.519330138826919,0
0.16772609586161327,0.8882492482794317,0
-0.01175292561933313,0.2717118070659795,1
2.2060374138969867,0.43300310276095694,1
0.20265182880767557,1.1280134284005734,0
0.4935778006817573,1.12237388691499,0
-0.25331280041037313,0.9173296965023116,0
-0.9005028360309425,0.4076210057669171,0
-1.0933681254482452,0.30406250170181515,0
0.06287213505777456,0.5558879097808486,1
1.3255681682207232,-0.2481648399872749,1
0.8612177782469521,-0.0705718328339533,0
0.9117173394056843,0.11284981635760842,0
1.7815372979050883,0.18117940693525741,1
1.2916673325631152,-0.5225402377759314,1
0.48236910891325874,-0.26136770075486815,1
2.064945517164308,0.33133139621321467,1
-0.972814997457243,-0.13895584987880724,0
0.7323145401480636,0.5599076538211004,0
2.0058575170634105,0.04343056617423638,1
0.50585088751804,0.800025253373539,0
1.7903072008787349,0.12395579510529578,1
1.2636484605116836,-0.5173739206276524,1
1.8626203927006555,-0.18377231282883214,1
0.5623274663858471,0.7137669280628213,0
1.709033113873709,0.25019106239420075,1
0.04961985480075202,0.10362195883900081,1
-0.2359702285642544,0.9756913062030645,0
0.22558522795082517,-0.07400551055596276,1
1.762733655585637,-0.06682988548852506,1
0.8814633679977508,-0.5214649221011433,1
0.0019891951539971198,0.899111894141208,0
1.3663650083476138,-0.5754098562798461,1
0.19313914978390392,1.0829846514156272,0
1.9652152063996575,0.005637391147468644,1
-0.5985971647786734,0.8399794060819347,0
0.3597085571601665,1.0966632836886294,0
0.43153233843462446,0.7142477215742778,0
-0.28879825906169543,1.055714867780191,0
-1.06312671659408,0.0775412619101844,0
2.1613388852900295,0.47489289434540993,1
2.1367856949880766,0.38746708113849704,1
-1.2660706527464327,0.10883874707618933,0
0.6633423407450697,-0.6756699709584413,1
0.31933862954337683,-0.19771775996793312,1
1.8934358441879715,0.23727187411582584,1
-0.39519164486478076,0.8124385684063665,0
1.49209343821514,-0.4493815381630027,1
1.0080326480419783,-0.6050960842755468,1
-0.6477814576920985,0.7729115819207565,0
0.391595346131008,0.9957009671957626,0
1.0298043866224478,0.26484246535682243,0
-0.7124826093267522,0.6375313768041738,0
0.6925332826896029,0.5881336690665501,0
0.36563969247100603,0.856095891166701,0
0.2956440433578657,-0.21982417453294803,1
2.012944450585409,0.18677971482441652,1
0.2319490036274558,-0.055182620049623266,1
0.04229775999428199,0.3577262540154605,1
-0.18478562713132018,0.43376917383231084,1
1.178502549693006,-0.4461750593809416,1
1.723830335435032,-0.05002255241924995,1
0.5730428127145974,0.7358314577113345,0
0.6993376889823009,-0.46765282666862634,1
0.9655287390294052,0.2223488147204687,0
1.9406113984577158,0.35271517998828156,1
0.6030237239653645,-0.3806174336748449,1
-0.8173886111188882,0.6258448228709395,0
-0.8911437454322927,0.21369862849606108,0
-1.0313148819140645,0.5782932975755963,0
-0.22690944592542228,1.0218729527513009,0
-0.13259695312682196,0.21073663741485768,1
-0.12826985026436966,1.0438024642761006,0
0.7954010329072191,0.7130739208620611,0
-0.9322412743973555,0.33749456355068846,0
1.9179224206756258,0.3311285568363552,1
-0.008337834109021475,0.04199653534307999,1
1.0378087324286858,0.12412122852566365,0
1.3052091872240317,-0.6354591721631981,1
1.9663956114186814,0.23831687202553709,1
0.21301431479616903,-0.053976325172691186,1
1.2733461247214983,-0.4074299294170185,1
1.1309469753725396,-0.49770980099134365,1
0.6610458942066049,0.61564809975555,0
0.04370143935422529,0.23537143660991894,1
1.9461261639676979,0.47131407825593524,1
0.08701917868140935,0.2248297032851909,1
1.721212437460416,-0.16366611568036993,1
0.06285536843436731,0.5116068765991985,1
1.4997619538286557,-0.4404948226037051,1
0.21080835676984713,-0.2671613845559767,1
1.8300310390792476,0.4554938452857427,1
1.5504171933946505,-0.6136841279524299,1
0.041201446994820506,0.26627323393881297,1
1.9485898255968372,0.19105379944694156,1
0.9114126287523097,0.4135492078728762,0
-0.6287148218002123,1.021840305937399,0
1.8299811262823908,-0.267110700113261,1
1.4478987697986367,-0.48493963365217213,1
1.0252184612277238,0.24831421507231713,0
1.9059637583236166,-0.07961653440934913,1
0.9101521234083996,-0.08278565846999171,0
0.2543991565498305,-0.4069235102678715,1
1.8619011662378917,0.46295908763150556,1
-0.732809560080443,0.8609358069495259,0
0.9810527180644223,0.38520819204526935,0
0.34986841594227003,-0.30057298428678464,1
1.7914729278296015,-0.30938734848850175,1
1.8862955872648381,0.6009100664385766,1
-0.39489552453109233,0.8799818829078024,0
-1.1944969657806743,0.18218068020849607,0
1.118119026880831,-0.6016016702773227,1
1.1595850463021722,-0.41086200248055416,1
0.9912690202632121,0.14361697814183244,0
0.22505802831895083,-0.03472734397704873,1
1.8148925341027304,-0.10386376242063608,1
1.8158237989195214,0.0721212135320651,1
1.4306443490786716,-0.4002097681792436,1
0.32057166292268474,0.9400175651822171,0
-0.3336843291220176,1.1798489292670378,0
0.9682216279202273,0.26939826753518054,0
-0.6143267992936124,0.6708889610158619,0
0.8130919787739659,0.6259211520644061,0
0.19504663011361192,-0.1359463390485478,1
-0.5813982918225051,0.5850849822532083,0
0.2772509515591324,0.0968637779978854,1
0.14224001045397108,0.9967116264173407,0
0.1607195117988641,1.0522811835460963,0
-0.06858700363455314,0.3719233946398904,1
0.5743121874126494,0.8212302252346069,0
1.798342871213283,-0.2713657932514534,1
0.28106457544215313,-0.15492539101510677,1
-1.0515372936131955,0.5250004033247178,0
1.811759240502375,-0.18934753042772073,1
-0.29006635336733444,0.8314257285116465,0
1.2307162619776921,-0.4607559211937386,1
1.9270191802070389,0.15720489932006,1
1.5760776714678897,-0.5411149294628335,1
1.7648526109375173,0.2600403101428595,1
1.9745386149748638,0.09829896771376101,1
0.8559265837267889,0.22905153504157527,0
-0.5734928116402553,0.6599682306578754,0
-0.03844581797093061,0.9872715579503293,0
-0.8963159441843972,0.3407556622694612,0
-0.47979837745642034,0.9561337869469695,0
0.9599633307167578,-0.05563830968631417,0
0.8907054171078436,-0.4664715767292325,1
0.6905979803573151,0.4705959159670649,0
-0.9713539291142117,0.3620257677538265,0
0.06544683212365802,0.000503707523940633,1
0.44940250343019916,0.8367668129438158,0
-0.3457312330447581,0.8627035144561013,0
1.0481752811069696,0.2284374818557948,0
0.14667269053363727,-0.15452260355378616,1
-1.0815840691149523,0.27351652537789073,0
-0.20525756744950413,0.915839310548369,0
1.6020019265865804,-0.20566067281867223,1
-1.1433689415275483,0.05638377179173182,0
-0.180498501950968,0.9765455762555371,0
-0.3348583675453706,1.03903126054109,0
1.4868975080040696,-0.23764633228462922,1
1.8913596415457976,-0.044931379819937056,1
1.5968845009741621,-0.31270081342064693,1
0.08986607933677547,0.10727277404076749,1
0.6977762828074101,-0.4570221927121014,1
0.16341211029432443,-0.04759709102075653,1
0.08222837843991301,0.9242095760426813,0
0.7941658642761943,-0.42572158909795743,1
0.03615961018563682,0.20322087790322635,1
1.4394150564567503,-0.6095606504071147,1
-0.060912717194683275,0.3291432134729854,1
-0.8690461271415916,0.6362477492203217,0
0.9798459140018959,-0.5110542783257415,1
0.8502404911675105,0.10720324942689172,0
0.718770363337586,-0.2577186558801572,1
0.3242646844296695,-0.3332845689712064,1
-0.8358518875740437,0.27245018001796023,0
0.9723062929788406,0.34696850202430585,0
0.07813577717621913,1.1218278183025556,0
1.063994194083245,0.2005951871661274,0
1.7519012634643012,0.025058142149484618,1
-0.39375385660175205,0.7241915604968373,0
-0.06951222321417927,0.968439150443418,0
0.23552330061746343,0.008832314896462759,1
-0.8454955635772272,0.034098450731774504,0
0.7796060312973553,-0.618544043011685,1
2.015474341402949,0.304182314188576,1
-0.5028985175471917,0.8019348719214181,0
1.1006112091429785,-0.4813309244967102,1
1.2579359587305958,-0.2800729886741844,1
0.30386163218604056,-0.18010666319480279,1
1.9448718098029962,0.12623619957749366,1
-0.6921700251059473,0.8495780702014794,0
0.4566129419692746,0.7267683403091982,0
0.9676454250178637,-0.5150297081831399,1
0.11871428789094429,0.9464168980402192,0
0.5386989323461088,0.898447164967622,0
2.0682025066669216,0.5092738136925795,1
0.43664305426004885,-0.1486013843084835,1
1.7745485981212978,-0.20833388901276767,1
2.0316307083850518,0.2149432229554813,1
1.454661873528219,-0.4050671576296829,1
0.13874858868385284,0.42811580899996887,1
1.875464259483898,0.10505108518109903,1
-0.8047015659121604,0.7688874027524869,0
0.713309129772161,-0.5092311737597313,1
-0.034457825786282106,0.3405699812884252,1
1.9297709896465607,-0.04877378599674151,1
0.13854109754796315,0.9952525175688094,0
-0.9108011678736806,0.1074518834414444,0
1.8223671222558155,-0.3489021852756381,1
-0.7867424693587639,0.6889644778621625,0
0.44819563809755136,-0.42355449847961585,1
0.8192854771913352,0.6235560512057303,0
2.0247392444990995,0.16461303349923284,1
0.8453738890879109,-0.4515264859484478,1
1.2372552841910274,-0.456847495505359,1
0.13185351452576244,-0.0008722780707297083,1
-0.9477739394350078,0.3037294086997913,0
-1.0989100588673113,0.06485537053706855,0
1.6551737051537903,-0.4769187793458557,1
-0.01476735801986715,0.44480398430989576,1
1.1269179803370695,-0.4741177637529886,1
0.9114461516839545,0.7179735093778125,0
-0.6811627186015639,0.6077111454649339,0
0.05634443871083832,0.27604312121410735,1
-0.6587697884715721,0.787737354232443,0
0.35569169495714287,0.9739609344918453,0
-0.5656389808646327,0.7027898316353384,0
0.020511513062912573,0.746559098229343,0
1.120289340624855,-0.5135251416985092,1
1.0355795520724613,-0.4996771506702605,1
1.5961080404146373,-0.42980811873149694,1
1.184022176856343,-0.6474134406375777,1
-0.37331025487433916,0.9868860804220443,0
1.8281976182356308,0.24405157888404372,1
-1.0412808543414174,0.06931243356011874,0
0.49432211776445967,-0.37438084695135665,1
1.2108178210620333,-0.5127997805815974,1
-0.7658958563780474,0.48340161279154953,0
-0.11768002357394641,0.8626346396637624,0
1.0702778057954323,-0.36364745960985406,1
1.6231632646324679,-0.2679450282944813,1
1.8967192206332977,0.07717208828903283,1
0.8323325470431119,0.5321234864860629,0
-1.0028323428922044,0.003896530100715584,0
0.08673083704772903,0.1855758975535217,1
0.02036285970539601,0.32613233899621097,1
0.11082529795483775,0.15976134523110597,1
0.03871736326481979,0.3093631532441401,1
1.5356632590296209,-0.3928209912262711,1
-1.091550991483982,0.167517274245976,0
0.7488692293870186,0.9177889888296236,0
0.5509122843472026,-0.5355925907533956,1
0.14597991940749513,-0.079859114728009,1
0.2561903487798326,0.21060561069163058,1
0.8916002007243595,0.25657438286991374,0
-0.22901699134612907,1.1627967777982797,0
0.041872076479952655,0.12643502083284464,1
-0.9511919625796106,0.6674285277879677,0
1.1757025837472723,0.16157446278030455,0
-0.9862813946882443,-0.07374876059009403,0
0.004636026792262964,0.37353275291130367,1
-0.05001089438479356,1.0206407179714163,0
0.6145161196215562,0.8544596261646168,0
0.019611048185968205,0.9923764071767135,0
0.7267368018690012,0.8620786680532148,0
0.07424032059327933,0.013153090023979498,1
0.8027245726887162,-0.44754415104249856,1
0.035402814194653326,0.3704105458014458,1
0.1363278524780413,-0.06772755146271535,1
0.7299688044423168,0.7971660031814083,0
0.9157030538947791,-0.43093752785588446,1
0.014028318450692173,1.152000621167219,0
0.8793327343000205,0.39858685651578574,0
0.9131469245030697,0.16035893795677836,0
-0.9734333870061377,0.15043784693653575,0
-0.803767617638306,0.5327989558188299,0
-0.23141117615732631,1.0200588941619027,0
0.7567780589184386,0.540885765719312,0
1.0997979579265047,-0.38245095232980947,1
-0.2291447886021202,1.0251398337716082,0
1.971291817633289,0.5492914526212256,1
1.9440999947033246,0.1895306328923659,1
0.5423811597092935,-0.3971606566913747,1
0.036430999225043774,1.008797499445931,0
-0.01958030488705756,0.4213178195485666,1
1.592975122352223,-0.26177435026685425,1
-0.04794938159060583,0.9595057673333894,0
-0.853348387543849,0.3148738442454279,0
0.9668768281595747,0.29726931791827094,0
0.9182864746729489,0.6870445382699122,0
-0.16982554261123148,0.9870334125060459,0
0.04763261786008463,0.5113867178013776,1
-0.07420305837590592,0.9713436073990878,0
0.8426494010285458,0.43899711640478395,0
-0.22330038093689308,1.0439693094344962,0
-0.4165177438792479,0.8098763176972301,0
0.3172158945499841,1.071462864593953,0
-0.9835841486314274,0.5748795208655018,0
0.5857961046509841,-0.3229553713262985,1
1.5823172188845982,-0.3839200446085738,1
0.7675634071233313,0.3691823419350513,0
2.0123200154863548,0.4335092405623425,1
0.8348341184382762,-0.6071137605083555,1
0.9549020476815695,-0.42217575792472706,1
1.006252476955865,0.23410834929588165,0
2.1140034854608034,0.48947759082670866,1
-0.2746607091429173,0.8543355609393821,0
-0.8605950343487756,0.17879849572247766,0
-0.9257023721949292,0.6678758614310788,0
0.5507726870334096,0.906466760469654,0
-0.8093448284065853,0.5294512572122958,0
0.1761512507358463,0.04162533547907875,1
0.864965356651291,0.23735149101595843,0
0.7725719735228718,-0.5571828426572438,1
-0.8696354651513435,0.4441505788954243,0
-0.06309311314182095,1.026679025562594,0
0.1038932838346993,0.9485051802604332,0
1.1363058845344318,-0.3773201658661749,1
2.0362424315862326,0.09673088880951747,1
1.3503593586748714,-0.3640454794658263,1
-1.0069275607667838,-0.03351990370416413,0
1.975550880203242,0.253604700776835,1
-0.4133884113199038,1.0750090398125733,0
2.2235746513521186,0.39927257928277937,1
-0.5367839137594106,0.9439354018659379,0
0.2995653357541684,0.7864243679508005,0
-0.37111061566209136,0.8901532088719813,0
1.5338630380607896,-0.4653359985735055,1
1.8767302001338788,0.15313378216982557,1
0.8351076205021372,-0.3819401041879977,1
-0.8563076563467822,0.4212905739686317,0
1.563282012403296,-0.44127119840545814,1
-0.10492124491522575,0.544207909101095,1
1.7071454419871228,-0.2551886333637743,1
-0.061032885251151546,1.1240343951463383,0
0.8679262522377359,0.14694410669148794,0
0.6672521576819148,0.5180369469589141,0
-1.0661316297114143,0.2487776437310989,0
0.9509868194365367,-0.022857011674682876,0
0.2352707991809791,1.1358224657002747,0
1.923964289477698,-0.16849195777099854,1
1.324297302861064,-0.26760230698551296,1
0.5620971221983406,0.7267493704956709,0
0.21922281056445778,0.9155385707070677,0
-0.915883783186594,0.41457652979573795,0
1.2367659251176197,-0.2329478242693881,1
1.7659681605278608,0.13403459440646892,1
-0.8257276727187404,0.6244075207370322,0
0.29779982046923686,0.8007480142720137,0
-0.5673168576428878,0.8678414744523888,0
1.7332220714638062,-0.16350444566667802,1
1.7577259071158986,-0.49593735037628933,1
-0.000531787565109354,0.8936671375494616,0
0.9303385822810876,0.1670637995395607,0
-0.55656529199579,0.5461959294553972,0
1.939341045658864,0.0384892196465596,1
0.7064664052496429,0.7043815743865955,0
1.8895633211780583,0.055652954220724235,1
0.5917474249839321,0.7398531773650496,0
0.9196418848546382,0.30782156192528703,0
-0.9980574250141399,0.3509201614413696,0
-1.0255743949720781,0.41662025799079366,0
1.5912449730814677,-0.32487015913918504,1
1.8626172517227875,-0.23540869560183691,1
0.5316549721787196,0.673369730180168,0
0.5456218412285531,-0.39584461181459984,1
-0.2303756101429641,1.1333859637042043,0
1.9215382085456127,0.09043623426723352,1
-0.48779413474988975,0.9316380991401672,0
1.913992424187984,0.20419221253084538,1
-0.640117285326538,0.701279771613591,0
0.26210996235004624,0.851260323130685,0
0.43263288553561985,0.8533292088536599,0
0.5057196966048021,0.8077075333517184,0
2.228990947761353,0.6891411945037947,1
0.750804251902697,-0.547600107366457,1
0.013868979334791568,0.9178055263924907,0
-0.8437063677603536,0.36134492141260743,0
0.4379947467475219,1.0861173173647145,0
0.011861050741888042,0.06515830244634915,1
-0.18081419666616744,0.921593349465057,0
1.1598695639033059,0.1320948318186736,0
-1.0224548539617424,-0.010431833818617148,0
-0.04568621863544772,0.016888420103469123,1
0.08286617648972866,0.32214260681108575,1
0.9351488439172465,0.201602569397125,0
-0.09536789862176526,0.9987271233458682,0
0.5494917456313764,-0.18895914890824456,1
0.8793867651853486,-0.45438224860755844,1
-0.8739152573352545,0.532435272453111,0
0.3767255562157502,-0.2064178330272064,1
-0.8306574620787852,0.5002539098876402,0
0.3843664199761692,0.9531297218490346,0
1.977627304103529,0.09566654277307785,1
0.9045825984505137,0.4466242914521965,0
0.2509717962747839,-0.18114085922770917,1
0.7611717733166288,-0.37265332320863076,1
-0.8889628517121834,0.0013239167113390585,0
1.4759050424515276,-0.4683337420295096,1
-0.9983894642686532,0.17909995347689633,0
1.9560297383681151,-0.06497059062816665,1
0.28722536651546304,-0.19688763113440977,1
0.009760174639261598,0.04559592959017629,1
1.0542769961452365,0.29227380472133724,0
1.0648043114615107,-0.08464592194471583,0
-0.031060948303797603,0.2950702147769713,1
-0.94597309519747,0.4671909865561459,0
0.9150882586458805,0.09857872805691667,0
1.3465873027370994,-0.5026801645078334,1
1.1636736638808458,-0.48073929664960907,1
-0.1265455922799075,1.009727852283137,0
0.5957683261240607,0.6562394753709878,0
-0.8898513909020592,0.7265513777118364,0
1.78053020526231,-0.06115338395606827,1
0.4814471734723672,-0.07386409618675309,1
0.5349246219348114,-0.41268493261804556,1
0.8344723197119863,0.31745252413955627,0
-0.3422402157608886,1.1516063509499186,0
0.40706729988613494,0.9837710276873658,0
1.8561050768679013,-0.04243710562516945,1
0.8070482576388524,0.4918892431869979,0
0.5496755125872745,1.0137073305228408,0
1.3292299084264654,-0.3875156922741048,1
0.9818456168506855,0.15586705288616537,0
1.254603484421444,-0.4746535967864375,1
0.7428463487070252,0.6751175498465489,0
0.04711775215272969,0.6350939797288099,1
2.044263799740655,0.030190396862640075,1
0.13263402495502757,0.9407285860568495,0
1.173780148465832,-0.35696825655851744,1
1.990663015141805,0.4452204228410026,1
0.4761400428574813,-0.4001170865458559,1
1.9166906119169949,0.4057097297819632,1
-0.3506678527881993,0.9087710767421603,0
-1.1156731489743075,0.24111426748119197,0
0.9767192519120864,-0.5030350633492009,1
1.844694004100363,-0.10510536008677898,1
0.24134971778102082,-0.2312059256244206,1
1.9885604016921308,0.29245767048068083,1
0.1885777626533916,0.8673777795359718,0
0.9345508146836926,-0.5634399137860405,1
1.8110650765375647,0.025181772374572614,1
-0.05636841809944157,1.1119610628813497,0
-0.0017812144875858985,1.1090982449059625,0
0.4749935977100912,0.710433596198452,0
-0.9765282056468716,0.24472615337766157,0
0.02024118572362231,0.9009617201725824,0
0.05893490726865419,0.42804213838373306,1
1.1618066961964622,0.16308789950987324,0
1.2648103446826235,-0.49806492420879567,1
0.4692310197428137,-0.38251122362331463,1
-0.47841776354092397,0.8839906618231517,0
-0.34871050819284205,1.0618822785190896,0
-0.5720737967289314,0.7469366536918727,0
1.1216331739237408,-0.384366832009144,1
-0.8541805116148778,0.5150951815632226,0
1.8532681910580568,0.2711862421098255,1
2.085917792405178,0.1539330422773476,1
0.8055706607567906,-0.42551237911622225,1
1.0870923728049815,-0.5993377052239475,1
0.6830527353838352,-0.5509320030618354,1
1.8933426044008272,0.22522654094905933,1
2.1331692041468,0.1283559178130154,1
-1.1513022925874066,0.15680715490433186,0
0.0937595403126206,0.053478079092713786,1
0.0042105143470864866,0.8935419908710358,0
0.8866606761602523,-0.4715031442498464,1
0.20151093812721066,1.1875195951982984,0
-0.8683238571309715,0.41282884021091903,0
1.9839489292827825,0.16085640742153712,1
-0.5859529359836989,0.6618215939980004,0
0.704672239261955,-0.4100058008569303,1
0.12937845602512538,0.20619498656049792,1
0.7130962276315144,-0.5302414401203983,1
0.1875106847848961,0.21502770726664822,1
0.19790718375711147,0.15948715958750237,1
-0.9550291036564077,0.3190585891852101,0
-0.004776958053523739,0.9742846906271913,0
-0.8951969120010742,0.012255164409782776,0
0.7148736138110107,0.3420568489554664,0
-0.5863745520026127,0.9970614231689777,0
0.7123338637024146,0.44071542901646105,0
-1.076564057301008,0.21988286894613357,0
2.1250952978695348,0.4103847326318665,1
1.8635099455716904,0.010394246369281324,1
1.4629505220181998,-0.3886903056122061,1
-0.045429126476856097,0.28973413282026245,1
0.05464374886334897,0.21631040867169687,1
2.068417042657222,0.13563314869563117,1
0.875212033495599,0.4839917002581644,0
-1.0203321461654005,0.17475840756023112,0
0.011535683985097842,1.0021017724664365,0
-0.6510398798441699,0.5971735570293639,0
1.6873256269389338,-0.20026563069303552,1
-0.3318114739218902,1.0823515900237537,0
0.5282717626067349,-0.2565979010411735,1
0.11341566537223392,-0.03976574470749909,1
-0.7020122731858361,0.7278185441233251,0
1.0840065498825604,-0.4137283442450386,1
0.5041747746587705,-0.4385233507431754,1
-0.6658446325727436,0.9497811763758522,0
1.912701601771895,0.5941067876285568,1
0.24420437663219136,1.000756485087625,0
0.9746997059277444,0.2667646587616317,0
-0.802660418617101,0.30863920814658335,0
-0.18924996284920434,0.7825610565210593,0
1.5856910499828687,-0.08195553782220334,1
1.8069095055820041,-0.1484752157783232,1
-0.08805232768468899,1.054374883098758,0
0.34333876321030793,-0.1785743732324373,1
-0.29885295543455737,0.8967779905884098,0
0.7737363130345326,-0.6385670894157206,1
-1.1545990115208644,0.18926581446924318,0
1.991371121299594,0.27401933548433244,1
0.5951074632487886,0.6689818069936795,0
1.523136703720403,-0.308209396558844,1
-0.6691095974740056,0.777998473574862,0
1.1911158634087449,-0.4097414322147783,1
0.7961565099395664,0.5774276360759171,0
-0.9914086118707349,0.23132740022764317,0
0.8742916150886068,0.5504183322395129,0
-0.7327412502759033,0.5916650697085231,0
-0.8444802582390383,0.6616089895011006,0
2.0073380108901504,0.4650154515433085,1
0.46757921382529755,0.8678261393828882,0
0.3073318936596027,-0.181437475206152,1
0.9479562080583669,0.31616678358681644,0
0.47326854323656,0.6611939518995111,0
-1.0229405716967153,0.09952871545750737,0
1.992982830930261,0.2754686584440645,1
-0.7465007144697664,0.5577527531709768,0
0.11156825034541457,-0.08521547289873338,1
0.911577399341726,0.315628171726562,0
-0.6437529980034493,0.8984472214604766,0
-1.0434695401111673,0.11308680121770873,0
0.9353729668590326,-0.30713478324402843,1
0.8139347138836183,0.3361455976452314,0
0.1624911096996206,0.9674762396825625,0
-0.5424791936098252,0.7928042243184741,0
-1.1216650382289477,-0.0030034366291867565,0
-0.38882609225395176,1.027370299144728,0
-0.06363197434642184,0.048544582753298454,1
-1.0157856515399057,0.4547002934392842,0
-1.0536640049434287,0.13608390774427329,0
-0.9954496846017862,0.6850915679834243,0
-0.5881356311584925,0.59884324042291,0
0.4982875352778143,-0.3163925914696314,1
0.2570037983838192,-0.10426789164055433,1
0.7160516995675669,0.5955755507522249,0
-0.3009912890413676,1.0058721689904921,0
0.42722594901785793,0.8343109576179202,0
-0.43680657199013856,1.025028336579675,0
1.021230290957174,0.30343513887222706,0
0.891486350300727,0.6329583099736309,0
1.9941021375174568,0.12098328347099427,1
1.1849477071760455,-0.4703716957526301,1
-0.06943976171467998,0.35879714478630914,1
-0.9736807603845058,0.14977031818539732,0
-1.0070752095615618,0.32246281032491514,0
0.7935126248394838,-0.515653898051519,1
0.7087350533607624,0.7468093487275964,0
0.6229947252229329,0.7243392303092275,0
0.48388732519629324,-0.21424957818619195,1
1.566535911142142,-0.13141282392453518,1
0.18619000115827095,1.1279220747839758,0
0.39104372622920436,0.7290532094521225,0
0.7084639675154797,1.0303630318985058,0
-0.7907599607373273,0.6025489023498356,0
1.019564648537524,-0.5135960611708201,1
0.4525993788146236,-0.3240483871971213,1
0.5623563071693058,0.9015553286442226,0
0.37394163518237,0.9528084883606031,0
0.31216183213719884,0.8975670578793484,0
0.7256612304422339,0.7400907316911716,0
-0.07526970493233424,0.8776090588490397,0
0.06715824261691011,0.33190689699962944,1
1.9277583208666966,-0.1938261890874896,1
0.6881322610317132,0.7783974115774686,0
0.7643785197352211,0.5581013946314224,0
0.5219577182790403,0.6467602876448951,0
-0.5080670263050235,0.7468813232939436,0
-0.9715467234569094,0.43016726761477875,0
1.822893232074441,0.007354556412412616,1
1.8171019623487883,-0.018273140688752576,1
-0.9708920654221626,0.12358581385551128,0
0.817780551459561,0.32404959579536236,0
0.2044296133213571,0.7157240972741151,0
-0.9248430977547668,0.6909077459379032,0
1.1200938778398621,-0.41610597328808424,1
1.8399792213022672,0.15306080471179492,1
-0.9364711192662182,0.3508805447368817,0
-1.0470627410990856,0.030163673590056533,0
1.808660539443523,-0.03618107598323003,1
1.0398377328583877,0.24350287862611525,0
-0.3462291850839006,0.8511261089676384,0
1.47959897679439,-0.359331620554302,1
0.6384469236053678,0.748765710042759,0
0.7162138451181586,0.7407745688977521,0
-0.9039824301194472,0.5055206295465366,0
-0.28681958677672675,0.9462817332887881,0
0.6411109951086895,-0.6391723946665977,1
-0.27115311802430664,1.0792133390332286,0
0.6884996357533253,0.5483340966074844,0
0.8296940366438792,0.6530029913704766,0
0.35446428998721236,-0.27324283584684295,1
0.27972229362905177,0.912942530487549,0
-0.8037366838904747,0.4549061884931559,0
0.6136304335347151,0.6938761581715092,0
1.1506814150889382,-0.5631741011901866,1
1.6505099268864751,-0.13442092617507087,1
0.1971367211240546,0.9467696249410842,0
0.5366129285189601,-0.4925793810465001,1
0.9299657257226381,0.2560029380618668,0
-0.6583924872642782,0.6150287885821434,0
0.8988775889299845,-0.33642102861328516,1
-0.6416913909117757,0.954436657140574,0
-1.0793614011768853,0.5319375769644031,0
1.0017828746672612,-0.5122600194750322,1
0.6775585064646444,0.5451289858099699,0
0.7905405258673229,0.5555305240778433,0
-0.8514798034916701,0.5553546308263035,0
0.9444978900107931,0.5274930704290732,0
-1.2354284357791283,0.04355549997094389,0
1.207593616363591,-0.38122560328265187,1
-1.0873271204702124,0.18632851031330405,0
1.9442554519515554,-0.07530428284371608,1
-0.6809773677548001,0.9079251390231952,0
-0.7139018868250697,0.848860198919589,0
1.360310770844781,-0.5118424950623144,1
1.6087241158608978,-0.17131051143123657,1
2.07089730920248,0.3362592534621244,1
1.0022823766866116,-0.6786965990630573,1
-0.838351470035016,0.5074729257220562,0
-0.6826654126632643,0.5331988398697205,0
-0.7530513244837531,0.5875435939198205,0
0.14803866545089703,1.0662822185540244,0
1.1090461702165477,-0.537899826074038,1
0.25301251665178576,1.0166737647976218,0
1.8362690095335383,0.0014210398011383768,1
0.16514120706679025,-0.00100499946064099,1
-0.04948686252570083,1.0646641139533093,0
1.0624205470990644,-0.4790905838359684,1
-0.747195446188838,0.812821842234854,0
-0.03920386203702655,0.5540333472912022,1
0.7480050821735561,0.6048725254268265,0
1.020512014356628,-0.44999678644434854,1
1.374037840186768,-0.40524251491267244,1
1.973403202241799,-0.12863710963235897,1
1.576409661826741,-0.44170907675710847,1
0.30171844524279096,0.020700294191555148,1
0.17668635729811474,0.35386787471057657,1
1.1708863379142076,-0.33685672192996197,1
0.44979337883763615,1.029366461310266,0
0.9471195056286589,-0.5336012337700986,1
-0.8324758703330761,0.506038587558877,0
0.9452295773200748,0.16795983388964172,0
1.4111911922818832,-0.6741572418061833,1
1.0477479100012062,0.143184298140865,0
0.1861235089512789,0.09313286395334675,1
0.42109544555435086,-0.35789229511703535,1
-0.08040490993143037,0.8809826075147197,0
0.13555201415565002,-0.10386771308161334,1
-1.000930653148768,0.3349651105914192,0
-0.9967998726116004,0.029576174847153136,0
-0.40584723465439265,0.9729274522968541,0
2.0782156704765846,0.1998567247959319,1
-0.18232892853150667,0.7719772799402151,0
-0.026420282957450497,0.9944952039303756,0
-0.9118188930206292,0.15918270362083653,0
-1.0373239528229934,0.5434057361094141,0
0.6777125732842494,-0.37159974156357245,1
0.5194715882268665,0.6602574119606394,0
1.0753854438187653,0.18229214473169936,0
1.7559011799288764,-0.04093099526997469,1
1.899838210195658,-0.035325861279838805,1
1.5953439829092972,-0.39075775586937156,1
0.2903931581529936,0.9778602708528913,0
-0.21583263847634193,0.30725125703639855,1
0.6577995132890516,-0.3856266566474169,1
1.5444604970816456,-0.5048687988049497,1
0.12977010121935215,-0.14851415962159015,1
0.7806976114437003,0.593399469327462,0
0.55936369028184,0.9435864102229397,0
-0.333723845657672,1.0719433819403932,0
0.4183809795355548,0.9442281369653409,0
-0.060476624320483674,0.24020196256201248,1
0.34574361885676774,-0.09387006326432801,1
0.9334720902975886,0.1404748333793437,0
0.7051870684245214,0.8683160873324604,0
-0.16974052772694115,1.0900750608523884,0
-0.46710707781513355,0.8806566860588246,0
-0.7444106576829975,0.86008038356515,0
1.7407347517613705,-0.13246025033179792,1
0.3160739020874893,-0.25707881065113974,1
1.3585280353582572,-0.5486457226496054,1
1.6112788405513423,-0.3651647397001861,1
0.24827458158551508,-0.12539288385344122,1
2.1255253397497,0.23409491474201136,1
0.7117572629815138,0.5411718468379194,0
1.8295742081559268,-0.3156726423405506,1
-0.24228094595344493,0.8430345744747366,0
-0.7670445002844194,0.7516680458628593,0
1.2264100968509244,-0.43862812618282665,1
1.754276425086864,-0.04822611015701956,1
-0.8965893961061311,0.7424978700918068,0
-1.04040602897495,0.026860699004865887,0
0.9983891700012109,-0.0663299626160542,0
-0.5258155619894291,0.903200114939149,0
-0.20063169311974377,1.2005408233655197,0
0.12808972665190602,0.44739367245737954,1
1.711103601608052,-0.13126320700348024,1
0.9426766531006364,0.4884021595925703,0
1.973892502587194,-0.025864709863102048,1
0.9070677888999192,0.6075141667247197,0
0.050222024061998535,1.1605224659727815,0
1.0707131295748722,0.4351769404152698,0
0.06283803802380408,0.16466482005794109,1
0.7093950377191607,-0.471232956736413,1
0.7704447905510003,0.6851783254400035,0
0.4089239982569463,-0.3714421592775086,1
0.16938378624284853,-0.050566742009103716,1
0.4619095685092644,0.8834578163336826,0
1.3522205279244588,-0.418135745811477,1
1.9444989272404631,-0.07206854163027807,1
1.3569248258198279,-0.555564116614766,1
1.6177339642021908,-0.3360098283045019,1
1.6064010794623473,-0.31166213757034594,1
1.0573876386016812,0.12849940454762593,0
1.2268769819811396,-0.6437012922268546,1
0.8254171321377688,-0.413038068071679,1
1.9932474370887965,0.04709164746245886,1
0.8073189859958669,0.5707376654754206,0
0.8668021145348512,0.3092599803718481,0
0.7289577618548788,-0.459179668223382,1
1.437150152390865,-0.372495032501146,1
-0.9805608812862808,0.2845291192166933,0
0.5643134811739818,-0.4226380941222188,1
-0.47221953613337264,0.6901559701352814,0
1.0790559564083004,-0.3644210727998658,1
-0.05547209799625951,0.8912872623510384,0
-0.7824240398369542,0.5770084784964881,0
0.26855720794476273,1.0369794584109198,0
0.3984062793631077,-0.46068024253173206,1
0.7093303632252249,-0.3906638320733074,1
0.16259935239606726,-0.038168110524949235,1
-0.15278400030612857,1.0176899838771707,0
-0.7062159182356545,0.9530738433783967,0
-0.6343968985737255,0.8276969028458723,0
-0.7039758899662426,0.6470543777712586,0
0.9704913251931707,0.07160237455451109,0
1.3449936438116967,-0.6536675186126351,1
0.9041316631457146,0.20698752723291036,0
0.7911923894874808,0.7727853777083972,0
-0.45806390060535596,0.8310257424600561,0
-0.5084014246814839,0.8850078529623732,0
-0.6329193865822006,0.6105903286349805,0
0.8559272434368582,0.5738237416363796,0
0.5612969251610731,-0.3533403704197607,1
0.15187596680492627,1.0071957471758402,0
0.9751282121951333,-0.600048449641262,1
0.27526023780129694,-0.31921872315234523,1
0.9089673516233329,0.5496862129198429,0
0.3460656697813325,0.7316887668972583,0
0.20911093009248055,0.8362863334542339,0
0.7819718363909716,0.508582940721018,0
-0.5048975029100546,0.9100857707341321,0
0.8942665300783904,-0.3520610493415509,1
0.8115239125271171,0.7541472168108443,0
1.85631927790433,0.005244694970109404,1
0.03783104536793358,0.5158872466405204,1
1.9392853534600831,0.2871837104930409,1
0.24068225165780016,-0.10379849314853781,1
-0.23672512811086072,0.8443917921098538,0
1.4176445684874013,-0.4914330421791765,1
0.25820356078939144,1.1514799746342077,0
0.596727492067745,0.6383835259273345,0
0.17758262147418125,0.0370011918237661,1
-0.5764539504121675,0.643277362990029,0
-0.7504353618352532,0.619302441954065,0
2.313083817535127,0.38209238707193377,1
0.07442987427134873,-0.2133583087790108,1
-0.7795351575944394,0.46565242690997477,0
0.9095622305265078,0.2551243573615763,0
0.7149570433540677,0.6255267150044453,0
-0.9636005550498212,0.523462443471037,0
0.045969917751333245,0.020588061260106233,1
-0.2301984947624114,1.0602982376532766,0
1.6101709768560164,-0.22604938185548637,1
1.4137124625004325,-0.3736124183795383,1
1.1495458300146955,-0.6354159527143517,1
2.128579860177912,0.1482164449269044,1
-0.048316118691311055,0.9759970692799725,0
0.928973473252876,0.6141280784079374,0
-0.889354015535782,0.13763477649778208,0
-0.0875210359406796,0.4769135438712593,1
-0.06080447731137202,1.0404368620092348,0
0.2762474035873553,0.1189330882325102,1
-0.8381613455629593,0.16999545649319348,0
1.543296734272242,-0.22290281346922458,1
1.9453152878668383,0.0073345024401212655,1
0.9126254927680475,-0.6036779755448083,1
-0.9555326246905913,0.11550059886878479,0
0.1124348959279168,0.2668276968158382,1
-0.6737224839963424,0.5907088189627192,0
1.8612131436078831,0.17659560941236244,1
-0.7345232961900734,0.6787737496288543,0
-0.4690684628906244,0.7982741600148693,0
0.6568552422939391,0.8662099197213691,0
1.8074925206131642,0.07505652722985867,1
-0.3344377288765822,1.0309412028311304,0
-0.8293231816741924,0.731786974233973,0
0.3631101688919892,0.8873897497849549,0
0.1376523048925059,0.06548672656727028,1
0.9059782376638494,0.5900512110951697,0
0.365879794451389,-0.25500363180838015,1
1.9179711111743596,0.25815169285508827,1
-0.3828528742360926,1.1721461100089756,0
0.5136995949529419,-0.3907309686150829,1
0.36058164127128245,-0.19898682146899666,1
0.8602205781412005,0.4566971616613446,0
-0.8380169910148056,0.6507854100435504,0
0.8412516355462815,0.2587342442854572,0
0.1465713269676847,0.49869780133557357,1
-0.8680648528751305,0.29617438986892675,0
0.9923860963103682,0.10112449317714736,0
1.8637386047001832,0.06725495950814839,1
0.3750661291280413,0.7548129141774088,0
0.9648729786934639,0.3558945045027405,0
1.4995058761250304,-0.14378074985724554,1
1.883110761299101,0.33202584161947307,1
-1.0464154009860485,0.23306620150316307,0
1.8984674452177521,0.5378726019218438,1
1.5557883770676713,-0.3841654048938907,1
1.8810850990730432,0.005305646101370496,1
0.7149963863668496,-0.634483339519111,1
1.7668217847793137,0.07822415861373014,1
0.12767299510649313,-0.14286343584073144,1
0.6316438693734373,-0.38514975804594637,1
0.2783077975886228,-0.017745714557227815,1
-0.048136424339617054,0.8754940459082252,0
0.9149093436570069,-0.4595224832256001,1
-0.9729946967291074,0.3935835063798633,0
0.26479747127922953,-0.343996689962264,1
0.33484305708131046,0.9832282962104998,0
1.4433705766158962,-0.41093083364376953,1
0.6331667854811565,0.8184623625697228,0
-1.040330674070894,0.017271708683742323,0
1.6661580013817585,0.026948981380583062,1
2.145187913385863,0.368977628466197,1
0.8934176520065625,-0.5620638953825493,1
0.6338500829908305,-0.4691236623507601,1
-1.0270670621431899,0.21479748842494986,0
-0.2273803291513315,1.008222237397014,0
0.46466820547752774,0.8380620029048124,0
-1.189633359362447,0.16514993267324657,0
0.35545244214931326,1.0950119463791503,0
0.8950414173329823,0.5290931109305419,0
0.6212696444851028,-0.6365364695673633,1
-0.24488360766267842,0.9930097014877891,0
0.27408006533659934,1.0849582524695702,0
0.2501370971095351,-0.43142673686665656,1
0.2036283642830014,-0.11721953730484319,1
0.9643180047081839,0.2261596248944605,0
1.6567019694746574,-0.27673290491127533,1
0.9686407584670612,-0.16880441684671804,0
0.7355120281851097,-0.5917491168282377,1
-0.9500581198273417,0.2816446832949157,0
-0.3513804121438638,0.909506147303456,0
1.2126246130572838,0.09392430456777784,0
-0.9436263352166391,0.4084234910579136,0
2.0891338839221927,0.45218184340295,1
-0.21408201622776343,0.9801536810270072,0
1.5131853162741309,-0.3247124692379777,1
-0.0023619613764301606,0.4413485359354725,1
0.05703446935611868,-0.09168042235044543,1
0.6321076651757449,-0.5160268709922872,1
-0.4850512710846399,0.9243237021474566,0
0.008063060347940049,0.10448467631724581,1
-0.7516559981556251,0.7001321998509613,0
1.0814924587043098,-0.4115173342676654,1
1.0197673647623233,0.21674888437306591,0
-0.4589137081569233,0.9422838019010983,0
-0.015339394926286179,0.9389616696166077,0
-0.6392506414655538,0.9138153589498026,0
1.8138550993814389,-0.022791397696885617,1
-0.9754035826759063,0.23431512098757476,0
0.5750465914201833,-0.35566568796054515,1
0.9100193623452538,0.5879707135636065,0
0.62285272613928,0.800109228357466,0
1.9054786496763423,0.39860937184740197,1
0.6952262456266507,-0.6599781923718335,1
-0.027125860311851185,0.23545450656460232,1
2.0300356432348536,0.13922771486376617,1
0.06126668368484351,-0.16736377523021437,1
-0.879612724127169,0.6023555010899224,0
1.0401721044736836,0.5418320908030427,0
1.015731947840352,0.3851962363160904,0
1.8885217137320207,0.027648504714633357,1
-0.8798970196286349,0.13860212998471108,0
1.8093115285682413,0.47264511516981145,1
-0.42467979474334216,0.8486217572972383,0
0.6911024936443252,0.8894527806196049,0
-0.3972844346373952,0.9377269152659108,0
0.7817567177001149,0.4002417018451468,0
0.0791217227939563,0.8242440594362508,0
1.8789283705684163,-0.2272960677247085,1
-1.1364015847868476,0.10028681817711917,0
1.8579609531100847,0.44406714082450627,1
0.17907752524747747,0.979761621653364,0
-0.5124886431418808,0.7855485358590966,0
-0.8697362981528984,0.7066212585321671,0
-0.8894859253698664,0.4485025834188157,0
-0.7199768889517054,0.7060397266487263,0
0.6324553387427313,-0.331074272849452,1
0.5052077458765121,0.9378240518183526,0
0.7618092273400148,0.688196002275493,0
0.5472910209107775,0.9387776566899853,0
2.0303134139824683,0.25940366572994433,1
-0.8988559795586075,0.6409028399166423,0
0.7397360131491578,-0.43912933904716295,1
0.03800105777733235,0.3263878776742584,1
0.9763543603533487,0.2486584590787273,0
0.9100775217011746,0.16307885355855323,0
-0.9883653827712252,0.24577848684386444,0
0.40657125281267315,0.9377968738470759,0
0.33021360111583553,0.886189969394778,0
0.06988730234632766,-0.05385886323601265,1
2.140832220241221,0.4443101838483213,1
-0.7532661956626422,0.46777958955665966,0
0.2645553939793105,-0.20237256921908897,1
1.4700317484481136,-0.636197483964765,1
1.2227556461959816,0.04216358443966779,0
1.8872599462417774,-0.1240586914074431,1
0.4293101432516997,0.5684849459590883,0
0.23872101826698067,0.9824847033765364,0
-0.19504408773735432,1.083806426109037,0
0.12465661192089703,0.16849318570451977,1
0.8264844275846225,0.37497849467794536,0
-1.0353234723958689,0.4105016100642326,0
1.0770510250433305,0.2143866568988758,0
-0.12906694996642373,0.48026563883303974,1
-0.9801772625768501,0.4115532782682656,0
-0.23860468966809645,1.020091313986729,0
0.012437441691695972,1.0661335180305223,0
1.2884380395147363,-0.38503340642043293,1
0.5611392119690439,0.879459802498753,0
0.25511532841799583,-0.2101049630089377,1
-0.8959821380737585,0.6276553989221852,0
0.8680164033745057,0.1787059038566805,0
-0.1837090040422838,0.9806244122937647,0
1.9893506617949444,0.02929007595235933,1
0.5802247398896359,0.8521687650387076,0
1.8631575470677664,0.12343537341249039,1
0.8586698041313886,-0.4980419205470761,1
0.6922651224954989,0.7183618525772418,0
-0.20304894700517703,1.053200505275194,0
2.102019937681536,0.2211778441655347,1
0.028877799682367082,0.054677466493970886,1
2.0188468319221453,0.34139127145505516,1
0.25594103681626135,0.8576653541671412,0
-0.9195429000650921,0.3484404149949018,0
-0.2670638967419125,0.7615800984263843,0
0.5966995882732908,0.7586876344914246,0
-0.0820395098938761,0.11732620756004322,1
1.7421374074416303,-0.3080115991140067,1
1.0943817167679215,-0.4155514062875447,1
0.31955765259792795,1.0066102813979425,0
0.47545154966943387,0.9783855214341688,0
-0.959282624125458,0.4307878323910796,0
1.068961201995886,0.2029540193710025,0
-1.0235455733478285,0.4157632614861153,0
-1.0298797212984474,0.2778474256632088,0
-0.9121792893091177,0.38570888857521307,0
-0.4902040729726181,0.7434747457073427,0
1.7753662466391429,-0.2037373139647704,1
1.8719042161502935,-0.268897336281832,1
-1.2188223619420089,0.11710252884911487,0
0.29506968734288774,-0.1379673720123272,1
-0.30930369872322494,0.9756024755279802,0
1.1803910527570567,-0.5425925797525211,1
0.9094668900703587,0.5296045338816204,0
0.10624776132800523,0.9522183077267379,0
1.7807793444086595,-0.3823172909045479,1
-0.7411998015642663,0.42957937879686303,0
0.1277888017632322,0.2733487848948605,1
0.7642575390251725,0.23345613229711917,0
0.4965643784510452,-0.30297930358254666,1
1.8622501732279562,-0.04531219108838089,1
0.06584498700679975,0.9522650897670395,0
0.8487816176568563,0.8582296178952875,0
2.097405202549289,0.24288065022739752,1
-0.032969988648709536,0.3715474575213787,1
2.0100725429300805,0.15848737738415636,1
1.3046346306355843,-0.10104343281814093,1
2.0180940197147765,0.45879225121716993,1
0.34512369797617404,0.8041808352779298,0
-0.5597645887779489,1.0797834946407183,0
0.8833884223459816,0.29629921218831023,0
0.8841861789158646,-0.5984056940089835,1
-0.24451654040359774,0.9832361922287487,0
1.391529034290321,-0.569703020767849,1
-0.8825266960917493,0.6213436024019449,0
0.8038661240168298,-0.47327711392943356,1
-0.34432386786258123,1.0468064564487534,0
1.1150263775105829,0.36010448511722587,0
0.8416459615002676,0.2502967239225211,0
0.9859893654367077,-0.4892699545440463,1
1.8401054367042857,0.08198936196312562,1
-1.0048798551176363,0.4521737659090497,0
-0.1785572047353141,1.0118594903062497,0
-0.35201071008535767,0.7890640729143862,0
0.4505884507889117,0.6786641708023751,0
-0.8327565495410243,0.7007428236371706,0
1.666878856669579,-0.3688664717961428,1
1.1503417738215205,0.45260623271449363,0
0.36586328369188276,1.0000242684149236,0
0.8789650487073339,0.5570865346886482,0
1.8496866208261664,-0.08966568398693216,1
1.828858903895013,0.1455941464180301,1
0.7689301452223452,0.5471028119085158,0
0.19857044778698527,0.9366453148180358,0
1.8632729788138762,0.029500901394375972,1
2.016875334189521,0.16395419296332628,1
-0.08374740883439422,1.0599904021774844,0
0.6855104730170081,-0.38075290104251736,1
1.0960345062271255,-0.5415096995181369,1
1.001859175332315,0.661582227108194,0
-0.3483831880596947,0.8389829111326585,0
-0.943363494992379,0.2285630808671413,0
0.6655444271138651,0.7054664150271088,0
-0.716449794386244,0.6069833524069899,0
0.3127239685129737,-0.2268047787424679,1
1.9116488055025522,0.024162526261279436,1
0.9492504978877679,-0.3599159825422571,1
0.498993250216435,-0.3469792968528156,1
1.9284917261437517,0.2441649634984578,1
0.39164239895937286,-0.15343555206738635,1
1.9004378529886359,0.20867052471213848,1
0.14145813628711282,0.3312424114878544,1
-0.8242324082133297,0.5554998590736987,0
2.042880445050166,0.09266652313841103,1
-0.30359180308951594,0.9622962888072425,0
1.6934882314550757,-0.09584565010902009,1
0.9440420120842701,0.6152250391549812,0
0.5930951756471755,0.6065536796714099,0
0.10304544023105955,0.885701916733081,0
0.5770841994817609,0.8332683101657375,0
-0.09853207535435744,0.3570951249336317,1
0.16416316688542415,-0.2859631648971004,1
1.702054935847415,-0.3932883961562196,1
0.3518296670560873,-0.3527010285512261,1
0.8861910772915226,0.5058584556517972,0
1.9820837797685138,0.37636156473067894,1
1.4339714005416195,-0.3582746745003445,1
0.3813056016801024,-0.16402559074113576,1
1.6664733344645306,-0.19663082827585082,1
-0.48632228595320715,0.8019932719512372,0
1.980566623816838,0.08791356341686335,1
-0.2282034320617633,0.7571267015981588,0
1.626794913513358,-0.21170365690252882,1
0.5308331222735494,0.8788486824519117,0
0.81114210022245,0.19367891683797478,0
2.044316282303253,0.1978488829638539,1
0.17942077153157107,0.1336377386347006,1
1.9779768601006416,0.4026548982823601,1
1.3890722399719029,-0.40541521361433447,1
1.595487111418054,-0.27385059153348007,1
0.8134923906205067,0.3490522418307273,0
-0.6403307563367426,0.861284182823342,0
-0.0464872394534242,0.9803952738448459,0
-0.7271167580697036,0.7315232993502346,0
1.179872643091659,0.1663351763539625,0
0.9456235963316999,-0.03712328012957586,0
1.603869541339426,-0.16475601478241864,1
1.2033015021504112,-0.48116046792592415,1
0.24672761359443235,1.0082249775781058,0
1.4811662597414468,-0.3769897446706704,1
0.10804849643002643,0.07910918703192521,1
0.7416074755011296,0.5115328215025259,0
0.42572363278322767,-0.51749075588347,1
-0.45496117299304023,0.9667751904567231,0
1.8933272964389345,0.09614153950962046,1
-0.6690755937157834,0.7883140863585933,0
-0.9903439871364509,0.5006533194638363,0
1.5224051298271188,-0.5749584703693597,1
0.0826779013617222,0.44698674111171466,1
-0.6489421011186447,0.8332925700791072,0
2.0115198816137605,0.26858630027408636,1
0.8342469906857823,-0.37023816687132555,1
0.5383649233879165,0.6906207401636749,0
-0.10872677201961803,0.37279548812894003,1
0.7376364004625362,0.09620830531968588,0
1.7913417629590658,-0.4037475940439599,1
0.34136572074882077,-0.1289934817870857,1
0.5639500582698104,0.9593107602643426,0
0.1803272031378264,0.07345370351805702,1
-0.4776592990383095,0.923437842751051,0
0.49329621137809615,-0.46266756136546505,1
-1.124320830663939,0.200941659004908,0
0.3335543087579498,1.0044503269543696,0
0.6275274401347964,-0.5611562676318006,1
-0.9600140777651363,-0.15393867133475858,0
0.4469222345764853,-0.26772480189545655,1
-0.9899391540010287,0.14217412403921373,0
0.7803614415558213,0.7685815550476045,0
0.9381209739054559,0.2907908342411527,0
1.6960331543269103,-0.3644037865514945,1
0.4428077100769291,0.9195239234964314,0
0.7081824297498809,0.6275918990002942,0
0.1995243565895602,1.0087272345546479,0
1.020506258494961,0.00825250731761265,0
1.0390633044101065,-0.003586981909369888,0
-0.7952152803476551,0.5032094528075616,0
0.6095245486600975,-0.19223548682523098,1
-0.43406633791125093,0.8921547031436924,0
1.490181114859317,-0.36484645323406006,1
-0.9999329772735266,0.1565658055310346,0
1.5615155229147635,-0.500703641441625,1
0.4960341837870236,0.9115677256579284,0
0.6470270539336404,0.9177730608498558,0
0.6919629140634433,0.544380403679815,0
1.8642258940303427,0.14808762887598004,1
-1.079318114255414,0.1841190999580826,0
0.813230394039286,0.7032678951551836,0
0.02229589703621812,-0.07378032551386968,1
1.853145518104898,0.49819831940082154,1
1.9264040518258247,-0.069387028620677,1
0.692253792736125,0.6339085541912195,0
0.4182344058418983,1.1028966857092162,0
2.0278313644939114,0.5155226616763366,1
-0.8215504824132401,0.4409442432211208,0
0.38104818046986794,-0.42329325838603893,1
1.0488525236834358,-0.6224364519814166,1
1.98736084148365,0.08170414636863757,1
0.5147775159860463,-0.2991168259008977,1
1.61763266994352,-0.3008024804362318,1
-0.5674750971118203,0.5849735929392261,0
-0.14619559859587136,0.7534337142904122,0
-0.9811561015486734,0.33229002016521597,0
0.8310752682525276,-0.5302866225898176,1
1.5116848768061277,-0.3323188616695675,1
1.5884771690233515,-0.36766873562005925,1
1.9735791394459439,0.2551116611261331,1
0.1573106861725043,-0.14930536380004059,1
0.0730257894048024,1.0445105370652257,0
0.5945297893108198,-0.3751175723595592,1
-0.6151740451685501,0.735277383411138,0
-0.6682027832108878,0.42837635849363587,0
0.19387284328906781,0.027113724643808693,1
-0.22044494957386082,1.0084266092483916,0
0.8353440759690649,0.17802399709018896,0
-0.9872547077295163,0.27820890494616474,0
0.7725753604244825,-0.5563213003445991,1
0.6807659779836239,0.517082134000618,0
0.8757188586745367,0.3992852170349225,0
0.26682588502493276,0.8121626663357713,0
0.8369902231789499,0.47457106974111624,0
-0.07705712613920944,0.23648589384341226,1
-0.8705844408748546,0.6774554880616607,0
1.3136735222540101,-0.4293241069968987,1
-0.7279531381539234,0.625551868162523,0
0.3144313436641726,1.0691583788713386,0
0.20191989338279498,-0.1330504136130127,1
1.0999098808167826,-0.4248848580453949,1
0.9741249753414998,0.27328031071848546,0
0.330008872189807,-0.15191973301515968,1
2.110125206871495,0.3795596147720414,1
0.6564680726978934,1.0137713601383949,0
0.1428589764178817,-0.04003539189467446,1
0.6362001766466698,0.6183341593923566,0
1.8507452151993342,-0.0882666045395931,1
0.8308195235859335,0.4038322437795109,0
-0.5572560873611239,0.785230321502653,0
1.6266827363417788,-0.04943620203921992,1
0.4857664429160415,0.7788593115529281,0
0.8440905634902117,0.7619387287913776,0
0.7050455987523431,-0.5103455355734905,1
0.3823315970577783,0.8108399392348279,0
-0.6614330325937202,0.7441907701061302,0
0.5124470540470942,-0.46296182230709704,1
0.7804731038690035,0.43724892590349995,0
1.4819559627960306,-0.3379398402895214,1
0.9877068371297586,0.3296968559990013,0
1.871488811218758,0.1025144081912514,1
0.916018266132548,-0.30501385185207164,1
-1.0112045943732422,0.12074513317661201,0
0.9500564876254245,-0.4830382262068637,1
0.4577707626835921,0.8915923647268731,0
0.5115904440854916,-0.45614308917667695,1
-1.011659183284218,-0.19359802347791366,0
0.8859164350205111,0.7124454795509916,0
1.6798765683704064,-0.18773056299694568,1
0.6493001602471734,-0.5731830161470798,1
-0.23660486992017246,1.0416163373395366,0
1.8866952093360823,0.04813890936681822,1
1.751201832529787,-0.19251968230400407,1
1.0087662664030828,0.31385009739072184,0
0.9985657727111595,0.6014073763453627,0
-0.7439303084763326,0.8682282779937625,0
1.0438513114926342,0.31305991166326097,0
0.012758462648175765,0.9455642142685509,0
1.909193316290177,0.20367897311488736,1
-0.18386437457236673,1.0235174514789716,0
-0.040352638263477264,0.438995267213527,1
0.051207663768859234,0.34952057284421767,1
0.1380871295487741,1.243515300762395,0
0.4801825916094619,-0.47860066871053,1
1.4808480282198164,-0.28592853339888163,1
0.8986178087132529,0.17584459362512517,0
1.6907922984699144,-0.21605025968666208,1
0.6309641060842717,0.8427157911459114,0
0.2898181416758214,1.1019664927602915,0
0.9837345082081788,0.3966284730684878,0
-0.8060934278149077,0.5800483473641735,0
-1.090766913164311,0.4840395011562404,0
0.506730957814088,0.6788763285921202,0
0.09223034962010102,0.343655821550818,1
0.4934607147844991,0.8598708932456886,0
0.46569502931981654,0.8947775887838487,0
-0.5385610918097392,0.8673410412174833,0
0.04080067918579737,0.23393661413746206,1
1.7971171109863333,0.34202183578358947,1
0.9643167264271019,0.034843107918088145,0
0.3932758995153137,0.8531845251709969,0
-0.6989131451392648,0.617626623052638,0
0.7155019245454459,-0.3734092599114723,1
1.1526755657525576,-0.496058046959288,1
-0.8147071466997255,0.2878758707169279,0
2.061763819317355,0.2029665433535922,1
0.19892355486015056,0.42772533455004014,1
0.6493150446868835,0.5448973620865553,0
-0.4623573468485447,0.7383121256362062,0
0.3296642192386061,-0.08079961224416596,1
-0.15143250786146584,1.061296132427372,0
1.7675574729578643,-0.2459250435641134,1
1.912963327430171,0.3267193251798247,1
0.3903104235701399,-0.16680703211630168,1
-0.7585209171050519,0.777379453134554,0
0.043371810821873774,0.1002488566939578,1
-0.8191186193298812,0.41021830675671767,0
-1.0931588839420328,0.015047184512992848,0
0.7768685350688312,-0.3165674367601638,1
0.0975063025776816,0.41584077887378057,1
-0.7968377362992789,0.5695732830878122,0
0.8241927854057254,0.6227612250961282,0
0.2508653368707856,-0.13645285057271678,1
0.5407511619313656,-0.40905038670540245,1
1.2159898925225154,-0.5453400916546836,1
0.3518469159464874,1.1372135547162205,0
-0.6956571730645211,0.5391068198614481,0
0.6839740538307457,-0.33963101123257733,1
1.9308829822622509,0.103263294107295,1
0.3598417599117417,1.196811690379814,0
0.02675524451106481,0.3280253653563694,1
0.14441361081831733,0.9513732914703855,0
0.46345270354006324,0.7955065705331247,0
2.193091515387828,0.20803937721046847,1
0.8084938519202375,0.37761819031322874,0
0.9839036355921739,0.007749659358110589,0
-0.9633560529317725,0.6789546170768174,0
1.0385339810571899,0.10322389960407563,0
-0.017635920114339967,0.016719284491141018,1
0.551930590804027,-0.5035020377230173,1
0.04619204142709932,1.0109214966797795,0
0.5609647509148202,-0.35816456769032695,1
-0.053980650470596414,0.18280690355220997,1
0.07759806985428067,1.0921985906278568,0
-0.8657847673705887,0.4519218620800222,0
2.026961650631359,0.12222269676226162,1
0.9462251813315853,-0.5368954464814018,1
1.8246714204290633,0.10592301312992225,1
-1.0176394291929791,0.05515129502305737,0
0.381570035097885,-0.3984104142018155,1
1.3995290787759316,-0.3651518206418001,1
-0.020019679990321275,0.23907899739451605,1
1.89882676449233,-0.022506080627673425,1
1.2678822876087932,-0.3671514751280541,1
1.7209182014543025,-0.22742988488917654,1
-1.2134004468429214,0.2422589927931037,0
1.543126741383176,-0.19687334923257935,1
-0.8385772566033795,0.5566046722587565,0
0.9088851885231318,0.26079510063523126,0
0.7332437698542086,0.5639131537087405,0
-0.18265366661922525,0.9936277360791842,0
1.9555776958723827,0.05988741866932648,1
-0.825884754161708,0.7246190127313179,0
-0.5706439306297416,0.7458391481608184,0
0.4630978693289054,0.901779177826036,0
0.9826508252992227,0.0897514597223864,0
0.08245448159821345,0.9142431626197277,0
-0.7717280140189998,0.7228658083372224,0
0.5106119823737882,-0.408732260060922,1
-0.8148774171633526,0.3451283981953816,0
0.24748103373528668,1.1963185968011016,0
0.7690236189867365,-0.33361664165100025,1
1.852986669157874,0.22160544215426242,1
-0.9801626615866745,0.07357981310821024,0
0.859984707728874,0.6170235563525923,0
0.18412025210735228,-0.08127804276438544,1
-0.1418005537198668,0.1292692552673461,1
0.9360159583067786,-0.5917144765277327,1
0.9174614430493561,0.37066064901197415,0
0.4377346226611082,-0.15535424246329,1
0.16347699106570196,0.09856878709799358,1
-0.02082387323364028,-0.01965206770705477,1
0.08949428250932008,-0.09634311788071737,1
1.9543662264902588,0.09964774620142877,1
1.2137856816306491,-0.4842779047055231,1
0.19454354504104676,0.8671942762253323,0
-0.35455240572514873,0.6900146633188027,0
0.7839528277909017,0.6928044516117496,0
1.856390389101065,-0.1098853207363803,1
2.08291869535037,0.4285428887160785,1
0.9235594760911754,-0.5113986777479557,1
2.0956625744706328,0.4098464733777963,1
0.3617033988791536,-0.13478623021745498,1
1.8241384526245985,-0.18887632607425628,1
0.7323329531000857,0.9158862981301806,0
1.9691542239706734,0.17019128198605127,1
0.9495113530322483,0.5037291743036925,0
0.9349564315692558,0.48106815740500514,0
-0.8637892376494587,0.41991984195423904,0
1.9888693389022132,0.011516497042157986,1
1.3469399570942007,-0.5464492973518007,1
-0.25922407433637373,0.9339007638091986,0
0.8344366092786992,0.5603970312777484,0
-0.20295291082617992,0.9860568104693529,0
1.9007727433810009,0.4011035566707948,1
0.07868735748736055,0.6891285088479606,1
0.41706522607024277,-0.2699450166576864,1
0.6485266422555073,-0.48887591292107224,1
-0.9290184238373603,0.4331971935575198,0
0.90499685494792,-0.4745977792066139,1
-0.6913996094858558,0.4842770551998218,0
0.1434348932896028,-0.14268684543465457,1
-0.3445311539208008,1.0152737348754686,0
0.08868881970684403,1.077970144985642,0
-0.8978718416162884,0.45279041652964735,0
-0.06462975401455756,0.3552336467936412,1
0.9596763554223896,0.310624744141047,0
0.6017541554854072,-0.4583960574898215,1
0.31578670651431595,0.011176648965822045,1
0.6716924671817683,-0.40698174584354174,1
0.3974104910898156,0.860412845310642,0
1.6864072614421957,-0.007286086109177553,1
-0.6275943087239462,0.8604532084255198,0
-0.8701045234281406,0.669148582881022,0
1.0315249097773358,-0.5760253664318842,1
0.300146639836182,-0.30634326518474103,1
0.02220026610268149,0.2027939967485778,1
1.5797549192643836,-0.20635764102563417,1
1.2350118886185903,-0.45956580077960135,1
-0.837034217827243,0.39812384343091917,0
-1.167899877152732,0.2583152779775002,0
-0.987430264547154,0.06023925853156097,0
0.24633844222405965,1.0598121919996144,0
1.0880680284969932,-0.487939042060136,1
0.17103532163341761,0.08292480300026528,1
0.9601842565664135,0.21515813718389268,0
-0.9386126312062021,0.10123171123404541,0
-0.9562631165468012,0.041808585416516754,0
0.10994229662287267,1.0643953000506305,0
1.0694037771600462,0.4066667795410627,0
0.7751031895150003,0.6251586747205788,0
0.42373353547337067,0.5459326042356949,0
1.982666209751323,0.0691930848225053,1
1.9216346538099702,0.3473829727975023,1
1.0162795295912814,0.11323559139917343,0
0.8797762962033863,0.2093607732100082,0
0.8246299735773944,-0.4904348302824576,1
0.4287130093318252,0.8642456755184638,0
1.189654956616829,-0.43434642053602296,1
0.22273200745549646,0.9349980654698273,0
-0.15171407079881893,1.0189276016197497,0
-0.0686903914437976,0.8644499079809185,0
1.2802944028266137,-0.34425630651379807,1
2.1006725514771056,0.2131942347410662,1
0.5239569847979098,-0.29280149857979276,1
-0.6330162975470517,0.8340896561071749,0
-0.7992946032532642,0.25648955953750896,0
-0.06290808593323309,1.1173468515058855,0
0.8695386511030763,0.6830104646171847,0
-0.9400728315104804,0.21978824282753145,0
1.0107029349843637,0.3278004075119995,0
0.718420311856626,0.7440938945677635,0
-0.7810803304321565,0.5272706301175216,0
1.7563567421174855,-0.13620061591836946,1
-0.01650941271908784,0.44029968110204415,1
1.0220066553182507,0.5812391148004719,0
1.9550113390277764,0.13766978677442313,1
-0.8261961190921501,0.6255904960300612,0
0.2203336769496406,-0.19154538115963324,1
1.847268445245734,-0.23455026107717958,1
0.490690041927354,-0.44365368244566167,1
-0.9881439611051945,0.09920130674620765,0
0.2613783511455208,-0.15573916462094284,1
1.6344626665468809,-0.2531217941487351,1
0.8393481902688956,0.7089448047671497,0
0.28902104577955334,-0.11887189508617596,1
0.8796878534450862,-0.15894297311351357,0
1.002308282064085,0.18947207078106287,0
0.11852810820476722,1.0914115130821644,0
0.9553637080379548,0.08923011547214578,0
0.7470942172498753,0.48644009190343823,0
1.2112511624325089,-0.3797201463891389,1
0.33416448125336573,-0.022972068997900386,1
-1.0247442781412652,0.2879399262612322,0
0.03786954802739513,0.11181765899278606,1
0.2179919758381691,-0.30898057901801446,1
0.2288594334971026,0.7987960016648162,0
0.0018568277353464419,0.9292006959204461,0
0.05493682995721307,0.4634374028773952,1
1.8585204754576967,0.08323227426424812,1
0.803014467116238,0.6093778781661174,0
0.1722434139671179,-0.1987653462766905,1
0.43972782877391314,-0.43815520958176724,1
0.6568947188145644,0.8238834403213066,0
-0.11170619148132332,0.9674226521557472,0
-0.3677224521991078,1.0447287657443804,0
1.413115343108542,-0.3256794928754442,1
0.29687552516805915,0.8334317353213433,0
-0.8247706756119441,0.06085864018750661,0
1.7049630270414933,0.09112954757959982,1
1.4875975970237298,-0.3540108512916258,1
0.666181086211235,-0.7602318154837019,1
-0.966147307206037,0.05442517314370762,0
1.9517933079987588,0.4680938364128606,1
0.2790301715834037,-0.29234160232245654,1
-0.42559869246820126,1.0132337240125688,0
0.7826830105997128,0.17608205825700363,0
1.287435895192199,-0.5676611210656785,1
0.8089530960345387,0.7709790494925874,0
1.23555826172613,-0.2615128786188651,1
0.17429423935586416,0.17515469680813253,1
0.7072649826003213,0.4918755954755244,0
-0.7782627119692634,0.6122992709431205,0
0.9736367895414134,0.3281943123143984,0
-0.060344241649738214,0.3696697410022781,1
0.6945615183956473,-0.47309024985507375,1
0.8600882513703834,0.4617493008746075,0
-0.5725867850531305,0.6897737255613343,0
0.2687947091496885,1.087691684104243,0
1.776527133295635,0.25548424865589814,1
0.8801270587376017,0.05346231013533215,0
-0.7373249880201955,0.6554819764514735,0
-0.02033349983182419,0.4054401459717147,1
1.429944773673703,-0.23994677352633192,1
-0.9565738615527364,0.44665327788685605,0
-0.3235284628324753,1.1107247333002264,0
-0.753852763301368,0.6683056169476221,0
0.8131906749905924,0.6545807151568993,0
1.0130423291602038,0.19406055183484502,0
1.8243958291460767,-0.1945935625037319,1
-0.9345273690004495,0.6218960481325436,0
-0.2851372005498525,0.8475381311317437,0
-0.7712727163500125,0.21767703467326316,0
-0.9543205615894024,0.37472646092882733,0
-0.7951941372826996,0.34161813203948965,0
0.10146706671348404,0.15751201426547473,1
0.7777285793395107,-0.4770268314678901,1
-0.5572307998841203,0.7597752360593735,0
1.4427942435609762,-0.5203401421746964,1
-0.2764614677171271,0.8766101706010488,0
1.7820460948425527,-0.02567713666219862,1
0.7771827587049582,0.619201403718931,0
-0.6508943168391026,0.6471935658091814,0
0.85796943046944,0.6235986500462237,0
2.1205475277934,0.14764074272801503,1
0.42232133455045484,-0.30335846251699267,1
1.7473403997524404,-0.2447519350997176,1
-0.23601017498633248,1.1275222461523107,0
0.01913409760010447,0.3947316897971557,1
0.4459114991457931,-0.274178962836231,1
1.9955463818519628,0.09998934664481848,1
1.384008343569526,-0.5342814960464227,1
-1.0496815523509313,0.3162703840687753,0
-0.07915385683769294,0.4186838752101626,1
-0.910152814249504,0.5130894037326317,0
1.205296586284801,-0.4348192008199904,1
-0.6317485494055513,0.8429548840602512,0
0.31877836071684984,0.8121820303990543,0
1.4203661866169357,-0.4866543682720553,1
0.3345403826665571,1.0241161395084188,0
-0.7048777125506345,0.5661737421017395,0
0.32049417744199166,0.8356098351460435,0
0.19449408243911637,0.12540887000571183,1
0.5741680282050411,-0.36048708776532185,1
0.9649677769689642,-0.05958095017062793,0
0.010205433312185,1.0043422747445683,0
-0.06132818164130034,0.19194273579533716,1
0.8772308879755623,0.17235512990535595,0
-1.015301082640875,0.27257138046667656,0
1.39985216314586,-0.33743176467008584,1
1.4877683136970752,-0.18520363035201473,1
1.6730634774080373,-0.45808655048483105,1
1.0680618193984024,-0.6437364848557516,1
0.510680314122131,0.7588362616126831,0
0.9891610887604524,0.20108392980946438,0
0.7527479362257045,0.4553005698049692,0
-0.399138540231378,1.1408487672419088,0
0.6791974852844458,0.5002513455520667,0
-0.2705586686766066,0.8865452628386885,0
0.1412468749291813,0.16329936973154535,1
-1.077333050543063,0.29018239011463604,0
0.4059105999813299,0.9345603348874899,0
0.17507522276966467,0.9135908867874755,0
0.37422141913062373,0.7931360011695517,0
0.3421831456796279,0.9814700527378072,0
0.3083575338627817,-0.007222775643380197,1
0.06593249174131047,0.2013611989123595,1
0.5609493320232749,0.8382160078900018,0
1.352323326546128,-0.37291118959835173,1
0.20103302853548286,-0.15598072631424018,1
1.5842706506635136,-0.5274528001741408,1
0.16541021654946952,-0.08984796042394187,1
2.019956291085413,0.3278290905832383,1
1.5905171479884475,-0.2375912503790128,1
0.9959232171335267,-0.3444917196677698,1
0.4430743446981041,0.7981380235312219,0
-0.2069986639613729,1.0369650924880283,0
1.8783524132273166,0.4247491694449153,1
0.1363188816834967,1.0181657481887185,0
0.18127949800330587,0.8948282290089258,0
0.13496249030453022,-0.04410898433517565,1
-0.8958545773870012,0.4955764609310148,0
1.9321466757846453,0.22066742392213534,1
-0.19260402422331152,0.932239491908131,0
1.1441665269545775,-0.033712272715015035,0
0.5267685865130709,-0.3201897612493649,1
0.07170194285228979,0.40682059338577403,1
1.128158165544161,-0.5043748382304173,1
1.7628018548126454,-0.006277193680196131,1
-0.445423741651214,0.8098069942770685,0
0.8878998232827723,0.21219845863651315,0
0.13659118584503038,1.0165682416408648,0
2.0390369226129095,0.3005012314437073,1
1.3439080037657534,-0.3443963536463541,1
0.7054507548088624,-0.5537579591361593,1
1.951910241568629,0.23406365509033572,1
0.2055496996883812,1.0710788147520638,0
-0.7797428136266402,0.7187377537478118,0
0.2510219438004515,-0.24255525295896255,1
-0.5728779741199206,0.8969191179658692,0
0.6265093813233459,-0.2872709744446078,1
0.8986912968418975,0.4223807192658641,0
-1.1565640671081137,-0.039834776035371014,0
0.8478707471958542,0.5976122222410098,0
0.9333133356736008,0.5312991091391303,0
1.9578558797613794,0.153527480873069,1
0.6003291812580698,0.795371424216962,0
0.304906038879603,0.07845738058945878,1
1.7745150673418504,-0.13111199431622408,1
0.7614365431011041,-0.5111499344789374,1
-0.8424765794086672,0.867268873801001,0
0.26188872767908133,-0.2735043677011857,1
-1.0625417238913333,0.061501109895277024,0
0.6802912543401969,0.7816716352382274,0
0.7620509525125991,0.7738298667933992,0
1.2633069558663983,-0.33303344302747556,1
1.850920728960555,-0.07838698266619187,1
1.653304431655524,-0.2296739187080998,1
-0.11463641215358983,0.44394209489934133,1
0.5803766814336658,-0.5263595461070003,1
-0.43578770011145107,0.9857818445266264,0
0.8621962219131338,0.273450007021751,0
-0.21583219256347821,0.5186130827351406,1
-0.4019570945797965,0.8774777549031533,0
-0.23178019788812446,0.8152481915023712,0
0.18654232935010026,-0.19608212395223934,1
1.8425142978261015,-0.10242808313820267,1
0.5600512103637565,0.9761647195035175,0
0.2899015790650447,1.0536164944492201,0
0.21336160272676027,1.0263705707030855,0
0.8492980545911903,0.15975638486769028,0
1.3714752841834288,-0.5556309988240379,1
-1.1162647719909424,0.27764414512252894,0
-0.7220167824736491,0.9787159202216899,0
0.899292623336813,0.2123697556874443,0
2.021132427660579,0.3491124720652329,1
0.907547348219592,0.39045986835043167,0
-0.15838438299249702,1.0418807152155758,0
0.4441627468082723,-0.39075894068711603,1
-0.22281651174403944,1.042574720548816,0
1.5519760693749693,-0.2510588732758484,1
0.9343136068616477,-0.5038523586121372,1
0.7330720075121238,0.7218698773908286,0
-0.8060725425300955,0.4316581241115465,0
0.07368360298125357,1.0037195747329328,0
0.9010092470199733,-0.40692290220664207,1
0.10452015440398954,0.01780046609110829,1
-0.8388944908352824,0.7478220802797757,0
0.8499215589162298,0.498420346300857,0
0.4964444797122538,0.838188537248721,0
0.006390714855401377,0.5148063466795725,1
0.00648528452944086,0.9950788184773445,0
0.19917458625925993,-0.09232076688548757,1
2.066818203144595,0.3444821011682241,1
-1.1316596999008084,0.43420561819845566,0
0.8811568398877646,0.5154891785238325,0
0.22510357403497466,1.1193059663508065,0
0.2665364197126574,-0.44510614550693606,1
-0.9824864970172223,0.23569007804578931,0
1.5125679043668503,-0.35419800806065443,1
0.8104240038950136,0.43471179744086436,0
0.38819776875887985,-0.43402138253532413,1
1.0380006338449606,-0.5995701961379054,1
0.3685518628058407,0.9546665169502868,0
-0.058435159325672954,0.8282652533701647,0
0.11048397807841764,0.12541321930583546,1
1.405598757039911,-0.3343114751746178,1
0.26302250604614996,-0.1615588815703174,1
-0.08607021116624652,0.9574548778645785,0
0.7276524863862307,0.772488658443336,0
0.46004415343825134,-0.2019004291449299,1
-0.7756365995562264,0.374515085052326,0
1.592821950998891,-0.1369310399477587,1
0.31022681951526293,1.017500034922383,0
-0.8649701225192524,0.3403330231572443,0
0.8687606611395339,-0.4523623798970811,1
0.5376083534231098,-0.5093907354018568,1
0.6500854802155106,-0.5193613492191054,1
0.9949752640250163,-0.474957064603714,1
0.6660799249874049,-0.4302016818077868,1
0.8672055784017854,-0.21159343050031854,1
0.6560737897419672,0.655061893281681,0
1.9411448499423698,-0.2481741219499081,1
0.46102021512717134,-0.27971262640107225,1
0.07296450952146723,0.16223693157271238,1
-0.968274282633002,0.28721734032913404,0
0.17411797814086544,0.3816211531127024,1
0.7127651116706769,0.6978106008168672,0
1.2702487143494066,-0.4662261709005096,1
0.5928893604445541,0.8165505022984823,0
1.8513960472212696,0.09022415027274819,1
0.932478822535258,0.36234614757465045,0
2.00823179148727,0.3089125172720383,1
1.263625806113546,-0.543538470361444,1
0.7823149489163301,-0.5386782796709163,1
-0.3070362880916643,1.044715285457069,0
1.5560152162735463,-0.27458135768404096,1
-0.7561234217979566,0.4421911431948802,0
-0.03084135578820437,0.6063594794809458,1
-0.19383750050193174,1.1756280277012718,0
1.8784796290764911,-0.09620313271426234,1
0.6742225196977643,0.7998269086406693,0
0.18990964923359038,0.8519314546799079,0
0.12504103118440119,0.3018315365461754,1
1.1159905723321724,-0.09949190612357789,0
-0.46235861728228755,0.8222699831904694,0
0.06982062334079735,0.38632703725938755,1
0.6682365031994861,-0.3898455800526438,1
0.24235524863363872,0.2646292450501624,1
0.45843442025493747,-0.34102608042571203,1
-0.16502767904521337,1.022262240015317,0
0.05872072388386927,0.01830318175671742,1
1.1066749246474386,0.4023739466967067,0
0.21158202802210485,-0.1362327779399391,1
0.14662710030650228,0.31935999924196823,1
0.29208647919673947,-0.3223245762605073,1
1.1688863701933847,-0.5250478370887434,1
1.4730336592498685,-0.32942074390653553,1
0.6182489224720688,-0.46797904500214094,1
1.1035202130258726,-0.4390694023954751,1
0.24841217466131144,0.8165218167944472,0
0.7300099338126016,-0.3536215817269306,1
0.9779902684289926,0.4511513770367413,0
0.2225175302342977,0.0005521807767936426,1
0.7977829921302068,0.7660253725832877,0
0.08079364840832552,0.19558884065093285,1
0.7673047817612142,-0.4304099611272658,1
0.17812695135145104,0.4886194767063291,1
0.14827035713647263,0.07110098274674814,1
-0.02924461532485944,1.0430102273986066,0
0.3673650747643138,-0.3088728339206381,1
0.33281726121876604,-0.16343606356533824,1
1.8444729529183268,-0.012099322144090355,1
2.1334447573710063,0.5799909228975693,1
1.0339256239530934,0.58884600500864,0
0.7228976464267702,0.8719292264321946,0
0.3865825936560621,-0.34323205339400553,1
1.0836990144926149,-0.5075714316488134,1
0.9066121859959061,-0.5587558850535381,1
-0.6711155179217133,0.6326332518457705,0
1.2971443882220381,-0.5592854978889281,1
1.7315451010343195,0.02063043409952975,1
-1.102508457750982,0.08878135533510598,0
-0.7660712867637754,0.479836004169299,0
-0.05780041715840745,0.05774607360469572,1
0.7815782962164798,0.6029948965594634,0
-1.0023372054146216,0.008198821866333346,0
1.0038894761801374,-0.6284735986687949,1
1.1965856297973767,-0.4492994843143688,1
0.09873733629121212,0.4766937259882112,1
0.7389313467810854,-0.5456980986623116,1
1.8209883582588986,0.08699148688033542,1
-0.10540303614470455,0.8383692105460366,0
1.039574414828795,0.31422897854614407,0
-0.2975261469576447,0.84076257398409,0
-0.8228597016844831,0.6281139651247121,0
0.6610754820884269,0.7534536471547162,0
0.16881757269229514,-0.1683104816307022,1
0.9059984622026996,0.1730334236512109,0
1.0434159337987345,-0.396265895667448,1
0.3556341846692593,-0.20172988968451225,1
0.20002549103745576,-0.18830651320073163,1
0.24231840271123184,-0.14388654241467796,1
-1.066675434092924,0.28757514984987564,0
-0.7697784309187774,0.42804847140395624,0
-0.8189012970770446,0.6601580353768006,0
1.0029457499507881,0.4585909891496891,0
1.5643639553307187,-0.34669223243562286,1
0.08072299955073224,0.9491535166858636,0
-0.8292949658580321,0.7897481501722892,0
0.7579260623067314,-0.5950324129395685,1
-0.9431664066028544,-0.018142110741609305,0
1.903516555656067,0.1990225593578579,1
1.3455097272162817,-0.6275742185006575,1
0.08075095136596575,-0.2087715598594821,1
-1.0441203956433704,0.21478044844833616,0
-0.008032767563900756,0.4445692328369285,1
0.8364197100610362,0.03349323731487925,0
-0.05922686843675551,-0.05084551131020289,1
0.43919867530480255,-0.35573796823869325,1
1.694464577315829,-0.29785547680294866,1
1.8035049096173361,-0.21013853762602025,1
0.13420766308288912,1.088344837709058,0
-0.18879165034183545,0.9212259553148494,0
0.6480072672069556,-0.36788699567695815,1
0.7726170322661033,0.5857758985334061,0
0.8745075049097837,-0.5562577704924578,1
2.134615742247945,0.2934805513281583,1
-0.19653354057463776,0.8426238886468318,0
0.18982921703687564,-0.27827887818987773,1
-0.5659883990569446,0.892163361933197,0
0.393022084139402,-0.1831300315836125,1
0.5226127480273373,-0.3375877235009384,1
0.7129957629873797,-0.40044332974921604,1
-0.023640485251621088,0.10417366852405842,1
0.9606895580789531,0.334253861434022,0
1.3522462280802487,-0.4017773605262315,1
-0.04869912005139809,0.4990679747841305,1
-1.219499943547386,-0.04501029262903852,0
1.2900488542931254,-0.39120213672315257,1
1.8922872116799374,0.11444422676126378,1
0.6896430268545819,0.7256461881435876,0
0.9331096761132625,-0.0380932330007175,0
0.235114423792613,-0.06382846693073406,1
0.35407161448106833,1.0378136104468383,0
1.169183109365148,-0.5378325186402477,1
-0.8735059656812743,0.4722249056565722,0
-0.21612390401651005,0.36881448553808677,1
0.12154371538565201,1.1007587214679724,0
0.025388571730865873,0.19501518323961964,1
0.2850983312887838,0.06269602159857768,1
1.9191639829198086,0.06673385016312589,1
0.860547212056612,0.5652389587209248,0
0.2021516018514256,0.14628906017829738,1
2.0369696836345312,0.4475800912405855,1
0.16339061469031366,-0.03635108824778149,1
0.44407918823885184,0.7951541973315496,0
1.9878953872455283,0.46464706877058015,1
-0.896028275865845,0.40648056801381616,0
1.2477127910904715,-0.4737668388953934,1
0.7690654023276313,0.6422800180272035,0
0.82110873076037,0.8453020369979201,0
-0.0009582148822168471,0.18069734363136625,1
-0.44251615525759713,0.966362905306933,0
2.065075109796117,0.2605192820944254,1
0.871906880485917,0.523325744084332,0
1.3560708783826179,-0.3565148367032217,1
-0.24614705443524562,0.869538080043363,0
0.5175392189221266,0.7802638889371497,0
-0.6369370779872882,1.005259708557908,0
1.0448879229801162,0.09467794952490265,0
0.6048441183401362,-0.31384262045878575,1
0.2279666909436064,-0.01640553221641111,1
1.6708511129612615,-0.2037266289878599,1
1.9101911306350732,0.08725532655066492,1
0.17686900896046273,-0.24117589074307139,1
0.5634465478174199,-0.40455177907863094,1
-0.9759551099368018,0.32989385378626523,0
1.693902198029633,-0.04663766824118448,1
-0.08372105783530724,0.9403209238801097,0
1.647493086248033,-0.3620953027541002,1
0.5544523167119824,-0.3914806882720776,1
0.23734594872437853,0.9256045425060337,0
0.5574239193330889,-0.440732445511576,1
1.698853365301678,-0.17429200977450615,1
1.9632264160853923,0.4335964754366638,1
0.875875265771394,0.6521773114565549,0
-0.3727667330243223,0.8497241676611647,0
1.2028980438998835,-0.39306170281935315,1
-0.007404062223466944,0.4346488308380648,1
1.9706279882169815,0.36979460930593927,1
0.5190192658922121,-0.2975831387283571,1
-0.4839984452783876,1.0073001511961601,0
0.32358399752633815,-0.3307211895750053,1
1.8760693647568887,-0.22703752101802507,1
1.135918733975108,-0.5862348080835051,1
0.40430117404390375,-0.3332998355864072,1
0.5020200126074639,-0.3375801079222226,1
0.7535467885939076,0.589269846757966,0
-0.7909541209829394,0.5227358973356439,0
0.09449019870269927,-0.15580603348251226,1
-0.037910774711893136,0.27614984672597065,1
1.1059964796937072,0.08603422250954956,0
0.32711374597304455,0.9316953304206328,0
-0.8430801688144564,0.3847132450196714,0
1.8813807104760785,-0.14027609596949292,1
-0.1076847210788672,0.39662274675479847,1
1.9373703682120207,0.0526618394961523,1
0.7839412932337521,0.8419642214214288,0
1.6023596352026512,-0.46925513728838214,1
1.143752546728561,-0.45199857067312876,1
1.058983443590987,-0.6635775728836627,1
0.4946303282724145,-0.343565996379048,1
-0.9295054130261702,0.21983669273071793,0
0.6439632574460705,-0.36169544179269775,1
1.097715500520045,-0.5349217706561663,1
0.6983501536712444,-0.41727810880678423,1
0.06370996800880464,-0.006258781439961614,1
-0.10258461092167935,0.6455061257278053,1
0.42771406519190935,-0.12769105374249934,1
-1.212123420486947,0.048074541574016,0
1.244875085168464,-0.5619985096726696,1
0.14115577986671923,0.006057025355103149,1
0.5021569635789083,-0.4316421987676074,1
-0.6076237784350635,0.9071353544479498,0
1.632914370478647,-0.32314884535607263,1
-0.6525022179941312,0.587062087726386,0
0.629606633255002,0.8299275499300444,0
0.6992318813766952,0.3176749141255444,0
-0.16879515942357148,0.9254155780497646,0
0.1539985090781374,0.1712172808275953,1
0.011261488830557359,-0.16714010395902043,1
-0.10769753821296957,1.1472642086685327,0
1.9516212337630456,0.22560925345791027,1
0.42990605575355423,-0.44483735388944456,1
-0.3159336779064726,0.8126884649322985,0
-0.5254461749266128,0.8029282247450141,0
0.6536478814166355,0.7228623495873545,0
0.44899949019005736,0.8457785573957594,0
0.8273305187371348,-0.5075036787210664,1
0.39459907140081296,-0.1095408200741105,1
-0.3825597283374188,0.8238241568235455,0
0.5962659381901443,0.813443929262594,0
0.4301550909255962,0.9044288263732277,0
1.580994139824722,-0.3452397055279098,1
-0.03468692013105184,0.2313919067140784,1
-0.8990148239320677,0.7578203859000638,0
2.003242759295574,0.404660867891554,1
0.7735032157480383,-0.5346233540054373,1
0.27547602585300823,-0.004799862373895375,1
0.751848452949706,-0.26387073878742573,1
0.608928387849571,-0.46323822125814423,1
0.42435285743656087,0.9150648446269218,0
-0.9969768844595108,0.45750546042075196,0
0.04033191668136632,0.6853791183994227,0
-1.0216483568499328,0.4185521662121982,0
1.653081961193486,-0.0225305058735953,1
0.17084321035571953,0.11558404716720505,1
1.014930789777504,0.08215442364607595,0
1.6591350753230603,-0.2691673325986246,1
2.0219337149375374,0.007430488591212776,1
-0.06346880126199386,0.3897688090597712,1
-0.49830722071913613,0.6918516117138609,0
0.6991507932196237,0.4758450122953386,0
0.705444123282151,0.8565373561078432,0
0.8839389990885852,0.2572664683988942,0
1.2524227416913796,-0.46303583786263774,1
0.977729217159549,0.5296447925820683,0
-0.6519446383368303,0.7434790830618923,0
0.8576622375171864,0.45901608798720095,0
0.8800088885290857,0.7023324309663712,0
-0.29138289624844227,0.8370068092382511,0
1.925354152228193,0.2848971924953707,1
0.9775601345721776,0.41254376280230887,0
1.8700705695385516,0.11365996753570856,1
0.2882966257194285,-0.34551644505802714,1
1.293370005470966,-0.6101022065678938,1
0.5401951751221241,0.8530156635331698,0
1.6356340387094694,-0.17343914748114642,1
0.01556095098602564,1.0694746688500747,0
0.5400187478093788,-0.29519018429966626,1
0.33899124356116095,-0.11214069688181,1
1.0438651304330826,0.09635809207729915,0
0.45031486185494535,0.7724472618108402,0
1.0545485950960491,0.23205036728051487,0
0.23024260776018826,0.08026872919435465,1
-0.9080775928081257,0.4497755843876316,0
-0.1392524179684889,0.9861130117359818,0
0.7433089607269358,-0.3478876361121492,1
2.086450957150777,0.2934488441440106,1
-0.8533213448606404,0.5414019651913539,0
0.11295569124266758,0.03949926644597278,1
0.12165086684414575,-0.19218040865861963,1
0.12362183990145711,1.023405248564893,0
0.9881843790400804,0.33412739038378464,0
-0.14417426987605542,0.9399773133321739,0
0.9430708936715864,-0.5343695580506211,1
0.9063322646467,0.20911822646869863,0
-0.34250801436598266,1.0143055029279897,0
0.21666579895174123,-0.03632290612446029,1
0.13873181701588724,-0.013366736156748348,1
-0.5449675887558919,0.8858399484055383,0
1.1955312436429804,-0.610271722227786,1
-0.7744318873811383,0.8056394472748418,0
-0.1483283338345153,1.0531761454877016,0
1.7728398499609241,-0.1862584971702393,1
-0.8743448742741755,0.13786403077233036,0
0.4190645342441006,-0.5543041433523106,1
-0.6115568378245467,0.9082037500637824,0
1.024925944892458,0.05390716659255221,0
-0.7121067844188576,0.6243437735560763,0
1.1028879015039617,0.14716598730467378,0
0.8065706234939802,0.5076040887089405,0
1.9096591325401824,0.10477131992671856,1
-0.763536967187085,0.46131555457476614,0
0.3556768589231082,-0.3142285535478784,1
-0.829796037878288,0.906474009147639,0
0.22376006069893872,0.07723776300945827,1
1.5041193533019364,-0.23098146716606627,1
0.3946676728003896,0.944424487030163,0
0.8841043199199256,0.08812557182981054,0
0.03767922189347122,0.3719975570375791,1
1.6002970761565891,-0.29290707224693835,1
1.0872966030296227,-0.4996506600902774,1
1.4675234034896858,-0.47125039468439506,1
0.3883253804695868,0.7746637803144476,0
1.1915209074304103,-0.46244276212470725,1
1.9137739700577352,0.04185036231478226,1
0.09303203464854135,-0.026032887779812677,1
0.685125809356812,0.6382029602523758,0
-0.10660040238738487,0.3623461055345024,1
0.760128087698574,-0.384849302632429,1
0.47428447334714624,0.9193671376079302,0
-0.35071603940709767,0.9135525680467376,0
0.4947188387726056,0.7380832219449616,0
-0.46377716315299206,0.8829682855502651,0
-0.9773598719855265,0.3390117864024733,0
0.23349307621879456,0.8929531549303991,0
1.4849746119205183,-0.39142728468490273,1
0.24015039365584595,1.080505864500521,0
1.898095193196652,-0.34137059970385497,1
0.37016061786587956,-0.20246714471430405,1
0.8254733867263863,0.44743758755868446,0
1.9317510710364372,0.48352688183873915,1
0.5275315348807348,-0.09635091252689239,1
0.03459709827048575,-0.08226212576042961,1
-0.26179400616908377,0.8860741784242133,0
0.8886076394188115,0.19161760269713402,0
-0.7704961479260561,0.7309452320585448,0
0.5866820070153806,0.8603520398470169,0
1.5232842371848438,-0.470786652692169,1
1.930220606182977,0.1714563398419794,1
0.4769630727742125,-0.2575104179837801,1
0.6621745290983985,0.723753710955449,0
0.674895643921414,-0.3977917284604896,1
-0.8402444708983259,0.5897349439944614,0
0.9391459194774338,0.34327704040652735,0
0.9425192335141219,0.46272814983760263,0
1.2310849682237386,-0.401902800560415,1
0.10493423294069064,0.2366291323701306,1
-0.03397719207552049,0.9515040054629329,0
-0.20630486986127267,0.9511096388096252,0
1.731822822301791,-0.3565117589123965,1
0.6903385684945071,-0.3130332252878979,1
0.07203633135753877,0.16367112031587994,1
0.8165656636701737,0.6156924076336782,0
-0.05134120062595054,0.5027766925952621,1
1.8172023722987212,-0.03808226056556418,1
0.06970180246741252,0.5077689081186346,1
-0.583561480365309,0.8112586780838232,0
1.718495282164225,-0.3178629000405881,1
0.9936693533932212,-0.34740391664724585,1
0.15348707115342164,-0.06639721649247526,1
0.775404568740725,0.6302878462520071,0
2.0030822630820104,0.3370880751083837,1
0.12952664947703388,0.9157056336077021,0
-0.9761488463266854,0.058725910075895595,0
-0.013028400605356136,0.3635190484631149,1
1.9860224775671473,0.23378444661679804,1
0.2475057734621069,-0.18174242037580896,1
1.3496661403070978,-0.3307564450678197,1
1.449984342536279,-0.31533486160402036,1
-0.33481830045197036,1.0076071182763555,0
0.6196460936640166,-0.535378655644871,1
-0.4975897776298197,0.905464902569624,0
1.9241501721785417,0.02015199525288626,1
0.6432083666667888,0.8053675262877621,0
-0.9153206421976466,0.22883354083477783,0
0.3706669457614119,-0.31363494820726867,1
1.8668704389506612,-0.051479381772408336,1
0.8561764207000901,-0.4461923934075625,1
1.9300561079845184,0.4631953053932559,1
-0.8881788295099536,0.5527269192656621,0
-0.9260288064999531,0.4870311799480644,0
1.4677921995338432,-0.33613439572545406,1
-0.7398586460838915,0.7741056479476082,0
0.39495448128593197,0.83015524784592,0
1.666102759760552,-0.27647081460735384,1
1.8857524413604592,0.03409362748452848,1
0.27604935609825487,-0.3145373111949504,1
-0.7535053643800248,0.8719604304592691,0
0.9634390298057103,-0.48748583083366426,1
-0.8187030377755042,0.7627823233283588,0
1.4394505732728868,-0.3266355700300966,1
-0.7566587430988119,0.3195738417054659,0
0.8130418679706937,0.5400207408937621,0
0.9332975747821255,0.3516882137657647,0
0.310601984093197,-0.03957875480501866,1
-0.6045174022728794,0.5058840570263827,0
0.09627246270313854,0.3233950066767879,1
0.8188002521251805,0.776843404946461,0
0.7887281807868464,0.47924249412423753,0
0.825708049845159,0.43902820881377946,0
0.9926572097747779,0.18554180926058955,0
1.0804909592497067,0.0500642905028959,0
-0.827924578269145,0.12787464930933623,0
0.5757719600962391,0.9959756758067138,0
0.0981946897808976,0.03383505754738538,1
-0.9284488731062419,0.1986567066138057,0
1.6134727735708967,-0.2021867046334972,1
0.3811527085252526,0.983764617727661,0
0.9900821025168863,-0.4508545965065354,1
0.9078177987409112,-0.5623294787211003,1
1.1400272649462357,-0.5102493012407142,1
-0.9487112159207253,0.2923641923566305,0
0.8216205952027662,-0.6323154523531747,1
-0.02829659849094654,0.8881872115533676,0
-0.8103955724141765,0.5366136901249711,0
0.07625956354169092,1.0546004165307936,0
0.766751116069635,0.6238535328689605,0
0.18971267217977472,1.1203664164771778,0
-0.025420448857437897,0.7658849798476196,0
0.820559925602509,0.5052837290238178,0
0.21830692935241103,-0.01990950227628857,1
0.8824176809712946,-0.2868478602686061,1
1.907275168921584,0.14851065183199647,1
-0.5879880747155564,0.771388241474616,0
1.1508767354059874,-0.3995924562389357,1
-0.04232529093122244,0.5551307174018142,1
-0.8467972793485901,0.6921070196297123,0
0.9046015304508245,0.6031466083276562,0
-0.1420982124558674,0.9981562660807004,0
0.008804649963379041,-0.0575258359988509,1
0.3737334410996871,-0.2049686713021586,1
1.2849139671560237,-0.35492248140383503,1
0.7702520240262104,-0.17148658900095345,1
1.105556743816868,-0.41979137271992567,1
0.25379240458179303,0.1096763050395698,1
0.741540685360773,-0.4847800581844151,1
2.217513733909171,0.37643834899703915,1
0.1591477940619968,0.9250400451292627,0
0.04666600455203704,-0.29896560240054115,1
0.29836588008549625,-0.1845570615992928,1
0.7342535839339964,0.5870490942423182,0
1.4323495833970068,-0.32294109433046636,1
0.9854268312500671,0.4649095188154534,0
0.17918826535104487,-0.04336352537744709,1
-1.0405606941918886,-0.0708547325730432,0
0.8928294855205144,0.5088665868782132,0
-1.0201480619538745,0.27101502672197375,0
0.17429154236495062,0.9245199428235267,0
2.015226501520636,0.4211403763577865,1
-0.018258101910557212,0.5538435408185359,1
-0.9597421411933319,0.33824796495626636,0
-0.08889588642274153,0.5783237406381401,1
-0.48648073738196695,0.8188333896190559,0
-0.8681080571972629,0.6541764397372603,0
1.8367977333221797,0.08344614215856345,1
0.5570354767824975,-0.30754680273103135,1
0.02731729229631255,0.027044241834771512,1
-0.17765376571714514,1.097211624610341,0
0.9709263178685905,0.3981923450166839,0
1.8504816717797734,0.030318376333030944,1
0.4138578425069233,0.9884059241454778,0
1.860305110849068,0.05197769264255517,1
-0.8089359561069158,0.3289013443279895,0
1.5826085564838102,-0.32250764716521874,1
-0.3857729064122534,1.0070735566226703,0
-0.14219986465879642,0.8703546620607435,0
1.9841519834584809,0.12110840650931105,1
0.6073994020228519,-0.2050721357715999,1
0.6079013110340732,0.5807131941682437,0
1.8239274887102335,-0.07501983381009623,1
2.0850636645757072,0.5092699734526952,1
0.019738592789787,0.4139788693871879,1
0.2266242942213319,0.16312886569266055,1
1.1550842788986546,-0.5204910108868781,1
0.23861662906391995,-0.040844223156789386,1
1.7180995069883882,0.0009600191762840771,1
-0.5450941208219934,0.8191580396729135,0
-0.626573675201986,1.04131308907034,0
-0.9901725604866608,0.17957040017469378,0
0.0274360133586321,1.0210667048319417,0
1.9530464002362122,-0.022687432850689915,1
0.37330642113282136,-0.3809332604203306,1
1.0269383101836265,-0.5284500159277016,1
0.9711960331120563,-0.4040905376974021,1
0.15838639358414058,0.13222247644392446,1
2.0060424832390695,0.14761874744833053,1
0.7271258091917119,-0.28189958440441976,1
0.39224092239249136,0.7856213314835165,0
1.460598117362247,-0.3960673380612405,1
-0.05280649158450955,0.14185507879233686,1
0.03474548321495504,0.49409301260686106,1
-0.28649749071256114,1.172435416772351,0
0.8935773651240153,0.47088126148825565,0
0.474985636591162,0.8194904387717042,0
0.2229697571302974,-0.14049603311660058,1
0.30617992287314433,-0.2757308899109567,1
0.3062106529216397,-0.27726618760937843,1
1.0926433691583615,-0.4201432725100187,1
2.0525924919926135,0.34791248466202723,1
-0.4166637031526436,0.8055957960454907,0
1.8619548206719656,0.3004382301029089,1
-0.7320123055111359,0.5909684313603109,0
-0.9698487151347273,0.41109012690193086,0
1.1305842611215393,-0.5976337343455183,1
-0.6430568085140362,0.7090968593925473,0
-0.02850374364599982,0.17479761038978622,1
0.015935147629805885,0.8234334163442195,0
1.0578543991914309,-0.4775970440004054,1
-1.172058735952382,-0.020390608680020846,0
0.6518127329089093,0.7932118629079882,0
-0.5383325617170176,0.8309176172750931,0
0.4531033053144647,-0.22304627560837323,1
1.352747881180795,-0.6354222862589779,1
0.850889346725901,0.5488493380199896,0
-0.25865404186787444,0.9556061449771169,0
0.14296199318496103,1.14550456779627,0
0.8641438038748934,-0.4309771294879709,1
-0.5723692073234383,0.6643053094491006,0
-0.17421167580699531,0.9061475395445631,0
-0.07913576767707742,0.31295622564881165,1
-1.0688706740531755,0.39653105421106866,0
0.45161654303124493,0.9788278347691199,0
0.6889455525491319,-0.4295539834899295,1
-0.10970665805525345,0.7818879547067334,0
-0.12859492323858768,0.03658423904630839,1
-0.3984852890609532,0.9028578620941452,0
1.659237191699165,-0.3680918414721305,1
0.8973100636549922,-0.36323824275160155,1
0.12678411740149978,0.30328857673841214,1
0.814518642693427,0.7006042566442461,0
0.04163122894951779,0.25643538427704854,1
0.7051854120898804,0.42563404535847305,0
-0.6654483792105426,1.0734744626789614,0
0.845452214332975,-0.02281153378943597,0
0.8491143295588757,0.7857103527227167,0
-0.11093900984636162,0.9371191848875577,0
1.998051573200924,0.19622263794919884,1
0.9251765118172296,0.02010942391165156,0
0.05841786389509684,0.30508918008488867,1
-0.9404436332704424,0.22936874892912007,0
0.8624996473680487,0.6071438180401363,0
-1.1625617957892835,0.20547903285990105,0
0.13593603841803117,0.13990854654532997,1
-0.7494652631629275,0.5133710891863419,0
0.1208267064745528,1.0855568049434625,0
0.012806563311964114,0.38635585624703583,1
-0.15846143450683894,0.93034341227778,0
0.492367126377552,-0.1238769491462976,1
-0.022996997360182604,0.3525046224185502,1
0.89835772354274,-0.3966115543653663,1
-0.9648694993007088,0.48535912057649155,0
-0.9709436411823871,0.24251925798740204,0
1.9202847688116202,0.1769963810729123,1
0.020178233972326175,0.9671069245110532,0
0.7893348830515257,0.6705962596666096,0
1.49185140556881,-0.3122678422765999,1
0.923890846293024,0.3861649955969985,0
0.5251881244252891,0.9299682909330309,0
-0.5273148878568517,0.7894268594938492,0
-0.06385888246598029,1.022056813294469,0
0.9381146371737153,-0.28734486888402655,1
-0.9261935937505338,-0.031193427726844823,0
2.0583869138392363,0.47622562425759857,1
0.1784678374143592,-0.07822874589287682,1
-0.9045112820282479,0.44122614460978615,0
0.6521233265425987,-0.37183650110210115,1
1.7663669534485773,-0.28161616933493205,1
-0.9537248799462209,0.3651490419371789,0
1.5557031451714443,-0.3201367327567155,1
1.1202609795778304,-0.6117903992015008,1
0.16053282637687238,1.0253476405540463,0
0.10309654368144568,-0.07472740940836536,1
2.0638563073168994,-0.10344440063550525,1
1.0332389529603825,-0.46627580185857803,1
0.4292377078836405,0.7314857680857454,0
1.3772752130231174,-0.43623067750389183,1
1.5838930432456282,-0.25672929959811075,1
1.8667132183788837,-0.3185100691944631,1
0.8562431655705796,0.31407890675357586,0
1.4356957859591533,-0.2205790105299784,1
0.6729023629583424,0.5962098551831159,0
0.19328740934341138,-0.19218962949023077,1
0.40214889804987364,-0.2226391805142994,1
1.865917707190837,-0.26968060502772795,1
-0.9301866943898267,0.20716833228810683,0
1.0090618336041204,0.04177378286757287,0
1.175234311308813,0.39357114722983805,0
0.6907484222348462,-0.44869897852468277,1
-0.07512449775643668,-0.19663223250507003,1
-0.9605198093435691,0.03822884304462092,0
-0.227549470020021,0.8831477893251212,0
0.9189487413687941,-0.7467348385968282,1
-0.020398306022221424,1.0458346802906209,0
0.8854853016017308,0.6865784668162417,0
1.7323368687063068,-0.3062567459941738,1
-0.29237403205496604,0.8922091421409007,0
2.1720580397906133,0.2519945995020961,1
1.529243150087473,-0.26022105532044704,1
1.1546896788129655,-0.53107406229761,1
0.4070903573332391,-0.37889924794054736,1
-0.8689014873815796,0.5078817920952119,0
0.02275930518621718,0.10829002461790788,1
-0.5412095579481782,0.734631297245288,0
-0.7801563126235049,0.5224332696670433,0
1.4311307455633158,-0.44506970482126335,1
-0.8408869008292308,0.25961141519018993,0
-1.028540903029021,0.32166580918993026,0
0.2860383707813391,-0.011955896182432292,1
-0.7878885403047081,0.6003615162692442,0
0.09556616165448809,0.17534339916901656,1
-0.9145135314133414,0.13254702168418764,0
-0.8681771385497966,-0.02350854955253301,0
0.8456421461160196,0.4210207816263306,0
1.6076317643545388,-0.3935383992584792,1
1.4221254648062642,-0.44262906136900787,1
0.012765293901495486,0.8174025760518351,0
-0.7475473716891887,0.5984974980192763,0
-0.10414618334455106,1.0062290135307095,0
1.9679441914233735,0.2637932663114289,1
-0.9327154957439727,0.489441251074447,0
0.22307970394102972,0.961639385223112,0
0.9904732480457843,0.46424721527359697,0
-0.21389271099898827,0.9812158733623177,0
0.13652942222198675,0.028589848456339134,1
1.5857192144944914,-0.3123396510107771,1
1.647314796769864,-0.2693766350859717,1
0.42304759844000406,-0.2810262652134652,1
0.9901702770599965,0.6289553693701329,0
1.507899521879486,-0.30577420536780336,1
0.0034283657107778073,1.1080682248381526,0
1.0428908640860077,-0.07598369143213682,0
-0.5702276171873223,0.8783575150480237,0
0.6443338767503635,-0.60569912800571,1
0.3981717117990448,0.7978221608688437,0
1.7299429110137337,0.19622351243126973,1
1.9499989854141957,0.11606493774784606,1
0.6831370487902038,0.9863638363139143,0
2.0384112019398297,0.5791331118591683,1
0.0276413024434742,0.022552780897887273,1
0.9662665583472438,0.572495864881339,0
-0.9199617405892195,0.04146288589325423,0
0.5735053301071954,-0.48534944309466066,1
0.8695086923403588,-0.5283564951556003,1
0.8312469203620383,0.5057020860319346,0
-0.19077160140504607,0.8771030920853707,0
0.9740017892804289,-0.5475819245881741,1
0.20130356404594996,-0.2126968658357194,1
-0.533797283988828,0.8095395165220767,0
-0.06763563055481668,0.0930673885446474,1
1.7692449922371734,-0.6063071034835361,1
0.8814813305832383,0.35215417968871965,0
0.9190141927718166,-0.27502480337721447,1
0.7430915389098757,0.6602566959173487,0
-0.5732586223445905,0.954934146766503,0
-1.0560264072930294,0.3455273546937777,0
-0.25975130068158714,1.017270875880627,0
-0.5506884474141254,0.8666593451935705,0
1.082997857517008,0.06106593833152235,0
1.3777508898669013,-0.3402182837736937,1
1.555313553259339,-0.31611945314079004,1
-0.7224087990667029,0.6493463663512712,0
-0.7586240622247502,0.6639777721046125,0
1.9616083903074395,0.4760095505086169,1
0.48933725663048444,0.7059940146142184,0
0.02396602072861493,0.24785762198583078,1
1.782353108734841,0.30015956218573203,1
-0.5405532151556564,0.9593742573690477,0
0.5886558800306632,0.8937847414041621,0
1.875432411771633,0.0740660357170423,1
0.035524149317281595,0.33594174458826837,1
0.3472044527237887,0.8083870884688142,0
-0.16069695266441197,0.4667733922851254,1
-1.012527312065532,0.19935146763147188,0
0.3216314606126853,-0.3567152392551083,1
0.7404096662584951,0.8141060223124923,0
0.8379324020045693,0.35530585072785353,0
1.6524858178044828,-0.10037819856453672,1
0.7131568796677469,-0.2593747656389034,1
0.8972699936665213,0.7301333669243141,0
0.16561282425660823,-0.20759557476552243,1
-0.015433789316970245,1.0534215976442685,0
-0.42372222798407366,0.7988737453675634,0
-0.4607791155414687,0.9480452401820777,0
1.15331170372656,-0.4724602692307054,1
-0.2208431753544935,0.9091577188747351,0
0.23320833966706683,-0.033442494567699696,1
0.1952082167213639,-0.09995200531903288,1
0.8812927700537245,0.09664603748477618,0
0.15399120163826824,0.9392758811161814,0
1.3408759745600083,-0.4731716715891243,1
0.3748899515651151,0.9891338772883703,0
1.6012031855743154,-0.3493455303780731,1
0.07216154873822148,-0.21949469215753148,1
1.0295364139634835,0.3728361846396232,0
1.5788333859517114,-0.33709931904657237,1
1.8714379816578652,-0.20376074962094098,1
1.353528712959803,-0.32335310317194205,1
1.67398987627366,0.03239807809529932,1
-0.4879236711063171,0.9978482502756898,0
1.8057577360177146,-0.0037841216258267113,1
0.8752511463190932,0.4983061378637299,0
-0.40317647786900557,0.9540362548989798,0
0.09450390677893852,0.8995602888558138,0
0.14928443652617335,-0.026568270014978496,1
0.5189721142507175,-0.2306345546126467,1
-0.11425716200607508,0.9059186561609093,0
1.0398843250746264,-0.5095923784747396,1
1.2214792011901638,-0.4427884666050287,1
0.3841719261634251,-0.47565098610174605,1
0.6179794510341121,-0.27439887461786705,1
0.6186566312988494,-0.5869234581630012,1
1.222170743779489,-0.4937841830627126,1
1.6824936163926163,-0.14738540383336174,1
0.6706318330312386,0.697122806477758,0
0.3389955744234885,1.0253227003228034,0
0.549771701192048,-0.2878875665972399,1
1.949390153438914,0.28904683472794473,1
0.31241748432829736,-0.17241795894977024,1
1.7134166971194267,0.140731060292667,1
-1.101869843288766,0.056089414735936954,0
1.8529925456262395,-0.41169276167018715,1
0.6194519738062901,-0.2513396234318096,1
-0.07037130718377319,0.27439912418908685,1
0.1263167115114619,0.03963693725324228,1
-0.9463451773004177,0.2526238933066649,0
-0.6830079842384497,0.6524146237718409,0
1.7623696713935137,0.15303404797979242,1
0.062305828974960224,0.3173984048090101,1
-0.7110491140523327,0.7400140626012368,0
0.23394406585985145,0.060487170088275706,1
1.806499439446265,-0.10045196042993249,1
1.2270868789357143,-0.4752689910819039,1
2.007642903593993,0.5870783120729672,1
0.6677120184155533,0.680719391626728,0
1.9570578666529275,0.14656935775587132,1
0.44480316292727196,-0.2356629902094337,1
1.931272333540221,0.011994138919433905,1
1.8529694349614891,-0.26046857525030787,1
0.7414903380515705,0.5301692953863701,0
1.3131426053475366,-0.4941455924593211,1
2.031170793548602,0.15829357890757137,1
0.17211807587015363,0.9756449021906994,0
1.3677729516361146,-0.4036891483394093,1
0.48006875593213366,1.0703432570556832,0
0.9231997898359291,0.3223354160375067,0
1.979956016806847,0.40961921186935685,1
0.34484000129235043,-0.03818787627830256,1
2.031756504480463,0.14093649761971352,1
1.0260328227016968,0.3378351144546915,0
0.6423598890381731,0.5301589147705157,0
1.9443409154262863,0.17475855202284568,1
0.2023307981384566,-0.10758220290595322,1
0.7747836578014714,-0.38163348306201245,1
0.18794533953503212,0.1252768894306701,1
-0.9127021527005866,0.35521072361239886,0
1.8553463536722905,-0.02810141809969935,1
0.11090703966902439,0.27966887712571914,1
-0.7817851594378795,0.4217810597247561,0
-1.0798523698528688,0.07982271843280761,0
-0.3453083356068655,0.7401833098572741,0
-0.8263366477151523,0.30272861999018724,0
0.1618327632902222,0.023432646382881908,1
0.28760818097152063,-0.12218265195878442,1
-1.037507166803625,-0.016307904702344424,0
0.5999357589613208,-0.32023961567675785,1
0.06031731647338391,0.8730686854614369,0
1.2023249213097014,-0.5310230389431061,1
0.9839995551760498,0.16535541556552263,0
-0.9058921611222028,0.5385614068706278,0
2.0407037823111827,0.20083858357007983,1
-0.27508764609095615,1.059690924434421,0
0.13953223528295175,0.061614900383101245,1
1.9205887267026875,0.3241078762574341,1
-0.03191324935733296,0.36858986444246744,1
0.9160996247532298,0.7036785977888105,0
1.4948820907719977,-0.47858492574648215,1
1.174147583111736,-0.3665277762901355,1
0.06583257540216045,0.3073996018999001,1
0.42984671189769263,-0.3426166207134118,1
0.09339977408798968,0.047745927959469844,1
-0.6866012853370984,0.8017839970302729,0
1.8897939046422765,0.5058600301998093,1
-0.4419672113170051,0.9356838053033043,0
1.3231258744360372,-0.3442111601191833,1
-0.002542654471213858,1.1511177638662498,0
-0.8569700559392438,0.3068770909252376,0
1.786864082199694,-0.3953412375205899,1
-0.8083150667262167,0.6506282586719111,0
1.199242363727898,0.23798521135738981,0
0.5702295317619639,-0.4479500745471954,1
0.04089776097250035,1.0612109346551835,0
0.029045510088519133,1.0200617335082536,0
-0.5626589911121185,0.6180263926035225,0
0.0892918158784171,0.3695625344305818,1
0.4252888799798439,0.8714130254035192,0
1.0793978324665081,-0.4770674499969232,1
0.947506195128337,-0.5639759911016382,1
0.9572100768571111,-0.04400338831959383,0
1.629871170796014,-0.27600766453521575,1
0.20409958681384827,0.09634920570702056,1
2.12189329338772,0.36225950764937564,1
0.9130860018285388,0.2655261961571834,0
0.903095400085432,-0.428877038103461,1
0.8886729311783366,0.44233756226843673,0
0.6397046479491431,-0.49136817096836677,1
1.7036609756004581,-0.15168139866303035,1
0.09580674943138055,0.008620062339539145,1
-0.3057402452530329,1.0346276958962102,0
0.7881858613160146,-0.6301006419128375,1
0.7404416816108184,-0.45033283180492284,1
0.5460239452878155,-0.4934317667791963,1
0.8288850483006013,0.3326061265029703,0
1.637878614994095,-0.04929741083242974,1
0.2638875180959711,-0.08712669128320549,1
0.17110446437929994,-0.15014639011632555,1
-0.09682027064916508,0.219990294924519,1
0.4917341199141956,0.9007211347274506,0
1.4088933931530037,-0.30239520871632164,1
0.6783523244229981,-0.3684644425483486,1
-0.10889957356789792,1.1779880831282763,0
1.3788655211036736,-0.33597358438427305,1
0.5063467565522688,0.9502113719267853,0
1.82110785114005,-0.12022528444217001,1
0.0698801038530718,0.299162709898971,1
0.8879954579751529,-0.33817447566320447,1
1.020939694576037,-0.6097362239953754,1
-0.2580571466998889,0.9170905652809743,0
0.26879859732899863,-0.26165244727609743,1
0.9082669493024366,-0.18592087913610753,0
0.2675770560657279,0.9439143996749617,0
-0.28276416288562023,1.011665583197944,0
1.4967819690071804,-0.4181315784147886,1
1.0148672576582856,-0.6311785709293278,1
0.16880802159474748,0.8572000945070396,0
-0.012513382197573475,-0.05828236213241739,1
0.880280004970394,0.7683811134376377,0
0.9750199546480229,0.06265397257214653,0
0.46373798187787774,-0.30421690952766534,1
1.1893892824986279,-0.4842365401902243,1
-0.17760126157113243,1.0054698317858608,0
-0.946072391490429,0.49444244311030394,0
0.568496656651322,0.7057864312983531,0
-0.9436204405721024,0.13505572581546624,0
2.0161174173905327,0.26800978047699003,1
0.5721441797708186,-0.3535658505705618,1
0.9156882650269912,0.4021655447894195,0
0.8726820328428317,-0.646331946910389,1
0.12253308537840675,0.04961740737363163,1
-0.7413558289798964,0.8777251226145919,0
0.2651774716010077,-0.18490149297869984,1
1.011079688641031,-0.46135624772794337,1
0.762844234808877,-0.39636562292376853,1
0.5945760107908978,-0.20343855681456105,1
0.3147237320609655,-0.32025645948239256,1
1.825284512471095,0.020966763899578772,1
1.5042110067713221,-0.4519429694997261,1
0.14982423723691496,1.1762605094626084,0
-0.6209788862208926,0.7330446580808732,0
0.19188168788638416,0.9156900804650895,0
1.0751993959731279,0.057880855283280824,0
0.9774447965364527,-0.43888129534764975,1
0.15601804404711211,0.16250333869794717,1
0.0858742813983247,0.431992997400583,1
0.7778452872606224,0.43532688791025353,0
1.8422350377455299,-0.3385395977594732,1
1.7990446553917927,0.4778518919696155,1
0.35228661306468906,1.0614562413574113,0
1.7434140152553823,-0.1628675121612795,1
1.6361578941684622,-0.24871577704744474,1
0.8856833593208887,0.4058774315376265,0
2.064411979821341,0.11117140242789326,1
0.09585922180450353,0.5007815058361971,1
-0.029530026960839825,0.2792347831640156,1
0.5733178056270982,0.8566065834711355,0
1.014540981860305,0.06956081336574946,0
-0.40720198158711696,1.1911337038179097,0
0.1064902036731281,0.509371853438716,1
-0.39377336632199333,0.9263501275887472,0
1.6643700893482196,-0.07688188870313271,1
-0.4363401496539452,0.8620327896254957,0
0.23006143025765588,0.9440261741838161,0
1.7375688078186156,-0.19461444091331626,1
-1.1019156781590458,-0.05196650565635179,0
0.20647401447975572,-0.0734434709322864,1
0.9345921062332736,-0.11929931416310782,0
1.1741413633533153,-0.4270748725704604,1
0.11753476177632649,0.31440454467264517,1
1.8606466148967216,0.19640465502674198,1
0.31417238025335403,-0.020216639862502023,1
-0.1516730514725429,1.0204927638733998,0
0.9437469737701196,-0.043453325232635814,0
0.6609041295423834,0.740173195615687,0
0.3297983534267447,-0.3637078332242959,1
0.053232587967926334,1.0745236021562994,0
0.8530602873637249,0.25509810300780567,0
0.5305891461544522,-0.33352678387339335,1
0.8859311217118274,0.533958703400236,0
-0.11153653132335908,0.38947204703821775,1
1.1049454559577372,-0.5322817560448143,1
-0.5503691451072182,0.7775403332644649,0
0.8629025882687548,0.37360996163083693,0
1.367565405701091,-0.41638266999513474,1
-0.545156674197189,0.8833576940844323,0
-1.0723951996529202,0.19237221435081273,0
0.386694685875154,0.9840656569068242,0
0.20573139563510298,-0.1565336630642909,1
0.04282252321037064,0.9792627613110082,0
0.4850814546772926,0.9121567276214216,0
-0.248002553834123,1.0269297517411482,0
-0.25292184374577575,0.9007774446569697,0
-0.7763452535256298,0.42097800808262803,0
0.108563572445706,0.27036235346508913,1
1.5758539455443084,-0.11421393888045098,1
1.2962857504803067,-0.48721385649911775,1
1.8207097170065265,0.0812433710670163,1
0.9140148344356385,0.1587816259424742,0
0.9865494441722474,0.27576087513776754,0
1.0160406000352777,0.4510411561168743,0
-0.7116458394489935,0.7759655071597475,0
0.9452867560423794,0.4475828252074194,0
0.29648100373886876,1.0969892997712258,0
0.8312826714993964,0.4748081133403471,0
0.2662694923111842,-0.14557701780400759,1
0.32543860910599426,0.7197790243553795,0
0.05971316552521977,-0.10296544503004312,1
-0.8473779496371507,0.7202963823174754,0
0.02771489398596444,0.9601088269750487,0
-0.07372015896089322,0.461017578498819,1
-0.9188962769292596,0.23275784744048716,0
0.6865892488112084,-0.46013314777890957,1
0.8171704039079781,-0.4540572865563373,1
0.5863923876846282,0.7005713553019156,0
1.5279060285548547,-0.273953316794591,1
0.49582401305169294,0.9429890813033533,0
0.7088159914717422,0.7630285410116315,0
1.598997786764359,-0.30817339274409145,1
1.6936488350025445,-0.04224779628736579,1
0.7539757745149114,0.8967251768003038,0
1.2124027634426706,-0.6391885043977773,1
2.1069786653854266,0.5230929559962667,1
0.7840343757834641,0.6544108924398583,0
-0.8112125528386336,0.4879847307772672,0
-0.4723514716170437,0.8912850836106992,0
0.04710846793332495,0.43259470767191055,1
1.6730398477443478,-0.1387132332247119,1
-0.16806044611060408,0.9334911836888461,0
0.46310257372738933,-0.3614823886845142,1
0.13022080641412329,0.40936375930388447,1
0.03710123352370083,0.896745977350169,0
1.8244185648979196,0.09220034239804555,1
0.1269022693601835,0.4153937307195195,1
-0.12009972515006559,0.8662751429583767,0
0.1269601954465838,0.47399880202807865,1
1.0346004418743826,-0.3927655849641145,1
0.297007292567765,0.13934320982094012,1
-0.013276774704551589,0.2651326943973063,1
1.3475512918265107,-0.4821504361135064,1
0.9986513998365122,0.11133881762972694,0
-0.1452624841505796,0.840899021777713,0
0.17767884985156254,0.005289197415343477,1
0.2785397981014677,0.9831260044639281,0
-0.6982562760095943,0.4961971487712936,0
0.000949967057316356,0.21039016288178927,1
0.2596109495203757,0.9463135275889571,0
-0.9111938537835956,0.6503953007810901,0
0.26209258323394113,-0.15601032002135437,1
0.2992031873462421,-0.23484816737704728,1
0.16352569919312404,0.8486714357281493,0
1.247099130770867,-0.5482025173416157,1
-0.8111635224912732,0.6887224552191955,0
0.9256366177451607,0.5058388365648686,0
1.2812514875136098,-0.6125777816843616,1
1.14210817678154,-0.4260886972470256,1
1.4738208545619513,-0.44357096727425616,1
0.9542488670895604,-0.5575987530205625,1
1.6677514493214478,-0.3328127545130013,1
-1.068105874452983,0.18586913170649896,0
1.652840798817699,-0.18146294181290268,1
-1.0720503879682064,0.42381665341517955,0
0.06753772528992488,0.28103300770663653,1
0.7603219749339303,0.5126574778816126,0
0.5423430514470609,1.008535195250386,0
1.757004706173408,-0.12586911574949458,1
-0.9134978427009329,0.14544314712672277,0
0.26706350354662306,-0.09965887582294367,1
0.44556512179223395,0.7010873850229733,0
1.0853511117049488,-0.37810525351429364,1
-0.9956610254621031,-0.033019669737352236,0
-0.0829148362886711,0.9309828789834429,0
-0.10871304802795081,0.42352058357648315,1
1.1107116630666143,0.15786967909697164,0
0.834913760568521,-0.3149148523935907,1
0.434296785360258,1.0948511081127776,0
1.7378152165222487,-0.1976659813914924,1
-0.5398288233410248,0.697912283145089,0
0.30168776800333474,0.8757894152070711,0
1.0593893951686963,0.07621622630423606,0
0.7755403283964718,0.33136821002355354,0
1.6738186689913548,-0.3761452707284745,1
0.7831655125492262,-0.286174779524734,1
-0.6980845347392393,0.32504270522597406,0
1.6884097529748803,0.1293628357026974,1
0.09664546210619912,0.22757767200295398,1
0.9207510336036805,0.07308381679212411,0
-0.8752093471783939,0.5421627436658695,0
0.9146007376790248,-0.3702599030203847,1
0.7539105790589636,0.41437324402970827,0
-0.24553509564497922,1.08798389542266,0
0.32224008010395616,0.978952869692117,0
0.745311577726607,0.7409004402937384,0
0.07525487529573849,-0.12590607417400154,1
1.9383111233614339,0.1985615369813274,1
-0.17977646225846347,0.9656554944611662,0
0.8365244015443004,-0.6151550911921414,1
1.4598466292428105,-0.2827699163155691,1
0.7821162120949376,-0.49194845497603057,1
-0.17374415951535926,1.0266113454873351,0
0.3613545160232314,-0.2721427016253346,1
-1.040869992030949,0.11726248514588544,0
0.20719855515966945,0.9156660793229473,0
0.5506350655883001,-0.3740161881714039,1
0.2151968293767456,-0.24004952656873002,1
-0.9310827902031049,0.4966597916615744,0
0.10198360486989913,0.20953938774425548,1
-1.0035845871075242,-0.05031971479512348,0
-0.8043789839666199,0.1775727029426845,0
1.3536322391774926,-0.4272330410385292,1
-0.8928365218009503,0.32391504510162317,0
-0.6925189548257474,0.5793781326280938,0
1.9630592953304302,0.5805556371350162,1
1.631166684206238,-0.18254190470328127,1
-0.05508795176198163,0.4146762683971788,1
1.2796184459165394,-0.4764099349974438,1
-0.01948289306675753,0.27972831666060194,1
0.0022948270259924852,1.0121850820053984,0
-0.5239318553168643,0.6906646380975859,0
-1.0901889990402263,0.443964973949057,0
-1.0368487939142765,0.4713479117015435,0
0.1848951530659474,0.9391587010294962,0
-0.03226496365017287,0.46550208927930203,1
0.07067464694011097,1.0736162294802567,0
0.5572810421962737,0.6291402983406529,0
-0.9870526683898568,0.16043172154402344,0
-0.7829120698110726,0.27029833262734104,0
-0.5673819559310459,0.8028551575810554,0
0.21015167572739454,-0.11132734648530343,1
0.4986661727756433,-0.5278083421991071,1
-0.06650113446332903,1.0210476978134762,0
0.9055703487774498,-0.5125516805819291,1
-0.2638949916866431,0.16941860426085512,1
1.769384904747082,0.06255071786432614,1
1.84956280064441,-0.3568343235939365,1
0.09947739900086686,0.8755959180351809,0
1.4651640014997716,-0.39557816688250613,1
0.6263330994391894,-0.3325844499775473,1
0.4964048811689208,-0.5124541759899118,1
-1.206514340281759,0.3877272936672875,0
0.141921101516026,0.039665337198732886,1
-0.5760399782769805,0.7708773683163002,0
0.28697188254403616,-0.0615945190620135,1
0.2781505162089865,-0.14516907563023176,1
1.7599441480666733,-0.22317166016606585,1
-0.006681393032473254,-0.060531819833136574,1
0.13102477343821683,0.3995468032822608,1
0.8088813512676907,0.3885789253139725,0
0.2987885138101715,-0.19381943819696812,1
0.5374076867177348,-0.3032532369190314,1
1.3928869326621993,-0.41326669307752445,1
0.5779988141631034,0.8855441107620874,0
-1.061579040945933,0.3510407794559078,0
-0.7791179506256851,0.4528087685407033,0
-0.12931863007402178,0.7317876138301597,0
-1.014386110238358,0.26686050164403585,0
1.0905223262515578,0.12325911241571576,0
-0.6429329178719672,0.9207005067336789,0
1.1334952953626631,-0.47386987224942034,1
-0.7337239042946867,0.33915703883591675,0
0.09955863115684235,0.8235408060026561,0
-0.7792912201696335,0.7180195994541873,0
0.6534770482386631,-0.2174653800496665,1
0.1039830901941049,0.025645323017719747,1
0.1927680242734811,-0.06259934272694509,1
1.8426932537704153,-0.09789604191677742,1
1.962314747564119,0.3760527728435866,1
0.5053195217815505,0.7104821237173141,0
-0.9959055516435378,0.18637734130995567,0
0.60752824836305,-0.4949368437438551,1
-0.6412835319090849,0.8688735806284016,0
-0.9260274938218633,0.6981527109095822,0
1.0507234264651317,-0.10486862095403814,0
0.013947312022285108,0.2924162260949471,1
1.8069012159957902,0.3324103938956453,1
0.696326234139825,0.4712089244944466,0
0.03062482820438152,1.077147519718936,0
0.8973405291121674,0.4215178527071756,0
-0.34152527291235624,1.040554977614888,0
-0.2875982558987065,1.0142732489885729,0
0.9627753513854514,0.7491920408996976,0
0.9896888824874734,0.07135248323206834,0
0.34478600526625647,0.991117626658734,0
0.08209266493902945,0.8606013428364138,0
-0.42263196198492886,0.8528265900412966,0
-0.169464995151563,0.5322699946175913,1
0.9443374763967637,0.10866429696186855,0
-1.2774115805722996,0.3228973397240861,0
-0.9992836991312936,0.0956877518542224,0
1.2523902691510347,-0.5201541340628631,1
-0.37928688852435655,0.899863684248424,0
-1.1334533641412001,0.23682148750118032,0
1.170159397305425,-0.538625482733826,1
1.168783342755242,-0.5483327640052438,1
-0.8405789510373998,0.2977876255621215,0
0.804434525031138,-0.3994278667121751,1
-0.5137170483899907,0.7764415977657265,0
1.0217110817835156,-0.4129210215162894,1
0.43735671325678793,-0.28297570466330507,1
-0.8363914456210984,0.39695198509585417,0
-1.07862488947522,0.5191775005303416,0
1.5420714364865957,-0.3160563883263309,1
1.7237046710880768,-0.3942669001043399,1
0.8591271423348519,-0.5185315260510689,1
-0.47283951305852395,0.8016253257556357,0
1.4124682156756854,-0.334051307699585,1
0.9478121048748823,0.21380203350757984,0
-0.604340804704842,0.8858158399599101,0
1.8871266826451942,-0.2233501581210276,1
-1.1096393125835553,0.05186933179638806,0
-0.6506549369981196,0.621899428881805,0
-0.1361958781151633,0.9962073371592655,0
1.0635053722586354,0.35828205707477984,0
1.250602418344851,-0.35067297278228915,1
1.0433929040804544,-0.4584510737676992,1
-0.9929145708483179,0.21069324315993626,0
0.8339366014800417,0.5083851329952855,0
0.8107377137655453,0.1888420763786424,0
-0.42180758861237677,0.8214007331443691,0
0.5974448164812857,0.8794379837340489,0
0.002642994776879737,1.030642444841195,0
0.2382533007173212,1.0066103083467837,0
1.6651731515767385,-0.02217133666502448,1
0.8729102220047319,0.5950199676012283,0
-0.9727539654300703,0.04051785091897308,0
-0.8727836185135341,0.5456030518710138,0
-0.329559761429032,0.9955036692939845,0
-0.6476486651449086,1.0544173662355023,0
0.9975613773214133,-0.6414695068824013,1
1.7898017089566758,-0.1319247403564554,1
-0.9968091488001763,0.21165931930612286,0
0.7443988525882267,0.7260705739797865,0
0.43870170184032165,0.5971616282947456,0
-0.24589117640991118,0.9678092693769798,0
-0.6769855801761716,0.4135268544885966,0
-0.025894463835844914,1.1421145830377304,0
1.911210545326376,-0.015782849492878222,1
0.46004046734915804,0.8522015217691381,0
1.1721825412406235,0.09064113846378843,0
1.7868748052422985,0.12562475566761339,1
0.7576233713348165,0.30878857499072826,0
0.8059505934300897,0.6158639291793971,0
1.2780527756233755,-0.4957892177000455,1
0.6049340856379786,-0.37348145048009046,1
0.22396722616473708,-0.08201408288630546,1
0.3482282993381954,-0.3290114035556385,1
1.052724860018548,-0.49404166542071065,1
-0.7964183484883942,0.5638690262242054,0
-0.7564099149016869,0.3125484773362828,0
1.0165396830657287,-0.4918259008956037,1
0.44680253766288,-0.29321832038582823,1
0.8872446136710591,0.05416881929901855,0
0.3329141543074081,1.1071093442326296,0
0.9815887396919794,0.522905982853611,0
1.157079765079406,-0.48375299395346594,1
-0.5441176458053325,0.837240426488386,0
0.5597238123783768,0.9045195879177873,0
0.08975240863104889,1.012844670593544,0
1.969525160373434,0.09665159524821582,1
0.7226041764955106,0.58480719961255,0
0.8169361734383538,-0.4579206566910435,1
0.4621890629562023,-0.41316825661740136,1
0.05943782374948828,0.3496248940226233,1
0.5777153282498664,-0.44173392377827264,1
1.914461475948839,0.09176353583623414,1
0.8625102761540346,0.32052714035428775,0
1.8703075378884444,0.11969187504545484,1
1.9864945292770237,0.06845194336220602,1
-0.6761130832131477,0.7583523944870226,0
0.6012351685877944,0.8418448984178485,0
0.9957631739513715,0.35091191334218796,0
0.9322068679895067,0.1748016114045006,0
-0.15883555366396873,0.2988906582938762,1
1.3621547527488704,-0.39031240891640434,1
0.8896178836648554,0.5482306799060119,0
2.0100978339838727,0.4218466707745186,1
0.5445292002372667,0.9315605774178488,0
-0.5671081644414782,0.8150165708287301,0
1.951537672777965,0.13743942308135548,1
1.8757002596963643,0.34272712839979047,1
0.41837068593814,-0.1618079177404676,1
-1.020956252145621,0.15852310631525823,0
-0.14338697365974834,1.0207523305640418,0
0.7420987377215189,0.508211672473685,0
-0.9300308431027354,0.6056100144896739,0
0.9787876808428909,-0.5887060780765971,1
0.5288380649254523,0.8511068620137454,0
-0.07975037268485394,0.2828087657887,1
0.8093328897872857,-0.3271359802579273,1
-0.2902934951847319,0.8741655712443039,0
1.964117994625701,-0.02801951196986771,1
0.12081124793057024,-0.03594003977239542,1
1.0720948644575137,-0.05096325666585001,0
1.1887600878428195,-0.46782997442403573,1
0.1886751609523098,-0.1499261043867451,1
-0.8656822047530377,0.533676311337092,0
1.744381978910762,0.025815645984388708,1
-0.06251651699921831,0.9123230021093214,0
-0.28133912888914986,0.8891479046039996,0
0.3153527086083269,-0.14323087338717544,1
-0.5306186976907364,1.0559632680439655,0
-0.696680389383165,0.5774093097747849,0
1.9830127417672498,0.6069285435719437,1
1.0557515889265858,0.2564021877457458,0
1.2986252226500634,-0.36681845473982966,1
-0.9103693932972959,0.3642445298835489,0
0.5380509608745746,-0.3600932650512202,1
0.38249693298726384,1.0500637328084388,0
-0.9924902812775249,0.3904806970403418,0
0.17768893515540896,-0.22831398012998538,1
1.5512241337379578,-0.38097602431894895,1
2.0525062275252193,0.15813117481201883,1
1.1269204021017847,-0.482875463144974,1
1.1410193510532118,0.20460123405844252,0
1.1270048741999374,-0.5541734209687517,1
1.498505924958112,-0.405114260844532,1
1.8296903362844739,-0.2633830065721275,1
-0.536523497457646,0.6995187615031757,0
-0.7204444676316165,0.5786543106407764,0
-0.6545609596799875,0.6753178199632197,0
-0.49848567597478166,0.996454451124785,0
-1.051974679766188,0.15380831886734142,0
0.9129996908650903,-0.08187415336738557,0
1.975690886225705,0.4886635279098156,1
0.7611207559806351,0.49722949756113344,0
1.8905481516617872,0.13557448444709694,1
-0.05990403542858473,1.0673793960460953,0
-0.6785918088375219,0.7302638535079784,0
1.0410994903711543,0.13117367530369628,0
0.48304765394570154,0.8516977389219804,0
1.2614337245752072,-0.47080471380856975,1
0.11997730643241133,1.01282253400451,0
-0.4232630873899727,0.9422741186460619,0
0.03869668773144852,0.9563287719511989,0
-1.1093435101569291,0.4262522850347805,0
-0.10059838947236588,0.03970308569603945,1
1.927577192781207,0.026208131970088352,1
-0.3801163245582637,0.9139540188196086,0
-0.8457070686853382,-0.20447585918433092,0
-0.821794693068006,0.4648997487971475,0
0.260286318183387,1.0165890755751208,0
0.8382179334095173,-0.44264314684622164,1
1.6345349878429218,-0.030937328255171606,1
0.3836845875787797,-0.21014461966054312,1
0.9062316405527219,0.34145999301135216,0
0.08850350045502403,-0.05537864813815352,1
-0.9424689374265772,0.5915389804663291,0
-0.4474614524114432,0.8046089844662213,0
-0.2706026186243209,0.9442799194919606,0
2.1642784201435687,0.4895642703856372,1
-0.17166942269729613,1.0886139244238882,0
0.35603821023977367,-0.18736488351575722,1
1.9117668429086376,0.5543173633395568,1
1.8061127618092794,-0.0711734885845563,1
1.3472408094897839,-0.4917722935818254,1
0.13025718231008254,-0.13047056548236516,1
-0.8762013611288446,0.7331233716983979,0
1.733759131431644,-0.0031777903015173525,1
-0.7803044749605166,0.0802796230127536,0
-0.975269289715552,0.5136200384845878,0
0.9970841984050857,0.19529463790455476,0
1.3789379337254961,-0.4964382497695265,1
1.8605739222579658,0.12273996699437201,1
0.8497425679043923,-0.5263659618332278,1
1.0712657366140428,0.3130682376682652,0
-0.31661904731101065,0.8201410708597827,0
-0.06806986829950674,0.8185817567485352,0
0.9838549847450232,0.26909582791648146,0
0.1533281333331818,-0.2787424806011708,1
-0.16525348375202212,0.8647916580393114,0
1.3706490351815528,-0.47085282260889677,1
0.9285211834449711,-0.40789659788841903,1
0.18926951145377213,-0.15939017107975684,1
0.02836870719063511,0.4172289395927837,1
0.8391642524215136,-0.4453310065296692,1
1.9200552272837033,0.34138028849544,1
1.4484318125488602,-0.5585262744233469,1
0.29975444163032583,0.09607437502478394,1
1.2158636411267019,-0.4919792094316024,1
0.9459783286899945,0.1323407095966236,0
0.15472631989780705,-0.07255379372439086,1
-1.2025147403682253,0.010326703585413488,0
1.8950640794925673,-0.04678543505808265,1
1.8938475864039706,0.27581178849315585,1
-0.3477653288582754,0.9145853651668422,0
0.4104643170729847,-0.28844950520011975,1
1.7917845618235273,-0.1396992873902988,1
-0.8996127389506519,0.5539287830252193,0
-0.3921820291200422,0.7741597582619065,0
0.5823036454838617,0.8057858600798083,0
-0.8597838821419496,0.6610953046156192,0
-0.7930349878325903,0.41345429322743227,0
1.224186242817669,-0.5305570930596615,1
0.8659999508035777,-0.5386514222085166,1
1.0540435134833757,-0.5581234373626972,1
0.9810641332302622,0.13010807820327636,0
0.82024016055298,0.477099381746049,0
2.056635197516294,0.3709158826428217,1
1.0888882465675582,-0.3303064842230473,1
-0.9450934170537039,0.3618474209559575,0
-0.7557303715226182,0.24561220363607938,0
-1.027764726032872,0.2993542966246706,0
0.26991957671112843,0.8641429773434268,0
1.9467688960907588,0.16801963407790432,1
0.6398244836281622,-0.4156211439455145,1
0.13959677613870178,1.117566041718131,0
-0.8237199966991232,0.8212850315721981,0
-0.00044149289787906443,0.8542587597443698,0
1.728367499083194,-0.1397204350540382,1
0.793444780856586,-0.29109159084175257,1
0.17267237039264194,0.28514857570158925,1
2.0071080174441387,0.2641523800318971,1
-0.8875930855279472,0.09499039386084171,0
1.9389968403085158,0.018032219461365573,1
2.0051838703986267,-0.012800156216235176,1
0.4763384271547805,-0.3767986731456322,1
0.5204417043413877,-0.38201049475650956,1
0.7923125461887354,-0.39048006826178383,1
0.21451035977790214,0.9115883196743825,0
0.07158667536886006,0.07034928033412959,1
0.6758941294048648,0.6192677934796096,0
1.5566774362147142,-0.12487374780172583,1
0.20885486847301604,-0.15267350898974438,1
0.6059156111777717,-0.30191554636893425,1
0.887415513408131,0.6757696067372413,0
-0.7901848246733048,0.7025224349887423,0
-1.0413702236057631,0.35303093159793025,0
0.7060583604449517,-0.3037560792925687,1
0.4875346755759308,-0.3106785712901268,1
0.11625019259931506,0.15314906430564965,1
0.26419335225405116,0.03677633165603984,1
1.8283928722547216,-0.2742966315543303,1
0.12390017825071419,0.010421641732393502,1
0.13077798585467612,1.1332536955600314,0
-0.2828075791942205,0.9040157405935988,0
0.7168115928319057,0.5704312907131571,0
0.5638869578792686,-0.2796434210886964,1
0.8405320259563177,0.5682313889017291,0
1.9609563266955021,0.3939172550629969,1
-0.9519109359023527,-0.0929412948899906,0
0.3262412453432023,-0.4387486247399604,1
1.4994039690737053,-0.24113653387475117,1
-1.0522654751987257,0.4225356812563252,0
-0.08192484754926532,1.130581350235824,0
-0.831493425686134,0.581627504217365,0
0.9759629871393958,-0.3384206885558896,1
1.6732847392986672,-0.09874381077394968,1
1.0439136022868094,-0.4981850742283276,1
1.2662349978687377,-0.39235985558398984,1
1.1118071770625169,0.27827740636452963,0
0.21023619697941923,0.9839001656949399,0
0.27120645965356227,-0.16333049400455707,1
0.7496405617217626,-0.347925191605727,1
-0.6511827787930486,0.6077989780800394,0
1.7010900135651579,-0.11814267800404082,1
-0.09703309998503433,1.0043166788880884,0
1.983641573570112,-0.013227612484416392,1
-0.4406126417397758,0.854460346044847,0
0.17176281446892644,0.8018550849559807,0
2.237100396293009,0.41334310518999084,1
1.9878059373184624,-0.012939381811048131,1
-0.332132246114662,0.9553743168717859,0
0.22681101821765665,-0.4427965314411699,1
-0.1608263198106781,1.033434901904254,0
-0.7700098850504807,0.4549569289896457,0
0.27679916401913485,-0.4412839274197834,1
0.43951773057239063,0.705929672125408,0
-0.8605611903514232,0.646818917294885,0
-0.9084134960786839,0.27435558352985084,0
-0.24368012178484239,1.1104140126826871,0
1.7833354407439124,-0.21273415716211366,1
1.2452591440948282,-0.3768058909096103,1
0.031539460905689445,-0.007231426549244177,1
0.7649177352292661,-0.5454085486437752,1
-0.09447198380734029,0.8477068632402787,0
1.5424771997094182,-0.31585289883891154,1
0.06313777548351285,0.9642503464717174,0
-0.8473623786339707,0.05085084563782464,0
0.2151282617105995,0.15419161323553965,1
0.275294408114932,0.9569222040506469,0
-0.04694647617040032,-0.04464189539996919,1
0.32153265943421816,1.0823774012355467,0
-0.5331048711486207,0.8602077605942109,0
0.5494932443361517,-0.4478045065848659,1
-0.6851198698022685,0.7121055537735937,0
2.04319230343802,0.28465629602417025,1
-0.5027363891266954,0.7619326174502574,0
1.0194533909459298,-0.38890905298167905,1
0.5283660193654087,0.03082621426164789,1
-0.2401562613858792,0.8385999532251813,0
1.0195802182391696,0.30626459056700533,0
0.10338268496601705,-0.20107519885734418,1
-0.22734140309632506,0.8806319346670253,0
-0.7322500117695565,0.6748912458955629,0
-0.5980240022457575,0.6130362954558092,0
2.0047995026255143,0.29503050954153676,1
0.05992418972533925,0.46675527490343316,1
0.1912737632503126,0.14922218275253107,1
-1.0292588015342963,0.2537772423380269,0
0.44436420007639604,0.9989433188823976,0
1.2955656041719465,-0.600080473449373,1
0.07933605005985105,0.8112624223993424,0
1.3214897540053343,-0.47025598692475495,1
1.9209291049565025,0.08169186584045343,1
-0.5143599767996742,0.7089459931907557,0
1.0426282172510513,0.3791696371933084,0
0.06911600897058734,0.4646780151434966,1
0.567940331602624,-0.49369361541087065,1
-0.11312180426289736,0.9285229779833606,0
0.9777484391567624,0.09909546930408325,0
0.08274874726601036,-0.0938994366739069,1
-0.831940236747855,0.07149902764103916,0
2.070324243144685,0.04692846205595391,1
-0.3892862535567859,1.0061441711413321,0
0.5479056125976394,-0.42896122060681313,1
0.5938720087168802,-0.4428036882633009,1
1.1320580445208566,-0.4962574811950344,1
0.2093025775534989,-0.1661685150408966,1
0.7702220271570464,-0.4856396205109375,1
0.005748822726703809,0.10764609351378572,1
0.38792678856917945,0.7820853366882964,0
1.025560679182306,0.5509789017826423,0
1.0392614506548552,0.6155745906858204,0
1.8466166617438786,0.31286801201873576,1
-0.07888499346648811,-0.02755542104691701,1
0.9613967657259392,0.1513548266684112,0
1.9506828469669013,0.375506746013859,1
0.2628042769259442,0.23223665530465987,1
1.4845057848159304,-0.41170059562849803,1
0.41503312783942437,-0.49116038757474845,1
1.2952341088138153,-0.5639332420891014,1
0.8103779157212863,0.8367071175168315,0
0.19390639016709574,0.9331422015214941,0
1.7189820909510827,-0.2236676449421971,1
0.4473766674682563,-0.3770742005738678,1
1.900827784343571,0.3717018016822418,1
-0.5799162576609191,0.8033771262864746,0
-0.04027722578062254,-0.0003355461525555853,1
-1.0052502307539395,0.10984140957339394,0
0.3896445104495916,0.7161944379274514,0
0.2549016394613239,0.9174430922841746,0
-0.9242641571687233,0.6037692267560523,0
-0.5236301541802516,0.9610162570757546,0
1.599541138257884,-0.4413718453534684,1
-0.5233094608162681,0.9279763693251867,0
1.0096237460069362,0.20083230492208975,0
-0.6800410221749423,1.0207610314420483,0
0.47275893907094646,-0.21594644286918835,1
0.7868369293995856,0.7547473549789541,0
0.14159186845139626,0.12738744004015398,1
1.7339353305121195,-0.32009384718918826,1
0.23165672928887587,-0.2117371776568756,1
1.9637778177434866,0.38018383076597384,1
1.734696330584228,-0.13177662669905094,1
0.5085411582635045,-0.28303147067069956,1
1.9579415376906117,0.4766244918767018,1
1.5407230521622177,-0.5776534342693964,1
-0.7014357380514085,0.5704439199451508,0
0.022530505206176804,1.0016536866333878,0
0.10172163841854316,-0.0038923882049706204,1
-0.06472291506559648,0.3545290571255838,1
0.28127685329210483,-0.2275723274806703,1
-0.3163113533621538,0.9690751956951614,0
0.20974012585400167,-0.21518745764298708,1
-0.893726289642365,0.675643470420757,0
1.8154987901049684,0.162829316274537,1
1.879826944130595,0.20087556871800347,1
1.4561536484223983,-0.1793975750668043,1
0.5934020974956247,0.8199879437951233,0
0.37137728125988334,0.15876060642501796,1
1.4927461327160108,-0.40413143911550187,1
0.0909864393177704,-0.11552554900744999,1
0.26654943287051586,0.9563392172082888,0
0.29877115713903357,1.0338763001308149,0
0.5219643970382611,-0.14598112890358717,1
-0.4524694771538681,0.9768111392294758,0
-1.1156530434895893,0.1967971447921988,0
1.4281193215714598,-0.3916450482790202,1
0.8143058275355997,-0.43476636444395844,1
0.5379819979186744,0.9119260570327776,0
0.4649699753904473,0.7811352741136632,0
0.8912116732353552,0.21485209079138118,0
0.35740271570976134,-0.1565278397089974,1
1.5164483637214632,-0.3830553514759837,1
0.9542803963784716,0.31277012038884566,0
1.8191578891677245,-0.05296832524828879,1
-0.5292679361603954,0.959065773665895,0
-0.1655278954197352,0.6746922113530754,1
0.07616017302227256,0.4263017623407464,1
-0.6533603760913149,0.7623031725164875,0
1.937083932137668,0.042693806455811736,1
1.0027078488913523,-0.5774724649125584,1
-0.022450528889881277,0.10064406655658997,1
1.0270227018209692,-0.0866900812486236,0
-0.516326093752409,0.6557667338472439,0
0.15446230902607735,1.3043537256056548,0
-0.3876395925039372,0.830646753549715,0
-0.04140994131046908,0.25668100899610374,1
1.7977453859473747,-0.20759619754946718,1
0.37994005535738307,0.6825535461933677,0
1.6999385245748895,0.09330078351913661,1
1.547698938924545,-0.17835381960403623,1
-0.8149084675529296,0.7302374667268419,0
-0.562984276077244,0.9384082997931403,0
-1.0359100196225572,0.21763173601384228,0
0.771097627272077,0.660536006013839,0
-0.20579018600504173,0.9375697356900503,0
0.3736701536906458,0.9570034818339176,0
1.2481626734702884,-0.39993221326752687,1
1.3739653299092465,-0.29475778166304717,1
0.8547061308804651,-0.5325723300435691,1
0.9463894790222432,-0.6012311522413885,1
0.11708565296174418,-0.01673043583315839,1
0.979412750272131,0.30104625019441017,0
1.6293057867534682,-0.3661422515895312,1
1.458848590190991,-0.25771022497143287,1
0.7980462595762803,0.48211529918661256,0
-0.4922065482038269,1.0021225897230421,0
0.7924114633161371,-0.5815734678561832,1
1.1053429894715732,-0.6056593149330817,1
1.8141516660974415,-0.10904910262188017,1
1.5676418877997673,-0.31651686885140257,1
-0.8973666679923488,0.5194442863766539,0
1.0064665971964495,0.14344054969676295,0
-1.0065457782012397,0.1492693798475067,0
0.7965985931790529,0.5782077387604416,0
1.9047222668144261,-0.04062725594937883,1
-0.37621691694626364,0.8602117333426332,0
-0.4592582359552698,0.9604795823380069,0
0.41413141371051915,-0.13199108358416994,1
-0.6993001236093142,0.683869262043895,0
2.027841774220997,0.04283309121286115,1
-0.8466610187362609,0.3455247857194534,0
2.0417625650057283,0.36654462731177495,1
0.13144606271747775,0.8668063103889156,0
-1.0361063798253638,0.15809724459462574,0
0.9545262355892034,-0.314615965180519,1
-0.5954545608620466,0.7957710701687456,0
0.7855433160194493,0.5927804190069359,0
-1.0725916484953797,0.13097462706588223,0
0.7543514679740507,0.3146181151323154,0
1.8842590271990216,0.0009778761914174816,1
0.1619137388939793,-0.13441471498865717,1
2.050940569009492,0.13479619684876867,1
-0.8435577813340813,0.5973239217030196,0
-0.04649063191784891,0.9749115492041979,0
0.1717928991059423,0.9323701106051445,0
-0.8690543320974432,0.4340576265876497,0
0.3775135464435829,-0.17431689515413284,1
0.909775744055636,-0.01575380694891152,0
1.534512327445447,-0.4566592682457968,1
1.776712369742737,-0.07991482831782874,1
1.9501828540364605,0.20034244324769956,1
-0.8589712134613543,0.5044994542441592,0
1.6651506694515952,-0.05483086682048821,1
0.11959829573275667,0.18893705091567622,1
0.43986936027130424,0.8890122754748487,0
-0.24779554649928337,1.0516279026512307,0
0.1297520241456516,0.9596222397794052,0
0.1123679587063913,0.33499904238147543,1
1.8756907208296953,0.24275021033125554,1
-0.8738467976572575,0.7259407909891381,0
-0.5839237972939689,0.6304627937542236,0
0.3087136522407818,-0.28504786032714874,1
2.033220396157201,0.26995096797060997,1
1.681108279504199,-0.0526410924205236,1
0.4923795516980719,-0.223236772428823,1
1.5257200750220017,-0.2730678727266679,1
-0.8096090432443505,0.6190580896324854,0
2.1594627653253777,0.34867473429083046,1
-0.5183742298826128,0.7610268776669672,0
1.2029311249932573,-0.5231847499916428,1
-0.7409196993849323,0.6448567217963257,0
-0.8939852974148804,0.5533561936934808,0
0.23383680300634002,1.093512388467642,0
0.5429773364035696,-0.38997500049381073,1
0.5327297736663664,0.7656575763958119,0
1.0046148447970906,0.6147351246914926,0
-0.9083259101132459,0.4131103727528022,0
1.8525969438703922,0.3535362397310771,1
0.9005886394802746,-0.5131451072954334,1
0.9548767236688787,-0.38122392841020064,1
-0.7094449752245953,0.6439232330458471,0
1.7210227112595335,-0.26025495449496644,1
0.05391827289025174,0.9153635071121708,0
0.4472247598765935,-0.5231605065639633,1
1.9529402754914764,0.38983167765381777,1
0.8795190103747795,0.30049669456886197,0
0.68518428596192,-0.570070208999498,1
0.33160511298863954,-0.17585370126728977,1
-0.7813565822712563,0.8460752329593535,0
0.4398909922783561,0.7040379822071726,0
1.9823924425865187,0.17991302533079231,1
2.1326251168709476,0.39729577551552714,1
1.851547446296495,0.22655410364177153,1
-1.187023018308525,0.18130538478395825,0
1.7077845986298132,-0.2720228115479441,1
0.03835373221879265,1.009057472714371,0
1.0867258540467022,-0.5048037111724004,1
0.6222530091108157,0.8985588635036604,0
0.18582200686479863,1.0081636931915272,0
-0.9229098445150549,0.44375741596414764,0
0.741960365727538,-0.5068264291608464,1
0.6191181522311003,0.8034728342502091,0
1.9096586264599096,0.171111224412347,1
-0.556128354608971,0.8779732791393701,0
1.9385466456283695,0.3784860876479255,1
0.8865039364557081,0.27556331652483124,0
0.12100597452227416,0.557636383825695,1
0.5261080002000766,0.8969223065639632,0
1.0987515721221117,-0.3917165691247868,1
1.8620064228272553,0.1120135816638692,1
-0.47384786361393605,0.8541472402675884,0
0.8349938167078963,0.8059415016083715,0
0.07115217444887091,0.37263777122061154,1
0.13437116864004023,0.0081860714486841,1
1.2200660916020762,-0.4893603066786785,1
0.34231620033813903,0.8866852494719666,0
1.6923349612299312,-0.004385704807056134,1
1.0262041370241017,-0.4320959344328958,1
0.6025672735513679,0.9374318037847995,0
0.7840074263271737,0.6941075207682814,0
0.4645643357779366,0.9460274805095072,0
-0.06843379250339707,0.838034989664148,0
-0.3832899419151466,0.9145981132777846,0
0.2575846298883274,0.9199388199824388,0
0.17240262508902057,1.0060083921451914,0
1.4901259197186862,-0.37753343421108027,1
-0.7450156157753667,0.5158095285206199,0
2.176319648753039,0.5892814409167951,1
-0.3850000374606136,1.0429549534583682,0
-0.9143067586042701,0.3252938246540259,0
-0.9598046072084908,0.31226164669297385,0
0.1723539475394309,1.1166207284893968,0
-0.12576583207633626,0.4161128701532724,1
1.0702140570011598,0.3107464793028415,0
-0.07555909717481646,0.9708581310095667,0
1.6342242839266001,-0.04309549581157991,1
1.840844131568101,-0.27124033015664784,1
-0.7668587612428305,0.4675309445974891,0
-0.025822585864473724,0.1577804302205607,1
1.4468764579421103,-0.34476189036806004,1
2.255610783246271,0.1251203098039138,1
0.05893877270793982,0.10290579900196728,1
0.8856314369556527,-0.5565488591352348,1
1.9771451583526112,0.20796544734196284,1
0.5997437520031587,-0.5049451365083149,1
0.5495456735768177,0.8396583251571111,0
1.39960397922912,-0.2653933399873676,1
0.6519832710426765,0.662453982089515,0
0.13100051442354843,-0.15457134917286477,1
0.9965163303259063,0.42743937755545713,0
0.03468493095062407,1.0725672923876957,0
0.6033776229796431,-0.40300614228989823,1
0.006243116303808652,0.10302469471270374,1
1.1333434110960863,-0.5011021171183632,1
-0.0999926193978144,0.5360099007779141,1
-0.24359473402018564,0.9638071004615754,0
1.4514419832672039,-0.5242068810225035,1
0.002678685756415722,-0.024712543586229756,1
0.17779656313387518,-0.09771340757312301,1
1.4443918427450264,-0.4253872226161679,1
0.170046070686683,-0.03253175102176592,1
0.3605739872305158,0.907249042719531,0
-1.069788273531296,-0.07948849386296705,0
-1.0396205387318718,0.28492347292175396,0
-0.8375951770732992,0.7665609769590195,0
0.25791493807502186,-0.034845507366489614,1
1.2959231989486726,-0.5247081021624387,1
-0.5258395994983518,0.6332475696758669,0
1.9940662875036137,0.13210575136438263,1
0.14502922255704323,0.3209429427113721,1
0.883948078601475,0.197194779755488,0
1.3245970494892667,-0.4635187144451575,1
-0.7317833382372205,0.5645341086946007,0
-0.7559156493950375,0.5206427360525542,0
0.39394398440532663,-0.21705323148858335,1
0.20400106668166956,0.4436299907260992,1
-0.7813785719446203,0.7855409317454993,0
1.2970746303134553,-0.37418290705466556,1
-0.771692301220497,0.6582962348143188,0
-0.13462169258083864,0.4688310348415646,1
0.3673693692690569,0.9682712056964766,0
0.2682433966494615,-0.36471044318080603,1
1.0611140325335562,0.37982783627244754,0
1.9761757026125577,0.5686892781806319,1
-0.4901197669612809,0.6438660508302185,0
0.21559007094987517,0.0007024464289629717,1
-0.26659483421535435,0.8491266061824052,0
2.054851715027094,0.5044997895443422,1
0.14428163084994514,0.9381094837597935,0
0.5981045886024968,0.6106017093933622,0
0.04731620029760464,0.945435508543722,0
1.0018293669797722,0.3622783323028104,0
0.03846701272955652,0.23490936176402205,1
-1.033213825659598,0.3354873664803971,0
0.20265003662544467,0.02985972972319642,1
1.9354195853171339,0.01151663840821135,1
1.6807122585767094,-0.177091849316116,1
0.7843939454667423,-0.7243164465413525,1
-0.09348094959147185,1.034822191642264,0
0.7567261162780949,-0.6298221557928357,1
2.0384745087401446,0.13807298137366397,1
2.0957093317163378,0.38399764788699153,1
1.8774371162378145,0.02677004826236388,1
0.9487370465074586,0.6215378882477401,0
-0.04073640279375347,0.9876507666592239,0
0.159921898970616,-0.10168990281707672,1
0.5859600487712939,-0.6217710857139431,1
1.1096250301424064,0.6847101957735051,0
1.900851710998297,-0.07200962765326058,1
-0.46604671907755485,0.9171672497853538,0
0.5052276852843098,-0.30030490168793916,1
0.023681282505864862,0.9935238556580375,0
1.879434673929146,-0.09801631388055213,1
-0.46255544116847624,1.0570217915851932,0
0.33674119123798263,1.0541815606930054,0
1.4265325282043655,-0.25271037671344176,1
0.9190566216075915,0.7504340339794904,0
0.20930788016688479,0.49650357614723833,1
2.0189583175412746,0.31716824390516485,1
0.09110818868051859,0.07496975154588065,1
0.1224840735658733,0.238547139995402,1
-0.6848730683769139,0.5012538543689471,0
-1.057643314834267,0.09016378786098744,0
-0.8299157287510938,0.5975433419342469,0
0.40030044072490106,-0.25791847970765674,1
-0.7927127511231611,0.9467962421261192,0
0.6964852998575914,0.6607747670597178,0
1.8250886844158203,0.03422504735472842,1
0.11408177497302541,0.1474355171661723,1
0.7296432242024959,0.6605727388628371,0
1.930847200472331,0.566310048579759,1
0.4952627806216826,-0.4728056944767825,1
-0.05986532497590756,0.3783629289516079,1
0.8574403152564669,-0.1078152375829751,0
1.8876259952240209,0.002653446795889705,1
1.5646009381448234,-0.20826055477565142,1
0.9067900610942825,-0.07277167513370675,0
1.1115180496999402,-0.6741548866387055,1
0.5288491729282847,0.8678516614860257,0
0.7475607370293923,0.7860455588871412,0
1.9477678131834055,0.4669758093024046,1
1.9726000247995255,0.05636075630292027,1
0.6682081741778755,-0.5103363777752101,1
0.5068886420498261,-0.50245378810031,1
0.5508270165699204,-0.10055030098588676,1
1.2571576074404576,-0.45688691524325503,1
-0.8590606628754835,0.5753025416947624,0
2.0144156891662455,0.523158720506257,1
0.5033672312537741,-0.5627167000694375,1
-0.2663706851882175,0.9239537510893492,0
0.9715883418489598,0.2564864167611103,0
1.247780757211391,-0.4763612215233677,1
1.2971164997081273,-0.3232990472762816,1
-0.7904459223923046,0.4477811456793127,0
0.4551698069444443,0.9578410543320527,0
-0.2352797097712662,0.9165660654849406,0
1.785211592789802,-0.07443943902571763,1
1.6044330997088785,-0.1833081814030013,1
0.07723298431980564,0.14954450294004668,1
-0.7765292162606434,0.4757360929658666,0
-0.8068957631125577,0.28567388363775864,0
0.7621235560363517,0.5629642955613313,0
0.7738281696972972,0.7198688344670393,0
-0.2692447233049124,1.0105744746769278,0
0.13416491752214635,1.0309071268264858,0
0.4317187003488816,-0.2525596066249403,1
0.9021597456159445,-0.46943596335954146,1
0.3458739252610258,-0.06767872607105307,1
0.24602514231992606,0.8881798332344091,0
1.8179823491903417,0.18206703691045178,1
0.5155826599823067,-0.2489564596331656,1
0.6089240673758591,0.8477671578853041,0
-0.9741485121650213,0.27878577136463906,0
0.3530354492632273,-0.16263537599964142,1
-0.9644162016155445,0.4803436470970579,0
0.0330211363434328,1.0939950523669717,0
1.6429492732967752,-0.23830534007641482,1
0.027508713486330286,0.28478270055405974,1
0.1365668016004139,0.09458846301352261,1
0.8987986292479064,0.08139208119165664,0
-0.0701848988884185,0.4249109933634552,1
1.4921292628549867,-0.4369388796288625,1
1.7887083112195445,0.08253145786385654,1
0.36103933947387495,1.1595108248337513,0
0.15926320548819498,0.2682141654036805,1
0.35730607457098773,0.8817415065544937,0
1.9102250988136225,0.0364236254249152,1
-1.0749685679355463,0.5790458963277767,0
1.14211135337707,0.05012538775425693,0
0.3951370215009781,-0.4225979350938382,1
-0.5564046044607428,0.7877859710476078,0
-0.5472137914955443,0.7426612584293937,0
0.6993631740077182,-0.46334936713003316,1
0.640591397654112,0.8482118657604529,0
1.0242654217634366,-0.5741104550271208,1
0.992119502788543,0.26568539593622326,0
-0.1661414498758055,0.4348366381637061,1
-0.9919397773729282,0.052720551509038864,0
-0.4702390186993671,0.8728111505856421,0
-0.6066036326581746,0.78450146730401,0
-0.4142008239182747,0.9271933415970594,0
0.1255856308824084,0.9452648175672437,0
1.9931644779765663,0.11723777124348578,1
1.148173441589398,-0.5533072605226179,1
0.9041149172464731,0.12866610970437245,0
1.5133694804685478,-0.29319302641635836,1
1.0152441598374908,0.23040021278387207,0
0.38537639950268343,0.8033615976816422,0
-1.0804777813257167,0.1291179629446751,0
0.45807560978063727,0.932357362250449,0
-0.948236599394064,0.20857038866176963,0
0.6379455643403473,-0.33477351278747597,1
1.633765300478167,-0.3483019557274175,1
0.8957425746866379,-0.6902054920295639,1
0.4433950399457943,0.9543055062506135,0
1.0029776470582497,0.2020102181239969,0
-0.6138876094542339,1.1115519391045523,0
1.0447487957860142,0.567210370266357,0
-1.0246578740990004,0.3280274866309598,0
-0.17820597284957646,0.9659781922451576,0
0.9785029788305647,-0.5692841560231177,1
-0.5233295957068055,0.8174104318978822,0
-0.8266469470627478,0.9305090932380088,0
2.022853527835502,0.04589739943731347,1
-0.20039374924569694,0.883473040406149,0
0.07199844204767152,1.1019075246731207,0
1.5599733909270999,-0.32039250574268635,1
-0.39559618882715764,1.0015937030026139,0
-0.7703969012891793,0.5764503513541642,0
0.645468563944609,0.9013776557587937,0
0.8576313927310037,0.33613765621905506,0
1.93975335311531,0.2930091904583655,1
-0.6499701702697993,0.7045273723441217,0
0.44557342418837687,-0.48943427237655585,1
0.7382332553903594,0.671237896593784,0
0.27481515131367024,0.8468726814343958,0
0.9893577129994069,0.09611107496949396,0
1.5644180196580872,-0.34827337789147106,1
1.2013379884269613,-0.6686969627699316,1
0.2542034118246008,0.02791915068213735,1
-0.3217887942521752,0.9410179583711724,0
-0.7537833013441712,0.7244319686575666,0
-0.7167596457978599,0.567200991628712,0
-0.9867592185218613,0.39300261810621856,0
0.0398370109837109,0.026787242784684584,1
1.8787807290635619,0.16341583529326156,1
-0.7703460562589823,0.485650632943493,0
0.8691457991499508,-0.39999993934102285,1
0.6768138265055628,0.5675751227156471,0
-0.09525733702709474,0.8806122157838014,0
-0.004275475858528249,0.822675409338225,0
1.1917486513992235,-0.5725535122381163,1
0.8658010131910642,0.4277926593431036,0
0.9381119627523336,-0.4228130425229064,1
-0.009881115827710812,0.932161896480645,0
1.9312016061926123,0.25196167494743127,1
0.5144305520338956,-0.1982216870054862,1
-0.9852920168493728,-0.03513907546523945,0
-0.7059690507746614,0.5047086938563508,0
0.7169116404280449,-0.38982398250291406,1
0.17427545978876816,0.8005157200429708,0
1.1101140158729312,0.10758906721974,0
0.31399106681783306,0.7051382085709745,0
1.9592713948063498,0.5042291657004523,1
-0.531575466052582,0.8400667601083451,0
-1.019863729317724,0.40555160713177824,0
0.41236281787954643,-0.1608927841850898,1
0.9299616530948768,0.4264262081617767,0
-0.295435352545541,0.8318197401581635,0
-0.7537179857636712,0.8515671360568169,0
1.523580140970672,-0.39502478474958336,1
0.5968429319975281,-0.37238979104533554,1
1.8692042683289052,0.0026062134015743393,1
-0.9625430402640431,0.2318994490560372,0
1.635922282243968,-0.14031914091201075,1
-0.7068028856973433,0.6397763051325779,0
0.09213443303311576,-0.1213867137453193,1
0.5415766606920495,-0.06964902921702405,1
-0.6205123631318475,0.9213849539101266,0
-0.5626421332138913,0.6143278905693705,0
1.754339407034653,-0.17399943200804613,1
1.591004064384474,-0.20451268870455533,1
-1.0102615798822645,0.055819211202369684,0
0.5127781577769961,1.0050430401229904,0
1.4695925864075525,-0.28299688642702253,1
0.7215933338516763,-0.4950856809319391,1
0.07367514131526849,0.32036346438030416,1
-0.43861777059713386,0.9353557079114179,0
0.40894985104110226,0.8379538942353063,0
0.7811284532628688,-0.5993760238159234,1
1.3647754395127647,-0.47542053768450876,1
-0.8395848761995776,0.2762516424516639,0
-0.9379780710906521,0.14266889270488906,0
0.20607132575202014,-0.02677669808601257,1
1.6542565661905038,-0.03140541064131133,1
-0.8581967294665678,0.12706644863988226,0
0.26719873765085317,0.7025330083610674,0
1.3925911326456104,-0.5004338931067238,1
0.3667268139156868,0.18863486262979734,1
-0.1947479438195599,0.3579154861096128,1
0.9454158821921128,0.33869473866652083,0
1.3391909537639148,-0.3390393524606575,1
-0.05026486076648034,0.4055241778063749,1
0.8784536569959938,0.8420787118021722,0
0.8087861458589305,-0.4923055269111648,1
0.8098346537804738,-0.4969716668450771,1
0.5853814014218083,0.8092718907686248,0
0.6125073490135328,-0.3603945826492073,1
-0.7097524072372755,0.6241202465515101,0
-0.8192935940375806,0.7841947998533444,0
1.289637522015565,-0.4180709717536404,1
-0.3887144992257775,0.699006948413505,0
-0.48002854388391936,0.7015541958718973,0
0.6145486148790616,0.9212852368823742,0
0.29195950751047817,0.8458313053084648,0
0.9171479725896892,0.10322768690509547,0
0.008615524773635197,-0.16008148209982595,1
0.8508954780183179,0.7636693822559307,0
-0.4720455380924339,0.7272866979145663,0
0.3372453964481469,-0.29573057672638225,1
0.18108757547701804,0.9313784146491196,0
-0.7361478739702748,0.6366337001963177,0
0.2926976585811737,0.8817363717399593,0
0.8079205814437302,-0.5578000746101768,1
-0.13126734905450238,1.0302531386552392,0
0.9411231345840734,0.3464634036378108,0
0.4648877279413817,-0.2295935677431303,1
0.7798774465343462,0.7869060874978437,0
1.7593915873345047,0.16010363678637607,1
0.7421341445336259,0.4912185855108169,0
0.9216239025580805,-0.3943929011772076,1
-0.11984200294494785,0.9160347425621642,0
1.8782851196526276,-0.035519760306986156,1
0.12505695919819354,0.07448683718875643,1
0.7064343307476074,0.5256996882733744,0
0.23113508368831465,1.1577492889599408,0
1.1905892409830996,-0.3105955411486827,1
2.043552435583118,0.42773904255480466,1
0.89364824237149,-0.4632426244159849,1
1.4224435482758975,-0.35762884533252237,1
0.4760377985299827,-0.23979336060716216,1
-0.2234662132963024,0.2998557195289229,1
0.21937550274294615,1.0139278447823792,0
0.6699055385628467,0.6895732770936062,0
0.06783873052599636,0.47801533574569666,1
1.4367526186604838,-0.29422338075286264,1
0.695230689661208,0.8144567884953975,0
1.4021227798376563,-0.21308452380862386,1
0.6678508041598511,0.7518623639859685,0
1.961586723873975,-0.12342136232406928,1
0.49771280564807063,0.7651425823653162,0
1.8454791242494055,0.3577040911731775,1
0.9444017301301181,0.284767506103246,0
0.84485194090507,0.14895090446992024,0
0.9034809587763232,0.05894985781695447,0
0.5391600190932013,0.9045773085136505,0
-0.04648617206273908,0.4892147453397338,1
0.9992129976893508,0.5512329680671874,0
1.4574517791581296,-0.3890951580150962,1
0.7711025294171381,-0.445708683955747,1
-0.9709221982783255,-0.08654394136193926,0
-0.42693088457904593,0.8394305274277211,0
0.570260612323762,0.8116657616283528,0
0.8501587591448087,-0.4123104090584715,1
0.18351341567761814,0.0718340595455671,1
0.8583720846171264,0.35673428562848497,0
0.10021837987579837,1.102934447370652,0
-0.04239998549211539,0.267669786485518,1
0.6899689369409716,-0.5219626827034847,1
2.0278972712107834,0.03203020044837541,1
-0.052069713480689395,0.7950655102318597,0
0.288145928079672,1.0082341289539147,0
0.9643834805599901,-0.5172312374005984,1
-0.38610153619287585,0.8116484494876691,0
-0.2700127260284341,0.8988192910099879,0
-0.9467076525937799,0.42653476278043134,0
1.7578445686173763,-0.1854887948055536,1
-0.6796823562774399,0.6763470436724167,0
1.9114791169428882,0.21433384077832165,1
0.6281242683339583,-0.398647707629059,1
1.8050638436944233,-0.10658224262854699,1
1.9490916846852844,0.26383790206358737,1
-0.7814124491976656,0.5678318218127569,0
-0.9687551693624381,0.45335727715205587,0
1.0114377380544226,0.5780382988102777,0
-0.06455109940564852,0.9998123896932667,0
0.8363047617701409,-0.379273385487543,1
0.25814235410319175,-0.10783368667542867,1
0.973895763398969,0.5801297222145436,0
0.713455326387489,-0.45873277050259315,1
-0.4779246714666281,0.8882743032071431,0
0.9562727056072038,0.058359774130527786,0
1.9331241813832154,0.2472676693290874,1
1.9250383411126426,-0.08374715761096857,1
0.259404749420276,0.9240165313995574,0
0.09727053654657812,0.8642814064090494,0
0.6374173132488052,-0.31907486523034445,1
-0.8337026586947869,0.6765183057141911,0
1.9125524369044087,-0.14312505620497545,1
-0.854245942267778,0.3481896289815247,0
0.7598289289432073,0.6030065338340722,0
0.31443541785067813,-0.2218967662670975,1
1.179501183133704,-0.5701883729484957,1
0.296428936999675,1.010099775494208,0
1.9929895988476676,0.27863226759000687,1
-0.8157370064554079,0.688966053391844,0
0.5815004370312922,0.5783553583720789,0
0.3054192336351739,-0.40491335147172847,1
-0.9407101947156646,0.1912566512521962,0
0.31294549305745645,-0.12362394326496093,1
0.7150904391188945,0.890724123777991,0
-1.0003766192386665,0.2961669172848177,0
0.29987251723494684,-0.04898424773480731,1
-0.5531974411510533,0.719807472836814,0
0.9353005836593082,0.14007254743475261,0
-0.5325251826286715,0.9044710511965751,0
0.6315853684100684,0.9102853485390641,0
0.6237918098630513,0.9176957484656628,0
0.9990820816456303,-0.6158352090512657,1
0.04483143237308106,0.04606840554494239,1
0.713576025916359,0.44948884734529737,0
1.6083399040287372,0.012995569865129467,1
-0.42976027580816767,0.9111387916595768,0
0.6231220534931258,0.7405029112186767,0
-0.6049946172932901,0.5551527416834697,0
-0.919835447077453,0.6825959065507278,0
0.8473303376844271,0.46280770513165337,0
-0.1082107156170331,0.24342278295339642,1
0.3550725986514015,-0.2277387183286656,1
1.6731083753455893,-0.5003898510121796,1
0.4303445016844438,0.9374880051626969,0
-0.19160293073049606,0.910619211914142,0
1.4849448737066406,-0.3042505992013789,1
0.47563077486098404,-0.1670341862476343,1
-0.969681406624105,0.49038361771366,0
-0.6199003500792194,0.7707689704563837,0
0.12860310809796457,0.1445386690655953,1
1.678833746347283,-0.023681292412711982,1
0.9452104960105684,-0.34603281481681447,1
1.582115752187659,-0.38187984078842363,1
0.2816088240905935,1.0568260526512934,0
0.7631496175003105,0.45231308654518343,0
1.475271987362277,-0.5407998161092783,1
0.8880332163301294,-0.4421921467701125,1
-0.4615539188273896,1.0403071849510126,0
0.045917879024144084,0.9199398837007962,0
-0.3965981899210102,0.9852432148133417,0
-0.9907278453600041,0.0014235891454875346,0
1.5559446804925197,-0.30103854575649835,1
0.3367263887697963,-0.24085528388759597,1
1.359853089886695,-0.37059816322949224,1
1.1260230796375665,0.02498854590913368,0
-0.17969172147173318,0.9196973083354375,0
0.49399776869435386,-0.31812416919176567,1
-0.5854918747000557,0.8260518404886187,0
-0.848500754755168,0.10644217876027723,0
0.1763796838787265,0.9048418964011553,0
0.8948603877393095,-0.4539622090868196,1
0.1102482391488492,0.2273338643529656,1
0.4760074823507123,0.8619309039973779,0
0.7222172946708643,0.5124846314409429,0
0.2729608072389168,1.2224398240308045,0
0.4171616864519927,-0.5628004464255719,1
1.3412199712141524,-0.4351695236664213,1
0.29644528972426815,0.9279354178289305,0
-0.3656394435293018,0.9267246381200059,0
0.1361276682924329,0.49131348399607083,1
1.5593165593154605,-0.4348205271204641,1
0.03779258014349807,0.26649542531793186,1
0.2839657755474193,0.9154367367958303,0
0.5873234009170569,0.6907425274411729,0
1.583106061241926,-0.3251605237541966,1
0.3590497846262042,0.8373360318637658,0
-0.4330599138259073,0.8133954012387631,0
1.005363795093831,-0.421305480846735,1
1.3699116096091652,-0.5285455515000375,1
-0.7116876513736967,0.6526651888881798,0
0.36240179855866245,1.0506634239622752,0
-0.8212687788660739,0.5333234429110721,0
1.795460569109396,-0.09636142974329455,1
1.7142034397664,-0.38755631974396676,1
-0.5029075225365331,0.8193365414962916,0
-0.27287174753592447,1.1472636460877839,0
1.595303722365776,-0.26402970308534324,1
0.7197273616438352,-0.36745786038963335,1
0.6615700717577774,0.7194093017340797,0
0.11030523606181186,-0.009922656876250324,1
1.0777960187737043,-0.5337812412403803,1
0.5142960699781544,0.8763402477910893,0
0.9708715965213219,-0.5075995036002438,1
2.1388821152573376,0.32551620313823193,1
-0.963263210287846,0.5397594249571224,0
1.971684195669006,0.45613759365127515,1
-0.7437964868944535,0.5397408683407756,0
-0.9704341593321024,0.26674215772146975,0
0.7615411646674678,0.5907067038166152,0
0.06519089337727567,0.14013389964946638,1
1.9417885938141426,0.5091978656951196,1
0.4138456501698633,0.8738851105696257,0
0.015074444734231585,0.9130683032461834,0
1.6757297433942475,-0.06307010623003734,1
1.8054232149501468,0.1155950747863452,1
-0.8015285966491992,0.6613658591502388,0
0.7403896056691391,-0.42147174581899755,1
0.12609832406335855,0.2969354566223906,1
0.442316578879432,-0.4104226468892761,1
2.0054519316440045,0.4322882441526699,1
-0.6194904432759692,0.9341886429042332,0
1.9994515995123185,0.16406224098591377,1
1.0086956625952455,0.11694939436780827,0
1.5793687544282993,-0.1900635819193509,1
0.6199846188220404,0.9733995813836578,0
-0.5990745846398872,0.7580097726565527,0
0.7484913655150429,-0.4122237646159765,1
-0.14430794407699143,0.8655502644041659,0
0.8712921656002133,-0.3368106820832206,1
1.6413497976358173,-0.26460964446172225,1
2.0039311844447365,-0.18637226894915354,1
0.2566553067640252,0.018419188116937477,1
-0.4902786489706991,0.8604697129177213,0
1.964133771686071,0.6305602345396393,1
-0.8520056067647312,0.35459380316172384,0
0.788507398190259,0.7901258492303814,0
0.06443116981698202,0.2172202949201416,1
0.14898124749928468,0.7827855462233154,0
0.2759967920956212,0.9313754876889181,0
0.5124853667296035,0.977447191053009,0
0.11897721454471046,1.0565762226252318,0
0.8694481298889583,0.16846724278626107,0
1.2988472002964087,-0.4797149673533161,1
1.1100205752895895,-0.5048906590679034,1
-0.1540659618819339,0.3328540667662454,1
0.4062246599413271,-0.15522038448965617,1
-0.9881826821002012,0.5122892727222229,0
2.0440169335789014,0.4945699171289194,1
-0.22931202919430407,1.001571607947246,0
-0.6163828193212137,0.8462192902730123,0
0.9491169182696905,0.13711388531624297,0
0.7104657798987277,-0.6943592555592304,1
1.7721395539005518,-0.11517859330083913,1
1.8527590178059758,0.35345060361322855,1
0.7725701546124516,-0.6647529278757998,1
-0.051704094890816066,0.9193745716531638,0
0.45827702653139163,1.022371603404339,0
0.48400564041041655,-0.23777134572919562,1
1.0383604365087051,-0.46103744264681895,1
1.3076768545831485,-0.21248115110944105,1
-0.13217179216000294,1.071387230700255,0
1.8803194351525994,0.10234665864109022,1
0.8762024878490278,0.6163547822295423,0
1.7117871173437595,-0.16909534397580533,1
1.4467084286471892,-0.3904186311224936,1
1.7718368102422555,-0.210450756253164,1
1.4155393750324705,-0.187143931305366,1
0.17029532864617808,0.020882669995168843,1
1.825234738098187,-0.2946570255033928,1
1.6704210819468723,-0.2139858701021976,1
0.4091004961293125,-0.41513732504562895,1
-0.2528037345929623,0.9687247741634664,0
1.7179097581976062,-0.3375509692866397,1
0.12485164047803027,0.15139368388556992,1
1.0188176598920342,0.30646559339182927,0
-0.9143923411015967,0.06219815230871173,0
-0.8359731695273757,0.1820209658354243,0
-0.4445724962190244,0.7864828622436926,0
0.694146952483718,-0.3038788336439531,1
0.31859521471057656,-0.06472177420606098,1
0.5331469159957372,-0.2675957810397895,1
-0.5160794857599411,0.8667810702550859,0
0.2115751688358255,-0.07596039346493796,1
-0.5140488755032321,0.7338437879242986,0
0.9439779904764937,-0.48538274438683393,1
1.0340768636218396,-0.7176387017915161,1
1.2148139216215053,-0.3937637346271876,1
1.993131072054584,0.13441139208073527,1
1.6319777362376766,0.015940636212773807,1
1.5267341076581116,-0.3900032886954685,1
-0.9512805048598908,0.18886787123720072,0
-0.47833815186708445,0.8386510211821429,0
1.0307261771670517,0.05511161384731432,0
-0.4377235195504732,0.641493899264408,0
1.6795361254191592,-0.12539746088701642,1
-0.7605877555881342,0.6052576519207804,0
-0.35009428277325827,0.8676744043429833,0
1.6929173182460207,-0.2292277065066677,1
0.19930162895408807,0.9355276120158772,0
0.6662851187901421,0.7865108488036862,0
0.027339133241225822,0.2530163926408172,1
0.8563051458845917,-0.42607498971075936,1
0.8093514782225464,-0.47523245145877374,1
0.09091329032942949,-0.0033715489968531593,1
2.1240835839353416,0.19808842460705156,1
-0.13683113242002254,0.27003795803361075,1
-0.30632305312351843,0.797523925243429,0
0.942346832588656,0.03456924349618126,0
-0.6787724529281507,0.9018354187686606,0
1.5666270031032952,-0.19198203909780434,1
0.42985323744178827,0.9011658784288137,0
1.154126995104957,-0.35329239561043824,1
1.570736440005987,-0.33858653450248943,1
-0.9638907826240528,0.02661895039942896,0
0.03146075388266975,-0.00013041648939000894,1
1.8282867768540991,-0.2136299190769942,1
0.38734263814017517,1.032058383296972,0
1.9438816465516402,0.0508970220971425,1
-0.05861444491191365,0.916239538315059,0
0.14237499467343095,0.27692505145913143,1
0.41507924576214017,-0.4349877700644976,1
2.062944953424065,0.5108581748164529,1
2.025392513566518,0.22760333231304272,1
0.35144200072829007,0.9236550917537562,0
1.5416424559765376,-0.21621899420196322,1
1.314091605892671,-0.3917317475279564,1
1.1135023447818624,-0.5186662740768385,1
1.0120939749583924,-0.36830073638073746,1
-0.9420195101640664,-0.04037366195062911,0
2.053325610107721,0.292002460071981,1
-1.1549675627605989,-0.01288984018627598,0
0.7963407315860039,0.6372096421419465,0
0.8229920314761693,0.7293010389482527,0
0.9234832377203368,-0.5398153046554035,1
0.7250537460183185,0.894920416463945,0
0.8059288130504833,-0.5149483377832323,1
1.1850864223024569,-0.6132691425971672,1
-0.9785224282805324,0.05889547609939988,0
0.5453904248212439,-0.5811717521938715,1
0.2246485311491072,0.028818584170661493,1
0.026080077618028052,-0.01667643400420224,1
1.9212619533591746,-0.0038174934723931436,1
1.5908683599555502,-0.367480065778098,1
0.7392988564882446,0.7760752853321169,0
-0.1294900374878078,0.012819336783084778,1
0.6678717884926548,-0.33822813352037495,1
1.7166286954900174,-0.036793724206238734,1
-1.1163741286322026,-0.04300798848046597,0
-0.23957607848355764,1.0047369532521757,0
0.3768865545780169,0.7794856600126756,0
0.20069354401566303,0.8402989050241298,0
-1.1339254398504446,0.28973748773318436,0
-1.0752974294416344,0.4555289652594555,0
1.9150539922219112,-0.17036167356458948,1
0.1272496950021661,0.14690310897071246,1
-0.8180283760316285,0.33460569745914587,0
0.9479219654363129,0.4734556031876483,0
-0.8936266439648719,0.3310135545569717,0
1.2741051024804528,-0.528626652397215,1
0.48585799970011295,-0.45322338644207605,1
0.2807953475037108,0.9139765065570273,0
-0.6813036461632636,0.7657358144639483,0
-0.6883304026181769,0.8545973869849874,0
0.1610905207681462,0.8092335329556449,0
-0.9266001609451726,0.6548346189668511,0
0.7338676450608401,0.6029855316057222,0
1.7230758276474845,-0.11307278874451308,1
0.006612276428655597,0.2519605970492125,1
-0.3326434676900836,1.0789781284682278,0
0.0007573311824278367,1.0182461136375678,0
0.5697099170516049,0.7436545587405773,0
0.1625122367358318,1.0094858514584255,0
0.8085896927528893,0.01763896825401272,0
0.15660608405089155,0.28181936630543625,1
-0.5212824708985355,0.8593527859908586,0
1.1177042648637587,0.36950736018162084,0
0.17614775045063918,-0.04560806957363056,1
0.11247806155594409,0.18702202501448514,1
0.6931784453620611,0.6753916762944565,0
1.2379798819248657,-0.5082916127835017,1
0.21179943716286798,0.9061757328696061,0
0.48940746566916155,0.7036043706726649,0
0.361249495574376,0.9195233170717904,0
1.9112990799356704,-0.15624276328647496,1
-0.8676589491010944,0.3797649825191955,0
-0.7137872618120542,0.8321196939320386,0
-0.9194410214648111,0.30574053312046845,0
1.2992684796119494,-0.2400653660346953,1
1.7566597273350528,-0.26681279741335817,1
0.619379397191739,-0.31215238329865996,1
0.2243823289925859,-0.24051573666435974,1
1.2856487361554207,-0.6279733257414246,1
1.9150567743772198,0.3277268362564139,1
-0.8511711447941598,0.0016923381274091265,0
0.23629250831338522,1.103907630823853,0
-0.9211052116142322,0.20230846289674906,0
0.3841864495989793,1.0014150097045618,0
1.6112666796408328,-0.13615866123482379,1
0.5075808308100594,-0.3905546728082964,1
0.11784729130618182,-0.13054116064189655,1
-0.7621598473723825,0.5090499198122557,0
0.4364105058745629,-0.3718065401432771,1
0.12064008525962835,1.062047839522406,0
0.5314776022944778,1.0611012491317224,0
0.9568581807706011,0.044457057489313445,0
0.16146501208998615,0.4931129981732934,1
-0.34853651204730607,0.8775287421222093,0
-0.012699044154746264,0.7829928663606401,0
0.870328566240566,0.6868276996891725,0
-1.0604742192569796,0.2797829025532844,0
0.6492282678594161,0.5235493872937969,0
1.4048856126503468,-0.304386006515078,1
0.06008711765982667,0.09488393001102638,1
1.8305058500577458,-0.0575767389603727,1
-0.5787510996529853,0.8881967540258655,0
1.4509021203666181,-0.517067506242878,1
1.960502448493087,0.3498373775330952,1
-0.9168048973648536,0.5166907852848586,0
0.7412102318112614,0.9211457803589375,0
1.8851505932995267,0.5821724490649292,1
0.6054916499812342,0.8705817199526327,0
0.9581447849025355,0.42245986413910525,0
0.10834945607749771,-0.026889139845551524,1
0.5206013964314363,0.9007307133898064,0
2.1112317364045414,0.4016486612493396,1
-1.1310351912966512,0.2220356625456164,0
1.8021290969122348,-0.27433127510723915,1
0.12002519013652964,0.3105899446046485,1
0.067067792413063,0.9622130937406933,0
1.853762580909235,0.27708839354432785,1
1.883197056527389,0.3327885840751249,1
0.7145232243322229,-0.3075946400261755,1
0.6086613120941988,0.5771315764510674,0
-0.056137885514792804,1.0462029003643394,0
1.7551348084948915,0.06870737246865455,1
0.009084995858705449,0.17657821931699563,1
-0.44109928904812823,0.8726273055293856,0
0.20214659334901736,0.0041849101353058915,1
-0.9642956251682246,0.6010541790389751,0
0.034726615987891785,-0.050977262885353425,1
0.4971871584251833,-0.37628948926620653,1
1.8976740265626602,0.133438276606462,1
1.6670926232188552,-0.17717470353978962,1
0.940154985485613,0.12431816472436252,0
1.2606391957538872,-0.28981558871374974,1
0.9501956394336497,0.06085087129116887,0
0.2573212218811719,1.0431487250172018,0
0.08844597767855583,1.0308340322868907,0
0.9513092515666504,-0.4652564574645695,1
1.9982448134651751,0.549836070351383,1
-1.0071149017229928,-0.046337342933062665,0
0.22624919715140512,0.38676492037465054,1
0.02454030251843574,0.00865668460705184,1
0.22807851527978779,-0.24898714003902384,1
0.7559024070336369,-0.47686025316537956,1
-0.3692724654180628,0.6512265866355758,0
0.5805778469415018,-0.5423060303662547,1
0.11591995075049231,1.0412771520869006,0
1.3879016810482252,-0.577266379095227,1
1.4498563428001516,-0.5009007967849783,1
0.0017242886569045594,0.9557753714169819,0
1.8451661135798165,0.33568366918625386,1
-0.16585300580569967,1.0759120354307505,0
0.26518207254670306,0.06999074067882347,1
1.8213047600011818,-0.0824237220947488,1
1.930852928129988,-0.07506023176019957,1
0.8878041211382761,0.5398356746451413,0
2.055239850010353,0.3397811922979316,1
0.8223438215536156,-0.516993908875993,1
1.366650414356764,-0.31214001005267966,1
1.8433348848321172,0.05091045963677951,1
-0.7922907657595767,0.11579998450820203,0
0.01803332956388763,0.17821721750197803,1
0.07103788550220108,0.006800406814225078,1
1.1090384767179735,-0.3668923218652643,1
-0.7115603647896027,0.7632102740401265,0
0.1574701509779103,0.9648146958101274,0
-0.038876758097376084,0.3764162658923118,1
0.22933380437688933,0.9442068794413256,0
0.09160300819179631,0.17120304179822998,1
0.9665759324756629,-0.4993578294555691,1
1.266221553862914,-0.4717483727634131,1
0.638625885119973,-0.46539175229654023,1
1.738389526424886,0.08951641740214158,1
-0.7754488937341589,0.5404496857021034,0
0.2584148259946642,0.8795965648332793,0
2.041996823343748,0.12668669516924325,1
2.0763316786691672,0.4670406936535431,1
0.5055568448050137,-0.4932551756244481,1
2.031114015352418,0.1576353166670304,1
-0.9807130446271906,0.3983390989454414,0
0.6655061074682702,-0.6823400408437119,1
0.8414142051053399,0.3635859112026005,0
0.976430665649424,0.2483286056073577,0
0.2844028198514277,0.8196058480807875,0
1.0031068178871863,0.4949183549228331,0
1.540282809551978,-0.17679754086195806,1
-0.8752282577835788,0.46507904525547894,0
0.30525335547898075,-0.25313554273234856,1
-0.035974854106309434,-0.022409675264555937,1
0.08238064431472147,-0.13974395893470104,1
-0.5870248470121787,0.8111144905950878,0
0.648249433086851,-0.2958256960810182,1
0.9612685870720206,0.4124068740071529,0
-0.9006868577934063,0.36168710909883617,0
1.0792174735355209,-0.4110901419133843,1
0.9810177563510897,0.023678434255943293,0
-0.08469128137806753,0.928271314525557,0
0.6193209439118381,-0.35804541400102974,1
1.2428715973596725,-0.631913774236152,1
0.6037133630780298,0.6588095081146906,0
-0.8354610879621887,0.7697336125986676,0
1.6098159895415363,-0.23512664731870528,1
1.9007149287742258,0.39394133532881004,1
0.4033758019899353,-0.35085868220872585,1
-1.0322556257116955,0.21426903506273834,0
-0.6645630285200926,0.6411265239236528,0
0.7845121239509179,0.7374855992860885,0
0.04613125325202433,0.9170405785207376,0
1.190297091641054,-0.42905284366597546,1
0.4516394370329452,0.9078774560678361,0
-0.8886198491129216,0.7055480209643095,0
1.859394796897265,0.057176611573069,1
-0.9559634029551611,0.41732481204097555,0
0.8945725978496737,0.2153705295324017,0
0.19816247682041882,-0.028669407428706398,1
1.973965821188733,0.25432204331031577,1
0.9084052497000394,0.6738893658737004,0
-0.751863515388619,0.780929514177401,0
0.7830268482702707,0.7649636051401345,0
0.26640524694584283,-0.35994846494226873,1
-0.9277648792136065,0.11575033338307746,0
0.22787624282158586,-0.27201518192173263,1
0.19229968587652074,0.009232086113426907,1
0.09637394434933641,-0.18350899933948187,1
0.287715354741104,-0.04047220580442995,1
1.008779799858381,0.3111372143144579,0
0.4562860969385056,-0.3814729317727973,1
0.5421797437358379,0.7608164066992075,0
0.2019447652728483,0.9984481115983734,0
0.906907644239494,0.48212011374026403,0
1.9835748267566335,0.4537082424465392,1
-0.8609329421315473,0.7543494111209,0
1.989237974129277,0.34565110990323644,1
0.407586238125737,-0.06495211321327532,1
1.2465204540789465,-0.5423397428565176,1
1.7555714354713026,-0.00967360780932934,1
0.46541502891565206,-0.3688155521259001,1
-0.08528419614856693,1.003340337727626,0
0.22021828516205733,0.9003725140372045,0
0.9067832987355682,0.6950387925765973,0
1.078212697342817,-0.0011948680458332417,0
-0.04642829719017008,0.9488505156508422,0
1.7595076672460432,0.42114851173601514,1
-0.8904666135514671,0.18293297674944003,0
0.8330236795981062,0.6898588828621168,0
0.09742381290778983,-0.1524993535393961,1
0.32321825926458403,-0.18331734584236203,1
-0.20007087966197343,1.0191562908246363,0
0.8424176480076714,0.5754630089985376,0
-0.9081158993551257,0.42649966067222933,0
1.0070766496291361,0.6179801181725205,0
-0.266493977421047,0.9172631080557929,0
1.0420370627981217,-0.6331600602798884,1
0.639080105787363,-0.5923718396489769,1
1.630935958178859,-0.2677790378530661,1
0.28399429094902606,-0.2588365244162951,1
0.9035666228837217,0.5424629302106445,0
-0.32955177526351137,0.7524664372168028,0
0.1592357449770781,0.933170057562233,0
0.575319336707161,-0.5840438526782893,1
1.8997472123011252,0.19683692895712,1
0.9610871804894212,-0.5492982322614941,1
1.9473886657245676,0.2512360804671909,1
-0.056370534223960114,0.5334168846867678,1
0.5521330551216634,-0.26943335640904964,1
-0.8433362819822077,0.508110183128969,0
1.8515880689761464,0.1029428171954151,1
0.5716003387733376,0.7647465587730659,0
0.5864959397078817,1.0383490136514026,0
1.8804427909950092,0.39909749663587013,1
2.123815837753896,0.2925409403926858,1
1.9822489154199643,0.5602870593599822,1
1.3584869092348983,-0.42938011841315954,1
-0.8157502535457117,0.5351419050493238,0
0.3192650774423855,-0.19824562230321252,1
-0.44208685317105556,0.41331496991090255,0
1.9729293553851328,0.21018627301465231,1
0.7053754688199511,0.5357926384782834,0
0.48902425494866486,0.9202007327642472,0
-0.965819353879319,0.35503488660395216,0
1.1642096220850204,0.3363293133474494,0
2.0131347346732222,0.25934323435599205,1
0.21564854102715716,0.3976472570498767,1
0.9958152003084757,-0.42210367132884197,1
1.3337125648248773,-0.23954398682553021,1
2.0143344177917606,0.10191012005800054,1
2.0668556599219903,0.44651036145258366,1
0.0883934636469502,0.07296603071064925,1
1.0200084505416576,-0.4562382250074093,1
2.088028549521118,-0.001145339411896873,1
-0.020359335170556256,0.1486960571066685,1
1.823990442351057,0.262985668973494,1
1.849291062860226,-0.1027664717561596,1
0.04280693878808242,0.05694136988756843,1
-0.41039856800810026,0.7014318888767563,0
0.5515914235331131,0.5894339825664843,0
0.8440921135846282,0.2001108236296768,0
-0.654447200832227,0.7046477367439887,0
0.5198273202961194,-0.46771941406437767,1
1.0142287849884914,-0.35647437038597457,1
0.5304172899339861,-0.3871094657923063,1
-0.34438643802996394,0.9459508297120458,0
-0.036938542891038116,0.43686328989592216,1
1.5983751246582945,-0.3234768299881926,1
-0.8320706327546353,0.36833568890644447,0
1.774356985805807,-0.1862031114894985,1
-0.029837852936208123,0.8658328003781367,0
0.41970711447470616,-0.10255148735357009,1
1.6557825226823932,-0.3480172132845287,1
-0.7564968411943562,0.5744515443899876,0
1.0795131424649702,0.24084444766393032,0
0.5881148121889495,0.7315512158065385,0
1.9465165328318608,0.29015028686026323,1
0.39609749667169286,0.9625850308829889,0
1.3040025006118248,-0.47636349989332516,1
0.6592471933146816,0.527712974547033,0
1.0087618843187327,-0.4014194297682016,1
-1.0161824750974362,0.28002216966520016,0
0.9209308535216268,0.20060723044343332,0
-0.5065580699211236,0.6364551355123521,0
0.18400215324830874,0.3529756200597797,1
0.21936353113842946,0.9904661571707564,0
1.5587062894152461,-0.30746727463101187,1
0.022179578678907172,0.5687482238261381,1
0.6674553505634336,-0.3441248692387344,1
-0.954419139848412,0.7737224347432368,0
0.7008959965814444,-0.2865072409116615,1
0.2899830906923132,-0.31848709531092884,1
0.046739411973665164,-0.0185035342142241,1
0.02620091373728413,1.0724445687148343,0
-0.04232937127114228,0.9570988186802399,0
0.20011225791359052,-0.1349163693835604,1
0.4644818495244847,0.8874507304327247,0
0.3352756207824917,-0.24289242835742203,1
-0.12855304883666138,0.8055466170451286,0
0.8661760817237102,-0.5543295294688202,1
0.17908234802241013,0.9309746793617415,0
0.8300329154861837,-0.5102326314840888,1
-0.544159051194418,0.723735495796949,0
0.8743207947365301,0.4101639224617645,0
0.38474850644629843,-0.03745628718165238,1
0.6729098799912072,-0.31414528304907097,1
0.9450020196995331,0.288907553447483,0
0.8319301865568589,-0.4932644108056188,1
1.5398474290116484,0.05454044136958268,1
-0.5336801106079845,0.7773895788438585,0
-0.04871539749963852,1.0021634818460392,0
1.9758769826041216,0.4583355872116778,1
0.400072269356768,-0.40218746056849775,1
-0.658218186991866,0.3191938480718084,0
0.49066067433663807,0.8514221953182436,0
2.268352504149929,0.2817240805381116,1
1.3364426093560156,-0.556221839488645,1
1.0278092519994269,-0.02955173622570098,0
-0.194769836604687,0.8252532226061777,0
1.8384326961028217,-0.1338035274542319,1
-0.9863671028721552,0.06312480432776615,0
-0.19845174148059544,0.8073019716409441,0
0.5706746904076188,-0.33590715275619687,1
-0.5556228071608311,0.9443510321381725,0
-0.6448063762204664,0.8435401624143829,0
-1.0407226173937272,0.3522017825998358,0
2.0559059063175726,0.24079083818499397,1
1.2691347991036768,-0.469708809358986,1
0.008788951286804604,0.17591518052470276,1
-0.09492920308187199,0.32178750552699187,1
0.1412760485096426,0.9025703348136734,0
0.21640493424149257,-0.34838103800789777,1
-0.976297872381757,0.22282994495137315,0
0.08187288360195737,0.6422670832252102,1
0.592390148646258,-0.19967685077439673,1
1.9084401348749358,0.09303790673568939,1
1.0347648555658966,0.2888121022876558,0
0.1472222999835111,1.1210306437550135,0
0.1063495608979595,0.30750925771090765,1
0.9534684497865975,-0.40483207902688173,1
-0.02664254886569809,0.900426379926027,0
1.0696830703751903,-0.11550702293012721,0
-0.9057134771377816,0.5663799967498143,0
0.34320741273204347,-0.12090293979127612,1
1.8967292252425652,-0.011245770708269058,1
-0.8650024143867561,0.12949995367916356,0
-0.8280404128849648,0.46367128172270755,0
1.7458191823749472,-0.15242865900196695,1
-0.025051910648921566,0.2466382930801593,1
-0.10539384171210212,0.2258365738149259,1
0.03917278279758008,1.0099260295703663,0
0.6015151040661095,-0.3935526772831531,1
0.38122659089274424,0.9809369607105798,0
0.6784074990420307,-0.5807000731950089,1
2.07945982288283,0.23443809049804995,1
0.30104763345208196,0.9249572254883864,0
0.7054089828404868,0.6582677435284742,0
0.7608875035866368,0.6743299699730131,0
0.9363803755766495,-0.433035792449652,1
0.7802181774955204,0.8287500412050064,0
0.12282465460875625,1.0606170205674108,0
-0.7008088770536001,0.7222737456200398,0
1.9424704970313567,-0.026108967186090418,1
0.1182262076312599,-0.08577128660312797,1
1.6107772074032098,-0.33446458882778596,1
-0.9801164643158464,0.2278969322883195,0
1.8711218696801035,0.16725663017166853,1
0.810432263974748,-0.36058468660695764,1
-0.8927569068340249,0.7149480793666806,0
1.832593424765789,0.2620926599370278,1
0.7111384171739956,-0.5520051417691746,1
-0.414473461963136,0.868895346483622,0
1.0082070548483,0.411936690461485,0
0.6135271444027219,-0.4563681367898107,1
-0.0025234538821901353,1.1113932421582262,0
0.6213444826508179,0.8736767948290437,0
0.2809487705325158,-0.20858036369811653,1
1.2795706775142774,-0.5034502905408268,1
-0.07646286681401471,0.9071990434972007,0
0.4076124507605992,-0.2968272268598665,1
0.16503038349354954,-0.0865421088387489,1
0.31753448610505364,-0.25091615926057775,1
-0.9196937652635124,-0.00879020899544736,0
1.0453729968638164,-0.4847097842949271,1
0.8789391900295499,0.42800597339622115,0
0.4362708895160499,-0.20168614249686734,1
1.8870903381893493,0.18084800711551835,1
-0.8503751553056494,0.19674854096093042,0
0.07810432390820812,1.0216426044011753,0
0.13139555014406484,-0.5033399811839909,1
1.8564242907601851,-0.12651654055109515,1
-0.015432711141168957,0.3997088982971613,1
-0.09563288764582506,1.116879481615688,0
1.829827531830894,0.028791540365097193,1
0.11584033315470402,0.9932773956136167,0
0.4991803202891367,0.937110180911713,0
0.8426757483282494,0.3714494231773019,0
-1.0457175192027641,0.35864930259320427,0
1.1672674396240605,-0.3819295049781616,1
-0.043844213015547,0.12986339187882412,1
0.9466345397892018,0.3429213465865434,0
-1.0445747696950562,0.016861480478453483,0
1.6279435372568987,-0.17912772341921843,1
-0.8691086261486591,0.7788962389790826,0
1.4058803117661909,-0.3739942509713806,1
1.9888179001402417,0.028473132644516848,1
0.056369979099556294,-0.09646111140261412,1
-0.4839829107908864,1.021777058883828,0
1.0803405448167644,0.11155424943559182,0
0.9315143846074189,-0.5193843202860842,1
1.0814136114610757,-0.6655617419869119,1
0.006405319214609666,0.31036871335426847,1
0.8533091916138678,-0.48519809369457384,1
0.20769299019734463,-0.07515112031696955,1
0.46116655854606886,0.773174508966839,0
-0.6647844971573972,0.8905587313475858,0
1.9424639945541702,0.1553229809801367,1
0.7693212265937147,-0.5003872146244123,1
-0.573196936312291,0.7904185959094686,0
0.024931644858548915,0.9571998816763958,0
1.9646508794206707,0.4057087047117772,1
0.572874687435671,0.8921266433529347,0
-0.020910683204759025,0.3556403088244485,1
2.053175463060264,0.2942995826724777,1
-1.1291124091330884,0.2815094242866001,0
-0.8227198975865849,0.46548497729253163,0
-0.5131733711010249,0.6076643303376081,0
0.390052905221247,-0.3221170993684834,1
0.2157289327843822,0.1388895789165735,1
0.1339282219170182,0.7894343365940941,0
0.8276963615372523,-0.45652218304340547,1
0.27521599280936915,-0.09087759099124473,1
0.8550892702857343,0.3277948174194286,0
2.014209978273802,0.13130864604334622,1
-1.035196944061954,0.20468934639339958,0
1.8880975720991984,-0.19374946702467774,1
-0.2794771460050516,0.9818479653535641,0
1.8189512645245656,0.2956549254119595,1
0.30216348999923465,-0.22445415017892478,1
0.816012632587716,-0.5186858459355949,1
0.49099360487241966,-0.3019960092016412,1
1.8690256825323912,-0.45692618517237943,1
0.9931167232582705,-0.5654745845060192,1
0.9000452555822361,-0.42874103686286597,1
0.32705352203444255,-0.24601781370326523,1
1.4027097584726724,-0.5475807098184804,1
2.1049614038087174,0.21734441315309982,1
1.5675574087690574,-0.5029245215878142,1
-0.9822970330140747,0.17488050719595927,0
-0.9694668978399137,0.06413841668591175,0
0.38313291035485864,-0.06753819432243541,1
0.8213608559684343,0.3248540281906861,0
0.2542605572010362,0.8114341930347531,0
0.16276083788857448,0.9189198648489456,0
0.708146676616178,-0.3324757771011778,1
0.5034696983756093,0.9516618976130825,0
-0.8086710896466655,0.8119867680432589,0
0.8459637817752912,-0.5364041382246885,1
-0.6217483384693755,0.7498068952474675,0
-0.13836063383498395,0.46921860258300846,1
1.3592712390395323,-0.5258031420659289,1
0.14782082137354002,1.0875645225740591,0
-1.0809483014179513,0.3963811016267613,0
-0.1811124719888133,0.2952392349504771,1
0.3533803383335111,-0.28812445285964816,1
-1.015011012627688,-0.03178521597866662,0
0.8590825188836491,-0.36797359473721114,1
1.9691113563505607,0.15446781167050233,1
-0.7154210423701455,0.7833024608243979,0
0.8541997543252471,-0.5874541134599963,1
1.6390140251256418,-0.1748429603825737,1
1.540129122152205,-0.02475956350655195,1
1.9291822607036386,0.46568650148646323,1
0.07156482210491957,0.026585999432457152,1
0.6171955062483444,0.6920149831079747,0
1.108190786000832,-0.5913094685007857,1
1.176087586732431,-0.5848140453346996,1
1.33773799826773,-0.5311032906552695,1
0.530461758473407,0.8003799182925432,0
0.41976204194829886,-0.23782056217175604,1
1.821996665248456,0.27079557180342895,1
1.5884566802498972,-0.3005145216939651,1
2.0253504752707836,0.18296999006691306,1
1.3414897441150615,-0.32949913562785804,1
0.30758657894925756,-0.15911249744226313,1
2.0864102168643806,0.3314386274634691,1
0.8259812606747641,0.5708693327102239,0
0.08998246002205176,0.9375312462478997,0
-0.01129254230360277,1.010556607416831,0
1.0973719647803462,-0.4845453015383755,1
0.5220163676467915,1.0219296204108828,0
0.007472630486686924,0.24329670468102227,1
0.2096577761698101,-0.3106728910819061,1
0.9347568323102604,0.4175028378360852,0
2.1668315315771847,0.5400211367319856,1
1.025687592658734,0.4510357172573577,0
0.9458731902659533,0.10184259235805301,0
0.3445333582082606,1.0074075101161664,0
0.1715795660935411,0.952331018259507,0
-0.333529049081303,1.0433873132031364,0
1.0003649881077559,-0.6702846392072366,1
0.865686428865887,0.5718860605265041,0
0.9647947330746331,0.355680948100621,0
1.5329481670712797,-0.4066975361690452,1
1.2177756924673295,-0.3992261261179608,1
0.35060209210760396,0.9415659064600789,0
1.1072026861696027,0.12728434108417042,0
-0.9968995752348603,0.008395066472398405,0
0.589062480684582,0.5950939353910474,0
1.9286466585592446,0.08804675398180578,1
1.1609346330933281,-0.4005458235071437,1
-0.913318031945486,0.21802395305651973,0
0.9370574958509991,0.6256251715770219,0
0.7215722249939738,0.8798443025223462,0
1.5822084499445352,-0.40120240664590834,1
0.5354506175123658,-0.4679573372477388,1
-0.882217669769234,0.21221585987428862,0
-0.04671821274664225,0.4660990100255769,1
0.17222719006560497,0.10512186912981338,1
1.8158449505000418,-0.11077242696911092,1
0.9952931390513358,-0.4853086521612883,1
1.2273605310018534,-0.34824236637134287,1
1.1780966817086338,-0.6150606977897493,1
1.95381095296148,0.12651086203289053,1
-0.17505098208121667,0.9251010821711945,0
0.4308930296754643,1.0212893154566884,0
-0.16240374393188822,1.0462392326544285,0
-0.34809551794061777,0.9265798333007709,0
1.883543553643643,0.26350478782815434,1
1.8600340281856491,0.24454475137619242,1
1.5118128221603588,-0.3911395541849977,1
1.6616185238417847,-0.31887143897110876,1
0.9218944611749481,-0.49540420442669236,1
0.6507438487191476,-0.2052304157898775,1
-0.9157579173652134,0.09204384051852896,0
-0.5184285570064429,0.9138281321404125,0
1.7027148965045007,-0.08610306978211192,1
1.6340771591780616,-0.20743161117115877,1
0.3547697435294892,-0.41203317375729065,1
1.502691754142219,-0.2849818667601969,1
2.0885294542080644,0.2662920172659803,1
0.5677230245433657,-0.595726824969634,1
0.14514412241520822,1.1185815715683216,0
0.35648291917190966,1.21564674967478,0
1.8594553324819139,-0.17282435391235748,1
1.9404074742263473,0.3704087322010575,1
-0.8953581198084171,0.3226906149997346,0
-0.02884349720949155,0.7085153896003401,1
0.976398336898417,-0.3814952178680277,1
0.9753788000299061,0.3010053983584038,0
0.41689944824493486,0.6659955978341339,0
-0.6864397091647698,0.6697098520123422,0
0.6913627391608467,-0.274449046428596,1
-0.1673087660103888,0.9503870521711123,0
0.32746587483338596,0.7959893966486866,0
-0.8586877535701112,0.5200577595236414,0
-0.31810505470202877,0.8972424434047254,0
0.23269558945978858,0.029632470790853738,1
0.259335087978217,-0.16207624944836135,1
0.39876977008882475,0.9700520573213325,0
2.008368018595129,0.2042686774246133,1
0.0004710361354960113,0.11001536548486862,1
1.674247605500479,-0.40726647113977055,1
0.1306342791688851,0.028630256951357562,1
0.12487733314142041,0.9285149206191042,0
2.0539319324597716,0.1273951019228837,1
0.25174691361962476,0.04106064674321877,1
1.0593996517796795,0.20532173345836313,0
0.1589426402752831,0.04632890654967704,1
0.910849660785024,0.5523117653033529,0
-0.5044813751774719,0.7185330758991013,0
-0.9504008659224634,0.19116195695041371,0
0.43190462888583614,-0.28443535647535617,1
1.633356550406377,-0.3097774110564575,1
0.17641261652614987,0.9360786399638437,0
1.855708022536605,0.006279963805300569,1
0.22885081301996715,0.0719893137679317,1
1.9848058057008675,0.04834763323543428,1
0.8776038210958198,0.24836755160970891,0
0.45734715865861875,1.054572730224911,0
0.12568747925031315,0.4463499772756425,1
0.09837993307769041,0.1435576225816986,1
2.0474992266591587,0.4633688435893224,1
0.703031615392602,0.6183882318520406,0
1.5703670266318324,-0.17805700795483287,1
0.11318459317945628,1.054859835904887,0
-0.9789414152992648,0.6024550350772938,0
0.5397184578528397,0.7360934610719538,0
2.060991528194673,0.22449020102021167,1
0.831033661450881,0.515744548329192,0
0.012936831749717062,0.34850639605946804,1
0.5921003197178762,0.7919354217121083,0
1.632645620874767,-0.1629925370996724,1
0.9667474432548487,0.5322942012441447,0
-0.25857578378201096,0.9474001817593826,0
1.5814832558246157,-0.11427141011955258,1
0.5189690916937912,0.8450290092350293,0
2.0474488432215274,0.17155677092207897,1
0.6078480281319728,0.6988433363734032,0
-0.0016970933592457098,0.9261919841053834,0
0.7618396435809754,0.8723866994204968,0
0.34044038741192784,-0.40809916548196556,1
1.4065444198129573,-0.2653583581847351,1
0.09603572865377705,0.22664058591620756,1
1.7712522513023945,0.035920184410354966,1
0.9328475828478041,0.194115549972032,0
1.0747291791813032,-0.4797216004014465,1
0.7867450378021675,0.6702451491127199,0
-0.28635315035549813,1.0063215939325811,0
0.061908244715108335,0.39049500534249487,1
0.006452752766048605,0.5415349755058217,1
0.1577133175822253,0.024906428259927255,1
0.799043887303307,0.27919635843603763,0
-0.10405834323333502,0.3042535164548849,1
0.7121663871387014,0.627203181767682,0
1.845706919254967,0.3569441141973252,1
-0.8091572249633723,0.28274150397111436,0
0.39990123032617186,-0.2586135370863781,1
1.925170106991659,0.08201894194013316,1
-0.4565730848148822,0.7653634069606404,0
-0.7488946720263457,0.5851435044446758,0
-0.21956005997388656,0.8472598343707517,0
-0.7975461052572623,0.5267399241332067,0
-0.5858563198526906,1.062848925184916,0
0.3722728767929338,-0.33850723628408036,1
0.21947665353910387,-0.2689689840173409,1
1.0885380846407242,-0.345988529804918,1
1.8792070508614616,0.5391521869743144,1
0.06427460349458536,0.9002207935785269,0
0.012252455310210936,0.9899268940057532,0
-0.7890751450405679,0.508212454879751,0
-0.3755502447646478,0.7413198281287783,0
0.40966968082138355,-0.24197446175733728,1
-0.09584937805090295,0.29774425461971876,1
0.4692577477386524,-0.5517136252846397,1
1.5697730887378905,-0.4981972167371913,1
-0.6441456272689922,0.7402771419273685,0
1.9805554898344098,-0.04942226032076785,1
1.259101986527628,-0.5624882824441768,1
-0.10391916453830094,0.9090675492430115,0
-0.09639101940833861,1.1567249840863618,0
-0.44080196975448943,1.0247899050202574,0
1.2686304111390996,-0.4889831780507884,1
1.1874652854949226,-0.472755211814572,1
-0.1426290803835289,0.47348977448192325,1
0.7989724992737014,0.8040938664764854,0
-0.9936277783195439,0.4807174793517965,0
1.860586282977168,0.47428619929604776,1
0.8648168225651405,-0.5861561936233448,1
0.4316690890858189,1.073972812853276,0
0.46298189277082713,-0.09115264349090826,1
0.14246355821343826,0.9659260522356249,0
-0.8495530548562538,-0.06858811767005496,0
0.21746034604087083,0.9099633812747228,0
1.3848425637806185,-0.5279791975334768,1
1.684710201132165,-0.18557720304025122,1
1.6567669217695231,-0.21380769664586732,1
0.8119366774202099,-0.6148640878305103,1
1.0289121722294787,0.3220500464843959,0
0.7626479303164772,0.6836710107574796,0
0.5071201101632928,-0.30624582044724097,1
0.432426456651715,0.9369005269455909,0
0.6944345581226797,0.48649344069245765,0
0.12742763576150717,0.4059694400351961,1
0.7333188155946517,0.8398562637277668,0
0.30727587137112633,1.0019795130005344,0
0.7536542279639963,0.4522800962475548,0
0.9400463567486963,0.6841947977434605,0
0.8007653762629781,-0.4236086585636656,1
-0.5520411560259462,0.5836380263056916,0
1.4683857314390159,-0.35251556463774436,1
0.02274966898157219,0.5106971117010687,1
0.39752728863489883,0.9616309376612441,0
1.2958230041711332,-0.5074150154117546,1
-0.003869193568721077,0.9585767963215277,0
0.6671778180529235,-0.6187528170566527,1
1.0740815147571647,-0.68722524547954,1
1.074896806627493,-0.5769139915778357,1
-0.8019292723800309,0.8810499082535735,0
1.319065929103658,-0.15737371466031802,1
0.95877477979836,0.5998903091101337,0
0.025821796686137127,-0.10455132762667194,1
0.33588300478338373,1.0944811062125726,0
1.5318135134387414,-0.25349234054134745,1
-0.19661624740099265,1.1061032948467993,0
1.1748182132833205,0.13346232473830788,0
-0.1340207925473877,1.1508923455118327,0
0.2763549451026852,0.9035853688603236,0
0.41176699465404076,-0.3999491482144271,1
-0.4441262840106296,0.8690434414518439,0
-0.09816987816029114,1.1119173447948318,0
0.1907808439947996,0.29656756709503934,1
-0.0789544171037097,0.40857594358871724,1
0.16713671197752158,0.9985192906263052,0
0.8145682355964097,-0.5130938801837964,1
-0.4914658796994393,1.0781754669284214,0
1.9448283344479105,-0.012535037860181869,1
0.03294913625851274,0.0775233079205654,1
1.9795117045740787,0.1938190615928063,1
0.3321276507988834,-0.24249554614419638,1
-0.8185729759097757,0.6549743058642676,0
0.6702819591954181,0.6723877046526403,0
1.6162116544989031,-0.2590798156964678,1
-0.015933696040332658,1.0014015708087898,0
1.211520417444633,-0.3263180115896419,1
-0.9615640688167416,0.03134882870623637,0
0.44106474559744113,0.9639818934608327,0
1.7544957157158418,-0.27828712050608434,1
0.08158631901219149,0.18971472634116693,1
1.9455362865474182,0.05006558071266298,1
1.9770693159275463,0.5170605901713343,1
0.7920642029195007,0.20346347142152466,0
1.1407196211226494,-0.3878694570503989,1
0.8732027545374129,0.8111123712658184,0
0.12993675028232446,-0.2615217931450856,1
1.435230121501701,-0.5528095430940365,1
-0.682555589649809,0.7052337601048551,0
0.901153518744731,-0.6123777412381397,1
1.1539840743637164,0.13744100209453336,0
0.3218756416657086,-0.2644988112491614,1
0.07179688078180135,0.3350383220301437,1
1.7560545461617698,-0.0077629284005336086,1
0.8394932480829285,-0.3506579227329985,1
1.6438668081819874,-0.16633429028585855,1
0.9357092250494847,-0.496684570331819,1
0.15612007614787607,-0.14570841353562436,1
0.23651735251118977,0.10097503543942099,1
0.08912190207811196,0.4901073263141108,1
0.09289323947821874,0.9778866066133811,0
1.1617928596051161,0.06925785200183175,0
0.5164542037109461,1.1384960993797844,0
0.541900309345775,0.9013650061174358,0
0.987453840262649,0.585376022190921,0
1.429554051058926,-0.1811972708256695,1
-0.11510731461480406,1.0963451612067898,0
0.5769105378653252,0.6844872643009912,0
0.502229004388858,0.9811896665062111,0
-0.10335666500840558,0.9599358806154799,0
-0.8289855259109068,0.7468082466197856,0
0.3088015372341351,0.9604883105823673,0
1.0369413158977983,0.2972303943077634,0
0.04213415434654626,0.33811933617529955,1
-0.8058955234443468,0.4705069098235826,0
0.23330981348937008,0.12433634716107614,1
-0.7406167935026939,0.7422716005690244,0
0.7135969087247033,0.7136846112676645,0
-0.7744816477847378,0.7833782595568727,0
0.9905210433210274,0.22784231253584947,0
0.5727698445274526,-0.32855398826944443,1
-1.0247223842830397,0.29435934264020874,0
-0.7552500222694085,0.4243025545041905,0
0.7248046833120614,-0.28300972293593984,1
-0.917468451860545,0.02957394643892554,0
-0.6193066936492969,0.8470976473537807,0
-0.760830855361892,0.7785187279354838,0
0.7143486719258697,-0.5106956013974612,1
-0.01590067013442155,0.9665782554707297,0
0.7251897899707394,0.710514153976877,0
2.134931037111541,0.029235247713982032,1
1.397009563375662,-0.38108044518703366,1
0.8883345095571218,0.14741961873443105,0
-0.717967764147941,0.479252416496328,0
0.22180084233358738,-0.3493497049697735,1
1.663565544142226,-0.10368452197616268,1
0.509905419696843,-0.28107132862118306,1
-1.0241074919522721,0.2578137458909861,0
0.9610083714588189,0.39939545838365426,0
0.4374360246617805,-0.42911353956767545,1
1.0749743497998971,-0.36094026641092214,1
1.8689625355543407,0.2848201720051991,1
0.015400339151853015,-0.1321058366801805,1
1.227983409494659,-0.27810395882379524,1
0.7559535564637843,-0.43762591385986815,1
-0.4265830779223211,0.6126995680024794,0
1.2093671887142716,-0.58251406470968,1
1.0262290197623694,-0.5677330143743796,1
-0.3422771079414587,0.8601127830161137,0
1.9004407704418813,0.24335119226286775,1
-0.9383322687661525,0.35975599824561466,0
0.0006993624692939494,1.069611231256859,0
1.77109977750287,-0.3804918551198688,1
0.15633432802993638,0.19930848572535637,1
0.6056663654908845,0.9345279905708399,0
1.815075975256974,0.46530104800063576,1
-0.8347795833351475,0.44638155654227096,0
-0.7664944879372622,0.7681006578535196,0
0.6177995931164656,-0.33329822122601527,1
0.2659058658152585,0.8467767537056824,0
0.8720950024433309,0.4482290646107769,0
1.2280714450819925,-0.41278447784729677,1
1.1142106732189494,-0.4395362244453297,1
-0.7257688184849005,0.988098668967959,0
0.06578982131454315,-0.10647558740572527,1
1.8557813920038613,-0.09035162734266473,1
0.009524910514249058,1.1100670763267275,0
-1.0312642934167366,0.5421749401720364,0
-0.22124732606619768,1.0345108936041445,0
-0.6971033498503735,0.830510612382876,0
0.9105040936394678,-0.3642342399122592,1
0.2329391186637097,-0.015255578715846235,1
-1.1089047374319292,0.1137877297350613,0
0.29272524114165055,0.15400393438220844,1
-0.8591080104456945,0.18881874375246135,0
0.21692317939268974,0.01977728242878714,1
-0.7072647942467994,0.5924605421950707,0
0.3177578995668901,0.994875132634087,0
1.1439502709309626,-0.5544825597712226,1
0.9569341270774948,0.34604282359064736,0
0.18952109714291454,1.0368459827302956,0
-0.9755587008829948,-0.13429853585096863,0
0.9039457177652732,0.4485214269761303,0
0.8689804240122228,0.1819691031421473,0
-0.07756962830670207,0.4104180022381496,1
2.0494394831671516,0.5715912624987708,1
-0.4380507913669147,0.777426779111939,0
0.868545605912266,0.6793858252973292,0
-0.8791186251685561,0.6277158641860993,0
0.4573760401683067,-0.2168769699340543,1
1.9347756992461198,0.3748286417869495,1
0.41382080747185185,0.7778413899315344,0
0.6926201727982564,0.4537004333303695,0
1.818065894086127,-0.10750765383761891,1
1.4805949280283797,-0.4382380191409708,1
0.2015501727077484,0.14080902852434038,1
0.22725400634067844,-0.18901513903403938,1
0.736147566434869,0.48887228247585013,0
-0.44943846037141055,0.7573515761244284,0
0.28122913494930046,1.0713646516659447,0
1.5580059662676908,-0.4883776954787181,1
1.0516402378348577,0.38769534411543743,0
2.0569147688406764,0.4122560775228567,1
1.3620177687259996,-0.44848501507645655,1
-0.7412062033830837,0.5039443769880941,0
1.0536087883067187,0.3574285890305823,0
2.0222704049920326,0.17566075120857283,1
0.03619872763588436,1.0381980196981635,0
1.7796057776319623,-0.3867128054603964,1
0.5807110204042261,0.8598522174197076,0
0.46226011393766886,-0.4035583708570904,1
1.1794012059424825,-0.4865674026975293,1
0.21247028083847214,0.9578868358432718,0
-0.5334065490558073,0.6820094260230656,0
0.808729723433708,0.5414158746723867,0
-0.2862365911908881,0.9222013692234141,0
0.6093738134619584,-0.20714725471943235,1
1.9254076355257572,0.43770537723554015,1
-0.08044804314675601,0.9227762362453571,0
1.8319998562294717,-0.13093647255837046,1
0.9961167052124984,0.26853048630873455,0
-0.7871841700599219,0.7984860215048549,0
1.4936871909175644,-0.4118768313973454,1
0.808775771979949,0.758453371307739,0
0.986007773899423,-0.5210906654765577,1
1.4014156364413,-0.4145752955454961,1
0.40691722128112606,-0.2972952740471415,1
-0.08209406968334249,0.4568830128524437,1
-0.7288536309582913,0.6674067001730024,0
0.609196053311504,0.8599450843419741,0
0.30095988878547986,-0.16233472244326366,1
-0.08302603681042497,0.11485398646960411,1
-0.07542774692966228,0.9887647558822346,0
-0.4719018890335308,0.7734869262725713,0
0.22592641645647865,1.0669518438051848,0
1.780921305263261,0.14415370673151245,1
0.8854696528601073,0.388532688117573,0
-0.08122768710706996,0.24477321474856106,1
2.0288040714080458,0.23106840318640365,1
-0.5274682689914066,0.8740926861574252,0
1.0188122054296576,0.4306776259048769,0
0.4557508968979806,-0.29308569991732936,1
0.18388963088487242,1.0973077444148314,0
0.012152990033103786,0.12695363248958172,1
0.0328197095317877,0.3711705522706202,1
1.9961788778884804,0.18214771364612659,1
-0.8812592888598672,0.3837111044025397,0
0.4080440528269359,0.9645067961378802,0
0.9465204860337205,-0.44910629335496177,1
1.0242472914423884,0.25618152123438287,0
1.2790081865150846,-0.39778207523922293,1
1.928936666603417,0.15135518860879413,1
-0.9394257154904841,0.44938576351975235,0
1.9999022772908839,0.38971969766175496,1
1.049427564133449,0.20028467781462084,0
0.5401601567163957,0.8494947421215787,0
-0.32062319640143067,0.8663984848568658,0
1.8282124449385844,-0.07436536069574642,1
1.0919286005947129,-0.48199692324375537,1
0.8674602254439479,0.3124743686636051,0
1.9449494725950547,-0.01018627812527173,1
1.1934203712764024,-0.49279618581240914,1
-0.6647362234571217,0.9238702794484674,0
0.22381462354113488,-0.24933026682285828,1
-0.7587541675315294,0.5334908466067687,0
-0.721865143616272,0.7805194929328698,0
-0.5425042143136737,0.7610151808063808,0
-1.1303232036177193,0.10746566899390618,0
0.7199331128641366,0.5072046343090926,0
1.7388912490480621,0.1082021820211016,1
0.3328935799103331,-0.11418053724298,1
0.36736476381078154,-0.29693394338123036,1
1.7747583896091041,-0.20246795272790702,1
1.9732672906508728,0.31987658394702506,1
0.5468915818929216,-0.40323046224228043,1
1.2646450012562516,-0.46779977773579845,1
1.428920123365366,-0.5540370873447974,1
0.8060648131360102,0.546094953102435,0
-0.8399581367232796,0.7509665880560279,0
1.7274439607509802,-0.170050298101575,1
1.0644151456289066,0.1466975807579033,0
0.7466561829493499,-0.5232774868048287,1
0.10726279231093061,0.8323227260158657,0
1.426679875182009,-0.41607779808516404,1
-0.8358467407146779,0.8263182352976423,0
1.9269582685945699,0.44664949441453566,1
2.1795021789084412,0.1654483301836291,1
1.8007762121634703,0.05278615280717423,1
0.8318921303887507,0.5430375645263201,0
0.9845757260826836,-0.608896747289786,1
0.9117951613027038,0.49461017367462223,0
0.0008076241536473794,1.03501995536342,0
-0.7929804910362476,0.4034312030753199,0
-0.8907937128378722,0.6034922037431877,0
1.2135174410364824,-0.40159449614945364,1
0.7554373557646807,-0.49713080066020976,1
1.730583466411214,0.04678206298757666,1
1.8655426388074678,0.05979278229863806,1
-0.6474851480264411,0.86501857743286,0
1.6946140891349568,-0.31697733254770094,1
0.8325729059314184,-0.6268556052595351,1
0.49532887406108483,-0.06175247721211069,1
0.9935484860164494,0.26210590558902913,0
0.8571961541344549,0.22928069729925082,0
-0.3319020465585026,0.9799822756628569,0
0.9548894641668904,0.09012884079070671,0
0.4474813783440207,-0.2404993370463891,1
-0.7783741985045479,0.64632383542899,0
0.08333385703446533,0.934087931611875,0
0.07920928728116611,1.069730063262366,0
0.5148908732978772,-0.25113659275099176,1
0.26141896787214125,-0.18327662189290206,1
-0.19519020700868372,0.8289608381774395,0
-0.6195935867692454,0.5212592978383693,0
0.33207001836605843,-0.021161589808791847,1
0.6772667415116357,0.9050064562303844,0
-0.7585616454109074,0.7044896410713601,0
1.9582018451622898,0.5142834292795813,1
0.6785815967016515,-0.386918491598918,1
-1.177045849061418,0.07977412274344367,0
1.2699461801891978,-0.440675864312319,1
-0.7994465640384899,0.6295177247762597,0
1.9632325878527936,0.10459461091616643,1
0.19063001607388608,0.12566703342248958,1
1.5476373311085845,0.027492332390846808,1
-0.06652927343117532,0.034815094410447375,1
2.0611734798137444,0.3721829569811247,1
-1.0051099874085707,0.32061934260278674,0
1.8237482085397783,-0.20488611485920333,1
0.10647642701013771,-0.11074491801372521,1
0.016927835027814503,0.989888762581115,0
0.03898491283706362,-0.10670533921926509,1
-0.9117093636133224,0.06968129621005979,0
0.03384633365773015,1.030087765668387,0
1.7077404151632303,-0.27189489280231527,1
-0.7914002692529942,0.2533397730946247,0
1.5842037365210742,-0.23547745953405136,1
1.0875999491445918,0.4094559260272457,0
0.8227808655965925,0.07249227839922855,0
1.8416072395031524,0.13056742269058763,1
1.8235959030286044,0.3077525122161754,1
1.391849012977298,-0.3564260094122423,1
1.869807153420726,0.4266213844362726,1
1.741061166230429,0.1612590965664232,1
0.9058627549595375,-0.5867816590518071,1
0.605444903248194,-0.18596716520779255,1
0.9482657458697883,0.1638116391321164,0
0.24166506632382942,0.8265613782783073,0
0.22988109057539602,-0.36183662284818285,1
-0.23421110372871112,0.9762958117942333,0
0.17927493338735884,-0.2746894920252354,1
0.7445620117567552,0.34806950253058533,0
0.1093661140995135,0.15320633320129276,1
0.3646273352652424,-0.2997925447117225,1
1.171750809850452,-0.40251927713581986,1
0.6772854476132327,-0.37847794133863816,1
1.8505432946987268,-0.12136522657271724,1
1.086885787871332,-0.5269547608663232,1
-1.0376130745159844,0.21801255608161457,0
0.2573519578813541,1.073045802868796,0
0.44316892261770413,-0.5322267713969002,1
1.330185871713574,-0.3906392371973678,1
1.3240846113087854,-0.4073779400563358,1
-1.0286503754425684,0.28547861377092243,0
-0.06410619505011853,0.2958127739020645,1
-0.8817970426427044,0.28895759189500536,0
-0.7966144226538338,0.9049320496900044,0
1.852013061490758,-0.11809991631662706,1
0.21573493356992643,-0.2121797911003704,1
0.46855303048420655,0.7627858685343215,0
0.4927164467573667,-0.25975402276601256,1
0.6284094538293915,0.8533230338729176,0
-0.26908961228618944,0.9843782676552446,0
1.7677339071024418,-0.27251042266306974,1
0.22330228688520742,-0.1916518877071784,1
0.6060232037165776,-0.40371770554989805,1
0.6379708576412237,-0.31491534897373513,1
0.37519778469051246,0.8431377828405782,0
0.9651518896580231,0.5103632382448292,0
0.30454080484027757,0.1297226256393188,1
1.296124950842994,-0.5550227927893011,1
1.2163769710766292,-0.3682285490596752,1
0.5488936359183447,0.7408847228330135,0
1.0323219631223457,-0.5134550832444296,1
1.313286000351363,-0.5226530531227671,1
-0.5270086257972488,0.8632191427541864,0
-0.8971680370443279,0.41511233662230407,0
-0.9383255544361077,0.5828534534263946,0
1.850955540374734,-0.06461693598552833,1
2.0552603705026518,0.6058420576604939,1
-0.4261515524312922,0.8058643417165238,0
0.8850612373578854,0.5484878495789843,0
0.5765065449018805,0.7999164077385271,0
0.5741322600248174,0.8267886032810458,0
0.3655624666287416,0.9676084531324977,0
0.7230561362994359,-0.3336954662520993,1
0.04469849928159919,0.13303230081823852,1
0.629188917899813,1.0206685911787878,0
0.12488578494778302,-0.14384637478561318,1
1.0128169707467682,-0.4760797124799504,1
0.9309206132549457,0.32093002049606867,0
0.7246066676855815,-0.4903380127506277,1
0.9011962625038867,0.2349007208655508,0
0.93487115373312,-0.6230763167260734,1
0.26413813440075806,-0.35498097262982253,1
1.0485996942613651,0.554591003635938,0
-0.7249573159375535,0.7709703911006882,0
-0.8236906488775836,0.6337979318531171,0
0.5840005122834943,0.5675125211628871,0
0.0055397784185269305,0.19185453923621262,1
-0.9214448782032588,0.44564688372794337,0
0.21224132909389434,0.23685464499592754,1
-0.7843791587906264,0.6556153050409863,0
0.08496389800480147,1.11658072389548,0
-0.014480924193792107,0.3426311743756306,1
1.1138956832116707,0.3507922042059273,0
0.011880178817469299,0.21484638576866313,1
0.04481237908763196,0.23659670586536588,1
0.19463231624904834,0.9746381457633,0
-0.1499433590770355,0.3688860574394664,1
0.7696250385918662,0.5116594761876889,0
1.8936142907696043,-0.11103923390564116,1
0.056298155242089754,-0.2062276107871171,1
1.9500944484680014,0.3826109807033743,1
0.33195271904012114,-0.13646142382408055,1
0.662142996447495,-0.47525058407941284,1
0.47067518321141677,1.0295519740780457,0
0.9711829580570511,-0.4630273023955897,1
0.10084823955560074,-0.03634126641324756,1
0.8672845822994968,-0.4794242072292541,1
1.7639711765990815,-0.19493931537139758,1
0.4918709902267839,-0.3565250869946501,1
-0.33637216594487007,1.0754966611725214,0
1.6916626977879925,-0.262351853681324,1
-0.4245605790344635,1.05967480623276,0
-0.7812574931333791,0.5334117931028143,0
-0.9609708118675635,0.6730352806502761,0
0.3282226512353487,1.0007415567645608,0
1.7192066144946514,-0.2684574545607755,1
-0.9268596038275057,0.15311184747671752,0
0.009354708480977737,0.9764511413422435,0
0.39157028689263523,-0.05773154567844414,1
-0.4022702644427626,0.9552165563049695,0
0.049683095587690324,-0.11101572756289657,1
-0.5980203130434923,0.769790131808296,0
0.9616007699377906,0.652027569543522,0
1.131481930484885,0.35704083979205514,0
-0.6266437241826147,0.7463937206812308,0
-1.1045148416824597,0.6120357136694831,0
-0.6206288398187354,0.7935501897855237,0
1.7191675453092419,-0.2018271107499919,1
1.2827902780992841,-0.4013585067520376,1
1.3852607804806694,-0.2940475710510482,1
0.38850335730035296,-0.138481681504839,1
0.7019748396717689,-0.5138498552477667,1
1.469786934139196,-0.36024039269459984,1
0.8568362377823617,-0.2937171615212031,1
1.9976404220466968,0.3385692740466492,1
1.419690271839426,-0.28468666137128407,1
0.9438621594258372,-0.5369754127432739,1
-0.29864839406142074,0.7252098178937093,0
0.9537229609971586,-0.30236860960987655,1
-0.048260630093628076,1.0225266573175833,0
0.7921213302823603,-0.44606154134055964,1
0.09794580094974009,0.074744162857002,1
0.8013073109709874,0.756352193564158,0
0.7350902804417055,-0.5429156777480804,1
0.2689656887460979,0.7562138732143813,0
-0.006626038985612658,0.9934597496891429,0
1.977991679716402,-0.1799853814434696,1
0.9952364539129663,-0.5665990330670155,1
0.399279289228763,-0.44399380904857344,1
0.9610769131137047,0.1502617485176501,0
-0.9937943745194144,0.17884656538505866,0
0.39876891420643207,-0.30665798288476626,1
0.8715527347425038,0.6531448442360703,0
0.5553310751622736,-0.5541191242687628,1
0.049272613794383135,-0.15832601244089367,1
2.0296572256297187,-0.16523510431379562,1
-0.8979665476783828,0.4539630395253899,0
1.72857961619101,-0.24362645476477263,1
0.7158979691115701,-0.5965068865071441,1
1.8933406875558334,0.5996153637497491,1
0.7689246781354111,0.6071847426453085,0
0.45602367249250064,1.088457138369491,0
0.1681704509459008,-0.03861406282001564,1
1.5487161975127706,-0.3236137399735163,1
1.1750457551815716,-0.5927914056086949,1
0.15998562492616628,-0.05912053632302716,1
0.22319275201553285,-0.010061140817523306,1
0.899106702106803,-0.5036699322753678,1
1.4148944564831667,-0.47032981699308946,1
-0.19846522262483404,0.8236592455460952,0
1.677297866847338,-0.2483085627363356,1
1.9510842491528044,-0.044745674813123415,1
0.4383335348499216,-0.3402505748832099,1
1.1267002953321226,-0.39310283838890625,1
0.1352016837552345,0.12282931548192175,1
1.707204274376546,-0.013614153057266015,1
1.6397366794809247,-0.28407992743063903,1
1.9674393988251615,-0.17966913034789556,1
1.7648069185422035,-0.23345986584388367,1
0.942578704969021,-0.5313643215324921,1
-0.6391277536958857,0.4535671203505316,0
-0.4281692863941113,0.9478288207260289,0
1.9993112022090043,-0.06756945759078378,1
1.8745703170426964,0.3501735009945113,1
0.026865765547398557,-0.05082139216269567,1
-0.8189252495317554,0.6972702816408147,0
-0.5124712188722212,1.0345970843182026,0
-0.4340732361768576,0.8753223826032877,0
0.5152520658854429,0.8961436676763117,0
-0.019486600926018324,0.29498886071850416,1
0.9275296759025696,0.543210069415175,0
-0.17672941583560164,0.8568337141886329,0
-0.9337676735577837,0.4485390610586771,0
0.9291447819463446,0.26528246583365556,0
0.8159804604633094,-0.5305685434773967,1
1.7410177614825233,-0.14027406921489508,1
1.5270585136984784,-0.21216435840832262,1
0.9945040007282092,-0.06624391743403918,0
0.8800797065989528,-0.4886955304472979,1
0.1106581880562806,0.11808101659775413,1
-0.8321307286003494,0.37258103348955274,0
1.99403016044366,0.39717764441188547,1
1.4879463932514065,-0.32203258360611575,1
0.7332397253710445,0.10953467233612302,0
0.5727506386248024,0.6682917355403604,0
0.9170470798044174,0.1581672065100414,0
-0.9783600093897753,0.3616935548455481,0
1.2197699218147897,-0.31841119832311005,1
1.9947543750340273,0.3448133622334013,1
0.4477247927569235,0.8105814601843883,0
1.989000556584955,0.3852734894279895,1
0.5353041263901748,0.885311913749512,0
1.9580155576567326,-0.07846736945430074,1
-1.0697639376744246,-0.003939440893775133,0
0.11784318776648882,0.004706842099722941,1
-0.008315771734655617,1.0118246531463433,0
1.856291566893524,-0.026317571400222534,1
0.7402255486792059,-0.3971903803619012,1
0.13604719133802073,-0.18906224304895686,1
1.3774118912847912,-0.47743386727445514,1
1.0810527741996996,0.19720593063736575,0
0.07532088214344224,1.0317707270780279,0
0.556035195962794,0.8757719144478888,0
2.237202503444751,0.48290282335908175,1
1.422197920112291,-0.32599302913621603,1
0.12892137135943074,-0.11078762941658224,1
-1.2032899767698522,0.27688267404677575,0
1.2639925734897623,-0.5713110241696183,1
-0.7503359010761562,0.6918676844852798,0
-0.09379084216762867,1.0265371741716856,0
-0.16091554253041193,1.0638215614534097,0
0.6915894083372031,0.8819552526316219,0
1.0680619927905262,-0.47383887805932373,1
-0.16522447030664958,0.95249210265117,0
-0.46083470469388754,0.9431125721562047,0
0.7509520923696489,0.6630778121605637,0
-0.08127748764830636,0.342038373803801,1
-1.0357076506949177,0.022803033438917063,0
0.3679288408861079,0.9256527702817542,0
-0.9767298099967406,0.18209269369281034,0
0.7775571090207267,-0.4412079410203505,1
0.5903319366063844,-0.3849527388006291,1
-0.8615180094174438,0.43928291432080724,0
1.420763253031526,-0.4910790400432403,1
1.1060821046102263,0.1442953066653223,0
0.8763284582829342,0.08044274514563245,0
1.1325111970567177,-0.35239236468314794,1
1.9151609604195161,0.265516391974447,1
1.1274165392947115,0.2676889608439973,0
-0.11831064302116831,0.08828998205979247,1
2.008838194180242,0.6962029664426383,1
1.6770558736108545,-0.30304055965335575,1
2.020219183194625,0.24961398240026844,1
-1.1487666308182414,0.19211261835912838,0
0.9882265989080635,-0.28057039082720914,1
0.608023123047525,-0.5326196432382313,1
-0.8824554263800185,0.39782152175886853,0
1.0533002579851563,-0.45880129153579596,1
1.175044496747663,0.16678835577185974,0
1.1372148291053992,-0.5175657119874651,1
1.9760872524412185,0.2706981959551744,1
-0.02703334350561363,1.0774941329397043,0
0.5583653657122374,-0.4857516804027975,1
1.6580463082068635,-0.2670684872781972,1
1.841652092095693,0.3061117070331006,1
0.057663389594320054,0.25603304136860777,1
2.0283592670112442,0.2922560349424791,1
-0.3581799712128974,0.9621284889451062,0
-0.2559602926315459,1.0913398559131589,0
0.5462494283527213,0.8615498887632504,0
0.6570955734828949,0.33403784311275464,0
0.4877184599774982,-0.32425794635452665,1
0.1532967855896895,1.0815350746390902,0
-0.13522114385435868,1.067828616403464,0
1.7065758223834715,-0.2444240922085522,1
1.604530535273399,-0.3470720707852617,1
1.7739243855514728,0.16512713273959684,1
-0.7104204786362441,0.33745504111382674,0
-0.6837138063646433,0.5693500646145635,0
-0.1515524623844562,0.8402179781246555,0
1.542471219197631,-0.34287195475258275,1
2.076031655413,0.44936350911597756,1
0.972490023767659,-0.4201061591386691,1
1.5941694848981656,-0.2118606770030477,1
1.5200936263538143,-0.2553971240304135,1
0.4430466285716092,0.9356842156261276,0
0.9069340885070689,-0.5246905203070298,1
-0.914998045619807,0.317604952439015,0
1.5620510068599742,-0.37508449577019876,1
-0.1135253580750859,0.9455848142265023,0
1.9400727982564616,0.5305375107613007,1
-0.7117641448562386,0.813732200108618,0
1.68161453273393,-0.05516090697383675,1
0.4587240581968296,0.8639699181407219,0
0.9283727775649435,0.4261572085441842,0
1.9946394413601298,0.022251656243419647,1
0.12081364377273561,0.4649051932034729,1
-0.0808904604511195,0.19936040107585404,1
1.0821806031402708,0.06966255841294257,0
1.2223960589858938,-0.46242217466517077,1
0.06267680685648902,0.3978637244869763,1
0.5254273692896564,-0.31119562169172066,1
0.7811372407057526,0.6319360745739858,0
0.7146097923618636,0.7543863599610419,0
1.4542544875740742,-0.37399384367560184,1
-0.07699452101103628,1.0199234304475044,0
0.45242110120650314,-0.2530846874707985,1
0.5580667223713587,-0.251234430214806,1
-0.858779218926368,0.31760701366064215,0
0.541046611729975,0.7390378450922216,0
2.002821723674008,0.3233352007301803,1
1.6700127008187744,-0.2705320905486078,1
1.984824009416198,0.4384158962401199,1
0.3252359445870323,-0.2670071201261234,1
0.8189918241655919,0.5878375199964544,0
0.8942246001756061,-0.40277156800778596,1
1.0880354404585277,-0.6906435132400112,1
0.8501779388392589,0.6534474549863242,0
-0.261056293979482,1.0619406918180518,0
1.0169102448299456,0.516222169359821,0
0.8077501222228919,0.961295696510038,0
-0.29756967335565576,0.9271992947219118,0
1.034593799194568,0.3114682117596333,0
-0.3580142909791064,0.8387667888794129,0
-0.01190941400342712,0.5832857548075452,1
1.616953376182279,-0.17500559422971035,1
0.6576360750499556,-0.4459182764688918,1
-0.4675750765666591,0.9089075866998148,0
1.0616552937991568,-0.5316725444123588,1
-0.6748782652636778,0.7203789041682258,0
0.3600457064245681,-0.27651013754521353,1
0.5010436128260071,-0.2635942851197781,1
1.9141079460078898,0.3810204628113117,1
0.8562514064687193,0.7872698965647065,0
-0.4932449766199114,0.8143189586193792,0
0.5677832757056712,0.592226134730305,0
-1.1296474623635635,0.11791379623737429,0
1.5298722185904488,-0.3083746275033619,1
-0.000234227604673648,-0.0026090186736384066,1
1.9166686833166329,0.02302421201813469,1
-1.1499123646341203,0.32058307546722786,0
-0.46995639090375224,0.7784924886284352,0
0.5929876349064723,-0.17959478150218708,1
0.6520276676905553,0.7398857089317276,0
0.9351738312402745,-0.5769877316585463,1
0.33992691124396546,-0.3039424699149781,1
0.104159495121957,0.23444019929869866,1
0.048252742624747984,0.33561146134010905,1
0.6282079649736955,0.9281491871946898,0
0.061341498249762275,0.40970415216247474,1
1.3413287038931427,-0.47416420837111184,1
-0.107936360949008,0.3922084113465778,1
0.33211804227486774,-0.30697689364169733,1
1.3500444764485033,-0.3708425982233027,1
0.22323529247166185,1.1104067472731578,0
1.9531165466199203,0.0376670784904113,1
-0.5586097345641073,0.693074697702101,0
0.7659080074188115,-0.43258575262187465,1
0.5846735517417951,0.6704430739656678,0
1.9045510200477795,-0.036799896158319245,1
-0.6487745886542414,0.2966497428074776,0
0.12503459853978444,0.9814482374222622,0
0.5348242574249849,-0.57293616089602,1
2.071520477848455,0.44452522181346893,1
1.678589743447616,-0.2730035389931625,1
1.9450062156474546,0.2321863607026559,1
0.616350460759694,-0.4918271794417167,1
1.7767023857651978,-0.15600564532598019,1
0.8487551997029636,-0.5187629397232023,1
0.880870215794077,0.5450953202958562,0
0.16775996301703594,-0.0955804295697298,1
-0.9531967952503891,0.0333895039232266,0
0.9822254236310352,0.2195960455753561,0
1.6535740165985637,0.030715643842747054,1
0.6400642778396594,-0.48397634311446974,1
0.4036488423642554,-0.3232207010379893,1
0.10446951936659508,0.36542731361663333,1
-0.9861380938263569,0.41850797750944424,0
0.9580244551236201,0.30509728825740945,0
1.460101704607621,-0.5076081415136173,1
1.5805699402613744,-0.5165104148565884,1
1.6407323368857563,-0.360270980883337,1
1.2481085134938519,-0.3707077610917983,1
-0.8464311623615607,0.36505731978830375,0
0.14096927415609478,0.34234663184846154,1
1.0177097660742664,-0.07732209374947117,0
-0.9305248984009407,0.20337312901357335,0
0.6968910085605114,0.5458399284172588,0
-0.37582230133800876,1.0747746705289134,0
0.2811252710262356,-0.14602831240119174,1
0.20489477753802965,-0.22720759312650834,1
-0.019639469292751177,0.9059685109445191,0
0.665510628253788,-0.5051633315489021,1
0.5454954378776395,-0.48128178573637637,1
1.623949039976267,-0.1878090430891151,1
0.668683687964117,0.8009730762854446,0
2.202480199806859,0.40230075274444127,1
-0.09028249619579912,1.0613983641338811,0
1.9835663378639063,0.07829960132371694,1
1.807548657283629,-0.12870463707908233,1
0.9812561715063742,-0.5444934771709379,1
-0.770103263692847,0.5577241698369317,0
-0.11799079492982836,1.101562931562027,0
0.8556221789020273,0.20901384137462795,0
1.5639785589427295,-0.33815777029073824,1
0.7182041588895012,0.7987377122763916,0
-0.7115608724568061,0.5679952697652962,0
2.0549479951369967,0.6209140645186376,1
0.6730097290054042,0.6514460318104508,0
0.7889160477070083,0.6828890125696251,0
1.2704909722456803,-0.3307706187295463,1
-0.5087091281104862,0.5889701641839021,0
-0.8263393750070844,0.38374568259380215,0
0.5630853792838111,0.9394550429987221,0
-0.4927902795227611,0.8817082388007734,0
1.8649890713519965,0.2127151443208008,1
0.9454649244974892,0.2376668544065363,0
-0.3645881381146585,0.9574239414361604,0
-0.6593706958039264,0.5171098361806684,0
1.6040678009132434,-0.18141620742180886,1
-0.15769245389260783,0.20617888709757198,1
1.1438654608653047,-0.39878231548518334,1
0.09741532601738549,0.12255890839316713,1
1.876136513988962,0.17629373892579275,1
1.5268670358443848,-0.3793292928738217,1
0.7964945530546563,0.2297742390606091,0
-0.1385765329419335,0.32841020424878375,1
1.6410302100888436,-0.1437998870339854,1
-0.41000302278461104,0.8698049826583406,0
1.3375408188564755,-0.38938421515864663,1
1.9395354232410345,0.09939900947572278,1
1.8372683417677127,-0.03739283683704183,1
-0.8780506162359623,0.14867042049326357,0
-0.9948966035198931,0.3224210954017481,0
0.8176067428147245,0.6021070564097033,0
2.03665610623725,0.032037675480823626,1
1.9452952114119013,0.5513545535294058,1
1.2505443228379876,-0.40167204552324587,1
0.13577735400818128,-0.20224240685623204,1
0.20176905808350004,-0.08853977664432414,1
-0.07592770814833494,0.4329844845500668,1
0.7654888931017325,0.7712693290556655,0
1.7595655048928507,-0.02471140315656987,1
1.0911074946620207,-0.7548631005764748,1
0.6479488626968452,-0.4441595716404965,1
1.490724160381803,-0.24472300355992713,1
0.9066365328271873,-0.5371857613636224,1
-1.1140224511189172,0.3186928082403394,0
0.9535386165229368,0.6625821145639349,0
0.11799557815506548,1.0046896776307848,0
0.15723715598870364,0.11921134340275374,1
0.4274886182770184,-0.49596948851291467,1
0.26701471359675516,-0.31846349827412807,1
0.9565890451556288,-0.41981954484419526,1
-0.4708566823482459,0.9304787748636985,0
0.5541393653548148,-0.5067084388268337,1
0.6449935622809522,-0.1783317889064776,1
0.7292263314761727,-0.4263831405905813,1
2.0668978368910182,-0.13629573738912457,1
0.8660774129975827,-0.41850395050141526,1
2.0147364338111653,0.27430497723474695,1
1.6473971313526212,-0.22463989261705727,1
0.46031295056614263,0.5823428978502676,0
0.12069901345932323,0.780239495973919,0
-0.16460591294599541,0.9868837042350652,0
-1.0400717997875073,0.18938963105568168,0
0.6116974358490438,0.6494058087898642,0
0.7152973789331143,-0.4042458052019873,1
0.10870614877326346,0.3726677089132722,1
-0.8574624278051699,0.2841386138279436,0
0.8077780252142729,0.5947031872408023,0
0.3482972523217014,-0.2407486376107596,1
0.9468277584832886,0.09335240997582833,0
0.9213569927629155,0.5101801754086706,0
-0.6051676337509898,0.4798807161233024,0
0.46212674758553296,0.7209646205227245,0
1.5527682307616624,-0.3806508367759409,1
0.74019598319535,0.7994775352944059,0
1.1187071300248932,0.32606455653830174,0
1.5170378918542615,-0.21868535510926085,1
0.44467620806299024,0.825294348497134,0
0.5975727111287533,0.6955490151815549,0
0.01834067321049601,1.1389918342391727,0
-0.5733172840015412,0.621826057961329,0
0.3859929478455668,-0.12753352924169778,1
1.978664565241962,0.5347445186865625,1
0.16715839724609946,-0.24556108725191791,1
-0.4674960614957158,0.9031442662432903,0
-0.5115730916736245,0.9576503977407659,0
0.35712681206191543,-0.17357657509028213,1
0.4797274784490726,-0.47321828173948666,1
0.8504018092795054,0.3321178106554604,0
0.47165140209187834,-0.4488883131519271,1
0.6239872700689356,-0.4697068175244525,1
1.6533646010565264,-0.008904908713353699,1
0.3292895148182121,-0.2920382585703636,1
1.7559599781677597,-0.11063469595771729,1
0.16452000681885803,0.027309516741268372,1
0.21623005250605204,0.0534406203672909,1
1.0312671481182178,0.21089124623124175,0
0.9327612518224205,0.3643117504874475,0
-0.3432105536088158,0.8686469866947678,0
-0.684162089661656,0.9655442176598384,0
0.39891524469164974,-0.2551803738738655,1
1.8863250575861843,0.13079623649397004,1
0.710519137453294,-0.6141559296651348,1
1.931966156169985,0.38965485207380984,1
-0.00169778690851842,-0.01793270379468548,1
-0.9487979298005684,0.220113908783241,0
0.20967303901707846,1.089184655592014,0
1.3097415165551778,-0.33470529825698914,1
-0.2637348804299802,1.0276264532930688,0
-0.7580491015710803,0.5862346412216789,0
1.5111255870810278,-0.3507955101026577,1
1.7245962149464171,-0.26949839700848666,1
0.17902060586259416,0.899431900379506,0
-0.8946037778939393,0.121134029357444,0
0.937214817983669,0.06825511620797825,0
2.013108736140691,0.10092459632479893,1
0.5716091950364756,0.8159455791152681,0
-0.0063599434302007846,0.9594872155288795,0
-1.1673506037489711,0.38469628636874403,0
1.1941265234846847,0.038599101019273246,0
1.4553453663750693,-0.16468808128934345,1
0.3222613084399565,-0.16203860006131893,1
1.0214541412032825,0.2918912027283234,0
0.7236476167576282,-0.43236624183004424,1
-0.6388101803176985,0.8266816659054437,0
1.3306862344598795,-0.3676294598842498,1
-0.048664190779317634,0.9952367082802578,0
1.0745338914257891,0.45286327239033847,0
-0.6227671057243533,0.6698444394298048,0
-0.8762635970837136,0.21159244023432583,0
0.5113189415778542,0.8695850264988366,0
-0.0850193958683681,0.17852152424649304,1
0.38964364276888475,-0.3154268355690566,1
-1.1221604988606548,0.11255625788024937,0
0.4225959445990749,0.8647875711582631,0
1.928792739040507,0.38204404969638206,1
0.8729399831749067,0.5201250471091865,0
0.5086291488230121,-0.3155803691770632,1
-0.788453614372478,0.8699912105103835,0
0.20187368211636317,0.6975828704735729,0
1.9476004474091047,0.23717159129456256,1
0.9481481666770942,0.14583666120300504,0
0.7792613282554111,-0.3231384561231948,1
1.1107030185334543,0.11575918144450524,0
0.3418332421483293,-0.24915064517383545,1
0.3926123993150989,-0.14386478849041093,1
-0.24412846497382432,0.8766587269172867,0
-0.8554619684278242,0.12048889240915417,0
0.9126963703146421,0.4103519186779395,0
0.5557008431919226,-0.44668287746043167,1
-0.778232226919265,0.8876202346797568,0
1.5671844928529628,-0.5283201707766776,1
0.9422673054454037,0.20775730538286843,0
-1.1974444083935976,0.29531192977943577,0
0.058189033204117564,0.9559584202791681,0
0.4210402725819658,0.9444699417383505,0
2.015738931023582,0.5466590885748934,1
-0.5629366640788201,0.7225338115052828,0
-0.5335820495177219,0.6962265555865241,0
0.6467741594418643,0.73736560454926,0
0.426099200868298,0.8546316865069529,0
0.8946984459304199,-0.32179384475339823,1
-0.7736037728129528,0.6379082893274858,0
1.1649525471241415,-0.3909117040748,1
-1.0173299850874586,0.1756109408145443,0
0.8814689336828245,-0.38391569312721113,1
0.9644108944979611,0.2406916995511093,0
0.850239912887303,0.49965999078267936,0
1.1296352705222144,-0.12241197100087092,0
0.6768756938192045,0.5646108881638591,0
0.9592178879255534,0.01515263637033204,0
0.9553460957395618,0.3104957178682404,0
0.1665169667816896,0.8137716640718844,0
1.5768231031078483,-0.16552831862199674,1
-0.3709406201614268,0.8570237382386033,0
-0.8343034261988861,0.6047518259674993,0
-0.06965313169889488,0.21748091780538106,1
0.9482590419355467,0.38704324292703474,0
-0.30870833386425917,0.9080300791380665,0
0.6235977806304246,-0.3460983003468955,1
0.24080904871598904,1.031279997952844,0
0.18806057516718946,0.982237655027445,0
1.1329904929544679,0.2953260473221616,0
0.3657228738703113,-0.05938076243713866,1
1.98434062662983,0.12467963725024478,1
1.916197194559037,0.16928738317754863,1
1.045272538480298,0.053659459851298365,0
-0.47298278210874356,0.8972623492746677,0
0.3712029743688754,1.07090195188855,0
1.0826165500725953,-0.041888737049136586,0
0.7497491319411351,-0.5696634895813276,1
-0.5931035872632768,0.8416574610744255,0
0.8234293589873779,0.5831727544139135,0
1.2950418038822933,-0.5139062409296852,1
0.6035263440508016,-0.5456718931979796,1
0.4857149300040421,0.7844837998373569,0
0.2979577510651743,-0.3280955214325202,1
0.8562745718040947,0.0337394395741978,0
1.4991438553915275,-0.6259206969565235,1
-0.020447908398950387,-0.19899750799605503,1
-0.1616495341392751,1.0670853891890963,0
1.9451073426124343,0.19841944808883805,1
-0.25008639093710716,0.8341733946181498,0
2.0072735813435307,0.05685461011824966,1
-0.7310874596096659,0.736994989027694,0
0.9054427208365667,0.17594585484495487,0
0.8469801495183513,0.4240176224821719,0
-0.43524831198573233,0.8457360586382907,0
1.7854297475864742,-0.10271778667664186,1
0.3405524834224642,0.9948024547626461,0
0.15867924097527458,0.14537627204866532,1
0.26646550299001437,-0.1942765341851939,1
1.5272891893199763,-0.4281163173200645,1
1.5258171782883712,-0.14561882159493433,1
1.811483328315432,-0.2138747998701792,1
-0.7796684761179504,0.5248732645774459,0
-0.7396040154295597,0.6801254907897399,0
0.9228189777325433,0.29345420327176347,0
1.8329891033285346,0.46460884599623337,1
1.9721019122466708,0.6057577606365784,1
1.0712892651140216,-0.13031960183925112,0
0.6592714631431247,-0.4105247922193686,1
1.7852155801454026,-0.23819248094940604,1
2.0261951211171683,0.5109559508932839,1
1.9653054614592,-0.022936211149570618,1
0.3961296251485932,0.7175005915640926,0
0.3248527159794934,1.0283636562253728,0
-0.47948506576254896,0.788733066871878,0
0.9627794427542211,0.2911188289212365,0
1.0955932662573598,-0.5648068724165763,1
-0.26603249031124226,1.0634585107481365,0
-0.8944395661752695,0.13184329103509582,0
0.23864021710303784,0.17503770695405085,1
0.24379308763809604,-0.07502335520222578,1
0.8822807914728157,0.6057691041579427,0
0.2389215570825035,-0.19613668207084634,1
-0.6373090220633656,0.7986270498135892,0
0.7264943145888922,0.7221804478103682,0
-0.5816205458029896,0.8459481160999492,0
-0.7246016286347223,0.6391400957334963,0
0.18814061731232987,-0.018670895618319056,1
1.8402281427165788,-0.20324076476448133,1
0.26830612336655424,-0.16218343461837992,1
0.16496486919721326,0.327305117752573,1
0.5774933784716342,0.8021953513943615,0
-0.5758507842627056,0.6580247461207502,0
1.870807047651094,0.3512873784044016,1
0.5212756447947605,-0.42583455887220645,1
1.8695472341066965,0.6245837736510839,1
0.8325354633125637,0.43146230705331856,0
-0.21938047342546158,1.1636230862485133,0
0.3534654674961173,1.0351384722537387,0
-0.7506214385209782,0.8441111255278241,0
0.9184143496951818,0.4575749439356292,0
0.8991017115452234,-0.3765536538790255,1
0.04877546723527637,0.2590624446122278,1
0.4933859426776275,0.8679874054338838,0
-0.7725033895247869,0.6980824579328361,0
0.45122774012814115,-0.27124370575752466,1
-0.7232941695339139,0.6604451166244009,0
0.8668168055353522,0.6196076913261778,0
-0.17648150236092974,0.8261064159937483,0
-0.8244635808727919,0.7182937763884264,0
0.00725790451220959,0.10180397936382644,1
-0.3440414084128438,0.8330489359330379,0
-0.3407581431756479,0.7260346149861513,0
0.38028237696426276,0.757701460161926,0
1.9398413734991955,0.3609113975525124,1
0.6970367805649865,0.43420268282470253,0
-0.23822878080312687,0.8936102899434437,0
-0.504908737598563,0.8395217025533358,0
1.01726538425628,0.14114733532799495,0
0.39518477990413914,-0.3149897741090983,1
1.913552116649616,0.27643085247266136,1
-0.4969552809322741,0.9105531764966288,0
1.2717474758569007,-0.6750912299096963,1
1.5161713129557424,-0.3611793464681248,1
1.8171539960071024,0.16249077409066745,1
0.14362552520456745,0.9799995825720942,0
-0.20661972054817715,0.4672421664248345,1
-0.07631553359954561,0.06474136841324785,1
-0.9348688829672527,0.27056925620791794,0
1.5664766441949103,-0.29161406222632336,1
1.0427771439941524,0.43566840820001684,0
-1.0530233454389286,-0.09752046878965301,0
1.0422341568128004,-0.45743800101477783,1
0.1846881358211165,0.7509911700179309,0
0.547897296189652,-0.3305316114393677,1
-0.8544520629789863,0.07697728520028341,0
1.3560419960299783,-0.4555561557056465,1
-0.26020121795119794,0.9051670805476711,0
1.514676032145738,-0.469702725243605,1
1.0068135894308745,0.7135888863926216,0
0.7941931831343743,-0.5342090495046911,1
0.6616780003247846,0.619185907981233,0
2.0174638742836453,0.14110375872725722,1
0.9424007698781308,-0.5077744538730932,1
1.0287168906202873,0.1379657056525041,0
-0.038435235178923895,0.5283530647068144,1
0.2938981547122752,1.0957407179590763,0
1.0240675520080271,0.34530475656006576,0
0.7049514296691204,0.9022446182231892,0
-0.061506486880637326,0.2847436762206823,1
0.0064345815760513195,0.1607236037124867,1
0.9046687490058206,0.5678947940908676,0
-0.9118070737012184,0.33091182173090994,0
1.7091703512893144,-0.3223707712938537,1
0.23521754086476493,1.0156082244712852,0
0.7860504015542209,0.4597018315725937,0
0.1042781057132062,0.23075833923254488,1
1.0402478976771554,0.2652042337592587,0
0.10763627108898369,1.1863795186256343,0
-0.7086359485983722,0.5430479599255877,0
-0.7385798625436342,0.7032356974718917,0
1.8479823040890293,0.0678262682703537,1
-0.2508912512049495,1.1287232166035488,0
1.8804054483849322,0.1534740452454347,1
-0.11391842651318158,0.28787168350370507,1
-0.08472747889497549,0.9165318170615798,0
0.8398895908186024,0.45875526532610916,0
1.6995275134801635,-0.12673375339456405,1
-1.045941685037616,0.20362175829549428,0
0.04182893416742835,1.0909437786953653,0
-0.8219804112391084,0.7361957674470342,0
-0.8921256529287326,0.358341228503643,0
-0.1691961674698457,0.9891268848260824,0
0.9451364148575073,0.3435290445426944,0
0.7287418378078668,-0.5039264161536495,1
0.45366666317944787,0.9323168704108459,0
0.2903168601412298,1.0933079100938845,0
-0.45456914100814994,0.9098603268915282,0
-0.10486295836247198,0.8863012578591005,0
0.974800249199877,-0.6023981506598598,1
-1.0755359310774344,0.49589754866192826,0
0.6394403180138195,0.6547324363938117,0
-0.9305974195107768,0.47521828113505477,0
0.21920286847459033,-0.19095700710569558,1
0.6648048913831459,0.8280865273189048,0
1.8948658154249736,0.09586682411136785,1
-0.01474848716955357,0.928587707125728,0
0.1284597968818838,1.0065841013556591,0
1.0577990937273287,0.30609709312734507,0
-0.15381604443993135,0.2890565121952157,1
0.10131945041885371,0.467767435225287,1
-0.8373418435618545,0.6722851065854409,0
-0.4004734181120499,0.8738236264391144,0
1.3622785562297803,-0.529969139000427,1
-0.005030734777915085,0.33370771517802683,1
-0.9032559758017482,0.5908109098974393,0
-0.03287851006965973,0.2618876438749578,1
-0.7110804192296323,0.5263699606852721,0
0.8290395262544227,0.7783834028707042,0
0.8186067481213031,-0.4301508431560448,1
0.7724764448777741,0.6428345248714374,0
1.816175764536395,0.04464045154425082,1
-0.056063764454263025,0.38558838794507905,1
1.7731117396567062,0.3724973032171753,1
0.9303454589873054,-0.527145016606901,1
0.5013120389938409,0.7110458647831599,0
0.6496948617656926,0.5460973240814333,0
0.6009640038813246,0.9123745536257518,0
0.2947493846724426,0.8225389435746646,0
-1.0283580729207855,0.35905104421642553,0
0.8020327155256374,0.3766828623380535,0
0.6842871108377733,-0.5316158231357503,1
-0.9156939257846112,0.12132396609561334,0
1.3624745470321278,-0.4047595984157622,1
1.4238512834865857,-0.6703183958928502,1
2.063532487083339,-0.02552945331199702,1
0.25211194464762593,0.9230953852290075,0
1.0262769449443587,-0.5483874515484237,1
0.36166428946226303,0.7957604611159738,0
-0.23656274077696618,1.082424795274797,0
1.031814417745109,0.33006289244379333,0
0.8548943051416521,-0.5362893035039882,1
1.501764146602137,-0.4819887104902796,1
0.5009604172300606,0.8905236019045195,0
-0.7975799834319334,0.6595738663281098,0
0.5081211636621945,-0.2808748059248577,1
0.8604257913188106,0.5638730762492128,0
0.15625839791261623,1.1109608396400645,0
0.9521248339661103,0.358992461236314,0
0.9136249800768184,-0.32875579364027313,1
0.6193235037789244,0.8516715577898769,0
-0.8966991382619189,0.6878418425968565,0
0.27561543597241056,0.30997763156168323,1
1.2261897631334304,-0.29483177061650956,1
-0.01852161416815308,0.20675647980996514,1
1.1498794181961853,-0.46237844720865834,1
0.2240415281986736,0.883916752162492,0
1.5596453070900127,-0.45517859599644345,1
1.0408237047799236,-0.5486388976024369,1
0.9175012253454268,0.5596218798882323,0
-1.0603857348249883,0.03507714398741245,0
1.821423175242875,-0.049913349792115834,1
0.8048252573357604,-0.46648057319258496,1
1.3808069242873102,-0.6191331951361186,1
-0.8661651878909544,0.2720863223725811,0
-0.050344582879847,0.9717151963934944,0
1.8034308441370146,-0.12532933013514208,1
1.7366252075325643,-0.26073566236600487,1
1.2828395611200514,-0.33576912765522826,1
-0.9353826029414092,0.34827186437358654,0
1.0521128062056375,-0.11507144495966022,0
0.3083042786305143,-0.3876800405756924,1
0.34420371918597076,0.9723439327834513,0
1.9803779609965702,0.09983048975998368,1
0.547636763113188,0.4998041117411469,0
0.28260855010702546,0.8056716016012564,0
-0.9090917317153974,0.6285186979882668,0
-1.1463433690544338,0.2443017409211402,0
-0.48086543623586786,0.7852389270109137,0
1.5702224314997755,-0.46413174271077273,1
1.7640823447875957,-0.25838273359628633,1
0.7111355910150059,-0.5028521976270575,1
-0.8650751973937578,0.46273744955834717,0
0.6481439577314193,0.8985048908007042,0
-0.5389333330256795,0.701995052102264,0
1.0543003829481135,0.17200963555091583,0
1.28891824145997,-0.418631578898907,1
0.08222107929851269,0.8833123105630155,0
2.0085787732312577,0.261147849903897,1
-0.6719737625531959,0.44485476824432413,0
-0.8211406070666574,0.42351060145053154,0
0.8154179716177905,0.3333513002214579,0
-0.23020611164873583,1.0398995320817122,0
1.7569137235485817,-0.3293083844575901,1
2.112351314920567,0.5801406056801559,1
0.9361347089376839,-0.37011253106732755,1
0.9438809181936915,0.47920679926617266,0
1.859952948094497,0.11001606799463148,1
0.47994061936871957,-0.26929206084615664,1
1.0747844338703718,-0.6020344159014829,1
1.323214289643391,-0.4245873765758782,1
0.8112564805605159,-0.6483015867783213,1
-0.7064662756999341,0.5445399314617902,0
-0.24781851147761383,1.0357692690450253,0
0.9318962104610473,-0.0659787685396457,0
1.33838357966683,-0.35033808763286456,1
-0.1544499187623453,0.9000471952856217,0
0.7205667623934305,-0.42619017606094917,1
-0.37897985953869423,1.0794030497240923,0
1.1659388157127077,-0.5759212275090334,1
0.00045270271369960216,0.15141288247344353,1
1.0371590861469047,0.2648415969818325,0
1.9415904784806577,0.48722149812137705,1
0.7643155201205538,1.082007064306427,0
-1.084685122401951,0.37403182852338956,0
-0.3366654903224137,0.9175141228566576,0
0.02228039631245351,0.8752536615290601,0
0.1681062857164464,0.23851379146304996,1
-0.49357119061072807,1.0276558756839527,0
0.5616490791968594,-0.45439855651832567,1
0.5246583983037341,0.8970587768187339,0
0.5463268250613281,0.8136081112183193,0
1.9124957947009265,0.06668141271095536,1
-0.9418716137063502,0.32700251791736856,0
1.0166503697100626,-0.35504007172861296,1
-0.9298972020300044,0.22509400317287712,0
0.8767785985642366,0.3590978634117692,0
2.004758654252846,0.24403091578134867,1
0.6559887330153985,-0.3569987887295726,1
0.10335608164827545,0.16667796461747958,1
1.825437636492543,-0.12446578989006987,1
-0.9428334351942067,0.2242968914218204,0
1.7864156113342853,-0.11351249122037625,1
1.327614262588941,-0.3986815027568249,1
1.2086933041512418,-0.44139791252364086,1
1.8696098352048425,0.27719671808272983,1
-1.0622099465612533,0.5126665219742298,0
1.8886561052098947,0.19126328355410668,1
0.5881915712699646,-0.352725925909353,1
0.11283732106708771,0.3977358147844897,1
0.9041566772710142,-0.5621426242010202,1
-0.06887987644548557,0.9871343954760621,0
-0.033054251002769444,0.10649447796265858,1
0.35884147606285627,0.7691928882076556,0
1.8503538997756406,0.10678824471569442,1
1.9594233956363303,0.35204919864126716,1
0.9840232035926548,0.20737223009774686,0
1.6827915993377147,-0.3693938917457273,1
0.3415382579230821,0.6587389106862892,0
1.970068458091962,0.20724565376327092,1
1.2756414552703619,-0.5053957418828063,1
-0.6483325090436918,0.9594641055358307,0
0.9460720037981509,0.42162740241880053,0
1.7883902394736877,-0.2382927472480199,1
-0.2250728148845042,0.7066967868812318,0
0.6658847259557368,-0.39122006502226536,1
-0.7881146937168569,0.604394746226264,0
0.1837914382451601,1.023510379297529,0
0.572651851667911,-0.42221383928338396,1
0.8142425017647247,-0.4988717795794779,1
-0.759956467173562,0.4809338105192084,0
-0.5909479881165751,0.878480443574262,0
1.6670687053564324,-0.35228112471932754,1
-0.8558534323884287,0.22134631633579055,0
1.8207796017567737,-0.07069740823270643,1
1.744503713008823,-0.18623336291316128,1
0.1855774193682146,-0.28110453695402476,1
0.5673378446156148,0.678282239019693,0
0.8901877424135514,0.04101304908769733,0
0.8083954734424417,0.609743525689854,0
0.21694450250250008,-0.23284881126885915,1
0.003863475437088554,0.445244682816034,1
-0.000637614573109721,0.8641790033132426,0
0.24890966950309015,0.9681248832914905,0
0.49420936455407105,0.789020845685589,0
1.0135868368712226,-0.3721998951285591,1
1.0633791430595103,0.11538226831701814,0
1.1433796222648267,0.40118058011470836,0
0.3628577378033911,0.009988799449228813,1
1.0938434059801887,-0.6157733509999233,1
0.5737892751863227,-0.39488737274858937,1
0.35041056720914143,1.2271812568425748,0
1.0507929244860292,-0.5923308345143518,1
1.915924254508933,0.034405678187536315,1
1.1668091642667457,-0.5248810589139046,1
0.39232766040607914,-0.20637751622488032,1
-0.9412029460669634,0.07026362296366728,0
0.05886459214024237,1.217941591079125,0
0.4362083719852323,-0.2679220153021329,1
-0.9540278941843177,0.6247959269762081,0
0.8331638119713446,0.646931824879537,0
1.402244600013426,-0.400947446015572,1
2.044209598528,0.17353927803605732,1
1.9583844127252994,0.38962810225018035,1
1.8223998424095436,-0.011022125828343665,1
-0.6959301567194367,0.7087021156038559,0
1.67303406231364,-0.48393872385648373,1
-0.7579053803457771,0.4285607229878983,0
1.754946682363866,-0.1219922968165107,1
-1.033558531556474,-0.0022825249344498033,0
-0.27336953918908774,1.000824114928945,0
0.6306269726621254,0.912246190844933,0
0.15903701801278206,-0.056007286957147545,1
-0.3308890242288861,0.9237832948129732,0
1.8779541633017025,-0.10930144287890804,1
-0.768300443482149,0.7513057056196413,0
1.9805991561201604,0.18105442543107433,1
1.7012088387632562,-0.09696741889268876,1
-0.25818600960708016,0.965596686538267,0
-0.3617927636575756,0.9644525461490271,0
1.8300322536154456,-0.35526316281110426,1
0.3537823748194921,-0.379065936862627,1
1.675207617304166,-0.22677760690752208,1
-0.7868242734720785,0.6234784347762696,0
1.030225649024323,0.4454971110069576,0
2.082730636009629,0.14901548104209955,1
0.3536102857824691,0.8542498248507875,0
0.9032117009687436,0.2522304215059773,0
1.2101911840578752,-0.3200698504777256,1
0.524074774997078,0.7216208490486644,0
0.9275620613574588,-0.5010215303369072,1
0.10616259926699266,-0.001681313534148604,1
0.511309013653596,-0.35459736340623993,1
1.4470514448722118,-0.38058965557150787,1
0.11232095670096093,0.17653599848239807,1
1.7796788717522405,-0.045478910529205635,1
1.0862364820199795,0.045298683606480636,0
1.7541998393957041,-0.13865392178700836,1
1.9739084306218575,0.16040834145976232,1
0.20695324149331523,1.0207351661242663,0
-0.07281324991754543,0.8902290714501133,0
0.7300547377004746,0.8049298440574455,0
0.1136493666803036,-0.018901555603225106,1
0.9877547785999933,-0.5577817970398431,1
0.7636580725193803,0.6401508007314018,0
1.591735149693697,-0.45543573732289,1
1.9771771663393867,0.029916791354422864,1
0.13857388056295977,0.9046059338837722,0
0.020391679724754017,0.9969944477312915,0
-0.5647907354295806,0.9194174922491611,0
-0.1110627098824169,1.18281456660437,0
-1.0448805036111541,0.1528241566755884,0
-0.8527411250843695,0.45117323380819513,0
1.9658832933357369,0.35646372380542213,1
0.23471804170843083,0.94605506792915,0
-0.16322876174674267,0.8434938141441528,0
0.7369367875829058,0.7136817996829359,0
1.9063915585038806,0.00418997621622938,1
2.2170794446670397,0.3324051606249204,1
0.7972612277740065,-0.4047251071668643,1
0.7200069523433462,0.8379873137870799,0
0.8667863485789497,0.5392610232755132,0
0.5484640127460758,0.6978342644625648,0
2.022917733453658,-0.0918186075197035,1
-0.9082697795835214,0.3775022391517277,0
2.0373715307599647,0.21517423010441133,1
-0.8404401297905353,0.2805915769136472,0
-0.5683063057608326,0.9581043146788426,0
0.4161748643317894,-0.16969621052379497,1
0.5131233793636296,-0.3440263665105005,1
1.3730828538115238,-0.24864733982115897,1
-0.9354192841897021,0.474998269926367,0
0.5580299568331546,0.7172493318130179,0
-0.5028884855117204,0.998703569224158,0
-0.6357305248817499,0.553346044387248,0
-0.8824200781264699,0.5999028450533525,0
0.16761989622385762,1.0506460179672705,0
-0.8143574097743671,0.37019518620721964,0
0.2858711471155009,-0.10245518948868798,1
0.7879081238860939,0.5380991187781196,0
0.7817164604595908,0.4453904252259867,0
0.08112868680719298,0.5507666170579804,1
0.3573936293168119,-0.4435994464158682,1
1.4543694114280168,-0.49959068390300976,1
0.10033078444602436,0.05821085802562696,1
-0.908322411248351,0.38184024505742964,0
-0.19149469663579563,0.937237703673528,0
-0.14609532082029292,0.18653172941002624,1
2.008361379827868,0.2210212452696271,1
1.7560365749426246,-0.17782316959168892,1
-0.44959908789861314,0.9575470854746853,0
-0.6965500020571945,0.6496991443535018,0
1.2146414697144086,-0.4566836580057782,1
0.7269521383079756,-0.5318177318984789,1
0.6166587003810713,-0.308145192449487,1
-0.5477354642569349,1.0422569150872083,0
-0.5051408082804547,0.9519080417551695,0
0.7207389436233937,-0.4999457399376505,1
1.5061897488146854,-0.46702915137170464,1
0.17015875086880572,-0.09705841848451774,1
0.9735967115809802,0.44161255081238954,0
-0.5417835546095663,0.7819894797824025,0
0.9927483389145343,-0.4152845658833648,1
0.9380111242748165,-0.009486292291631539,0
-0.6816919931500136,0.657625855923648,0
0.3631851421424106,-0.24113899313725312,1
0.6890741037052233,0.8529481319367864,0
-1.1213613738340127,0.07942226863327399,0
1.3284474272044542,-0.342177473014122,1
-0.37796433766597926,0.6923886706419979,0
0.30687140920493833,0.00042591719829347674,1
-1.0801232248005073,0.04130494486641627,0
-0.08748444722431287,0.014783343454260932,1
1.8894502466995926,0.44670947855684223,1
0.04268943757115909,0.4384563078728376,1
0.5080951006449628,-0.4382312354980743,1
-0.06580496562636853,0.4083399644272696,1
0.9882225956569991,0.4772040740511493,0
0.2482721007266434,1.2032348189940292,0
2.118590238832301,0.16304552563568195,1
0.7847531792338671,-0.48774745943953207,1
1.5385862784532025,-0.4118873362640607,1
-0.81857696814968,0.34653366802946883,0
-0.17698960556582088,0.9485640632087479,0
0.2624801203249138,0.9166834400193318,0
1.7191526709856246,0.07513799726711581,1
0.7354654308652717,0.34155040075555426,0
1.4092560521229134,-0.3273916582853289,1
0.02641244142356676,0.8388269485308726,0
0.43515647826950454,0.8427876616669563,0
-0.8012605340612378,0.2702069585323006,0
0.5436852298716015,-0.3178177017882661,1
-0.07922541875854497,0.32637576429990756,1
1.6481143389434583,-0.6167819757720706,1
-0.5491478275183065,0.6270811953461088,0
-0.8848211682757522,0.32216614848155006,0
1.0398122174283762,0.4190752302035941,0
-0.5316631787178582,0.8890841345257288,0
-0.8904158317942759,-0.07731328255597913,0
0.7943695409828765,0.6967226942905708,0
1.904169749696652,0.3186632055872185,1
-0.11316263224466187,0.9486150594863614,0
-0.9191204283065152,0.1361284019066537,0
2.0445916441992247,0.17064101219817854,1
0.4104616748852561,-0.19387362400686303,1
0.14806045325015288,-0.2574109209700547,1
-0.5762715093990491,0.8888353621189298,0
0.03682362077190303,0.08874248389862549,1
0.42871627735206297,0.9889777913738622,0
0.7884869253268931,0.678986911582745,0
-1.1930403260295284,0.07564655136950277,0
0.5428330677194234,-0.47342340376131414,1
-0.4634674726992983,0.8290888422248016,0
0.4291926865610985,-0.3916954735332903,1
1.5433198592300519,-0.21641595645219863,1
1.8004060255808507,0.5418847896525678,1
1.4121416002901368,-0.2989092398884631,1
1.7247618347347164,-0.16535833787222515,1
1.2334498010982737,-0.6026163120753605,1
0.5398857776844647,0.8970992235464871,0
1.04493678551629,0.4791852381434929,0
1.5980796189292463,-0.11393516063785036,1
1.0670009324890017,-0.42907989116406875,1
-0.8101756699251068,0.32200821974569194,0
0.45261515377828787,-0.39906170270465385,1
-0.6310842276987383,0.8921310466051894,0
1.5007011006629016,-0.3797568733915886,1
0.7908187797199178,-0.3906798353799053,1
-0.13076201235275747,1.149583189574016,0
-0.03337235790374678,0.6037845550642162,1
0.4724775172833287,-0.24706430259411832,1
-1.0937261542748458,0.33183357613963793,0
-0.8049862480540195,0.8078751766331265,0
0.42034058800824636,0.9168246801800042,0
1.8842360646537901,0.14752851646544043,1
-0.09083647211049845,1.0510015329617282,0
-0.29776833804627756,1.0305177690864784,0
0.4673267788360718,0.8073418687143514,0
-0.6078780185541248,0.9371291426630461,0
-0.4670701090979868,0.7376573747307149,0
1.8932761733912702,0.20918408736526928,1
0.3278181998984008,0.9263130703879152,0
-0.5844141029857414,0.7223711867457382,0
-0.41639102375060616,0.7226435348317699,0
0.7600883694905705,-0.6715327127300578,1
1.968560564233463,0.4951126344159213,1
0.1794163171649274,0.47019074142252315,1
0.20809172522273886,-0.05197898678272856,1
1.6092718321043993,-0.16209397229158934,1
1.68900880573192,-0.18437041079947647,1
0.9622272881951167,0.31648149940911,0
0.34280738341951467,0.0476431899557484,1
-0.7593989017067732,0.8045255315178342,0
-0.9924955178881453,0.2192560969114664,0
0.7232393621667192,-0.6362198988684528,1
-0.37714875005396076,0.8514521542388522,0
0.7808873030955052,0.48871932686386416,0
1.1705179575456814,-0.33990115924289643,1
1.0386355851164153,0.6882454336592205,0
1.2514522648250541,-0.4522284364233206,1
0.04708372702765551,1.0085795180221873,0
1.6266323854153597,-0.30812481549356685,1
0.9317354777435078,0.10910742412146321,0
0.8485092189510328,0.3583995922270263,0
0.20034248676866992,-0.1799282070055247,1
0.14346354335524614,0.05402920846168664,1
0.2881239420792645,1.0119915125982146,0
1.0577196749401536,0.6437682827769671,0
0.5924788790309272,-0.33750197515897595,1
-0.12699212151627193,0.8268409226081144,0
1.0647547768739225,0.006269589966679312,0
-0.9519252876343021,0.4091328971125947,0
-0.7855570418229516,0.8873473640397495,0
-0.3640820717494615,0.9545135276250832,0
-0.08817622756247775,0.9235775826102878,0
1.795818493447042,0.17704293852341585,1
-0.5943682030901061,1.040113342464258,0
1.0950225002178189,-0.5779192094681547,1
0.4105185834988596,-0.06610638744093839,1
1.831684984752331,0.07594171395837243,1
0.7867223873632672,-0.5451400951199284,1
0.19066371051132994,-0.18479642850438277,1
0.5023027630641509,1.0017526100435155,0
-1.0237303684418657,-0.0043909168856873515,0
-0.16389991347758245,1.1217235755527328,0
0.14801566668829252,1.0893872824614002,0
0.1925125657173131,0.328415083736645,1
0.2155926791846981,0.9378063094299259,0
0.9433367397756107,0.5410254319239518,0
0.6856791822888477,0.8586230472833277,0
0.18263440603934739,0.9115503776371621,0
1.008037776864688,0.15170840649569722,0
0.711213850159117,0.5265619440225681,0
1.526551765306675,-0.28929897066020566,1
-0.09848328069385867,0.344427174837537,1
0.288589086067759,-0.11418281751934653,1
0.3199235730170715,0.12646058889274397,1
1.1293710287033505,-0.6467427079956123,1
-0.101326411138638,0.1475594672579331,1
1.3715780587439703,-0.4507802074491366,1
0.7328742154837009,0.6141292957999238,0
0.09096589211117972,0.03710479293286701,1
1.7874501687907327,-0.5747575203426222,1
0.3641886203968212,0.9535837870721525,0
-0.8138605272896492,0.6148304197589173,0
-0.4806145157911551,0.7687534921368467,0
0.1611045988040478,0.9864786963301833,0
-0.8372944420492228,0.5088199869506411,0
0.7265864847838436,0.6945345467597787,0
0.16933484986064837,0.9711787555422139,0
-0.250644266557579,1.0627821896337135,0
0.17950594458102465,1.0075979830891715,0
-1.0652526860126614,0.09334802763933167,0
-0.03318773000245047,0.40798366675296294,1
0.1440890766372848,-0.07113784592281,1
0.23063909053608872,-0.1320762215154684,1
1.113578232611754,-0.5976195150874777,1
0.7717051954402144,-0.5557520841222532,1
0.24665424164418887,0.8577214062803772,0
0.7538715741191635,0.5912902464819724,0
0.8547132532797603,0.4557016632904519,0
-0.7428927746743824,0.3898135914095797,0
1.0617575996612258,-0.6308195125686269,1
1.0094068403063965,0.1304763619573216,0
1.0404824000241477,-0.5562275841580168,1
-0.27342893903524157,0.9206418236966619,0
-1.014765500487582,0.04697801238371026,0
1.922892951669709,-0.044136293340820365,1
0.0902443498832059,-0.1692568244802115,1
1.8264500246272062,-0.042524833851276894,1
1.2386429615868033,-0.49260792635775663,1
-0.06365635189148532,0.32784009627564714,1
0.12315253012176344,-0.21717595921342386,1
-0.46383601081494935,0.960628276703733,0
0.015561692007681815,0.39311604225667585,1
-0.008572744179048936,0.9867547075331001,0
1.3952232711955668,-0.36465878794480966,1
0.022716655189311097,1.0484036072106584,0
0.03898842795500227,0.3469129732274413,1
-0.5331511664052618,0.7337897984473095,0
1.4708018782286667,-0.26473503164514717,1
0.2620241524328004,0.7824185746602649,0
1.150995720212072,-0.1851448334100696,0
0.5959645149664483,0.7382830889151943,0
1.2195393405804147,-0.410801326302847,1
-0.3502749831762023,0.8825507225152177,0
0.21039603852068844,0.9454142558777099,0
-0.23136402780644277,0.7719500268778866,0
1.9067812677489397,-0.0010944351509662442,1
0.7388748107773476,0.7160645452688076,0
1.748877242127243,-0.2690523334268251,1
0.546876568763041,1.0472951686134757,0
0.046250817540780156,0.4849945451244926,1
0.15963844382020337,0.760357057827826,0
2.022058362489752,0.5924050877209576,1
0.060695410468766864,0.9405675889740424,0
0.03770834526762448,-0.11017838419347145,1
0.9854746023815814,0.22359716990468276,0
1.8715247470091634,0.08550675037939379,1
1.9050609014932225,-0.01752410666066334,1
-0.6642746718356206,0.7946873250593175,0
0.3664985261349519,1.1670630612939723,0
0.7285484758788888,-0.403977869168489,1
-0.9170614857745414,0.4687325906617172,0
0.22960313600043292,0.8718988801191568,0
0.5224141549309296,0.7571958883782093,0
0.4251093956175238,-0.2296469070311614,1
1.8225503426323435,0.06535399520837668,1
0.3668737440368976,-0.21291564456143092,1
-0.6878884030204614,0.520403705920365,0
1.0411552089099703,0.1942670860731986,0
1.7906223751059738,-0.15424184816524383,1
0.40693631780724354,-0.2746351570626299,1
1.9275566027236704,0.2656229124823866,1
0.9772858393582118,0.38857729124067864,0
-0.8052026700938777,0.4296246165209206,0
0.03080186486325943,0.22623979155732427,1
-0.003873432040920926,0.9098317622105202,0
1.077994184040372,0.06484838671706475,0
1.8240315497528332,-0.16850008267881472,1
0.25909545019501345,0.02425150894345328,1
1.5428812321944287,-0.4670393487955838,1
1.8486418542293825,-0.2602382247189752,1
0.8736780725717358,-0.4817250716525909,1
0.9820665294326985,-0.05519894436736712,0
0.028174168271952398,0.3619124427211718,1
1.8818109189833017,0.10384896429205223,1
-0.9234906795265221,0.4541126340314038,0
0.8099671086848789,0.8054497039400245,0
-0.15833551724911019,0.9418610415102142,0
1.7622758625122872,-0.35465048185966047,1
-0.8580071426995307,0.9118727312251187,0
-0.6938487935631861,0.8122603207819787,0
0.7906255072008908,-0.3582926857709533,1
0.46816866081665554,-0.1572939358707556,1
0.12814041642265495,0.1147903929412611,1
0.43322111397773977,0.8942535577668186,0
0.6133650554466136,0.8578331779416053,0
1.740668157332209,0.027724334274051243,1
-0.7676749338213975,0.5262022569170626,0
2.0247450224143058,0.3399755929076583,1
0.3760523574854834,0.978572623399492,0
-0.05994214443099344,0.11752675961261203,1
-0.2554328258352399,0.9058999824195615,0
0.09616261466259983,1.0555305264938493,0
0.4479726281517624,-0.454974695985316,1
0.8038107265902125,-0.34593436171795783,1
1.1340512943170291,-0.32875674284584583,1
-0.6527326380722036,0.4754000141740868,0
0.31845292724392993,-0.3015444846966518,1
0.9583640817196009,0.22212249948988416,0
1.395553447909953,-0.3120011811000263,1
1.038691241056959,-0.5582289709998574,1
0.2933150557165327,-0.19143839704471105,1
-0.6996848281782969,0.768953803721755,0
0.30858869041925674,-0.2716123904456075,1
-1.0550272157433072,0.2375873933818878,0
1.0175859126208897,0.11847000009996214,0
1.1256060771817555,-0.36410078808347224,1
0.17496384778720925,-0.03919804228378734,1
0.5524765463252748,0.85214265116974,0
0.3732417208247234,0.8947735409546814,0
1.7052361066355266,0.03008806320305496,1
1.9023062239064228,0.2849030157369403,1
0.055609838972710254,0.04204610624666603,1
1.3550030719430153,-0.400249647094085,1
-0.4986821765283811,0.9064386089598668,0
1.9511646845589103,0.3137752850599183,1
0.7058730137796168,-0.4441619350132978,1
1.8425110165069345,0.12329208470470526,1
1.025010254282838,-0.4796385662433483,1
-0.4750260798474316,0.8423926099922379,0
1.5073625809526217,-0.4214142938864104,1
1.8897568123193145,0.09369361408162885,1
0.01664782687897995,-0.16208444829197124,1
0.4753416751351018,-0.1634980323632718,1
0.02897616113203691,1.0943256757327693,0
0.8902135667673536,0.5762119633923956,0
0.6420239670884571,0.8226954418176284,0
0.18304206444422522,0.4194284951395625,1
0.02905335327294109,0.42336848601531263,1
-0.8593945224281554,0.2341578337124479,0
0.6200317502745347,-0.5292407115890483,1
0.9545897710055823,0.33147322808412905,0
0.14869065798786052,0.9697481034906844,0
1.3935168392824766,-0.47603892954338767,1
1.7944549564502115,-0.17179821790593736,1
1.089611420934233,0.13970584625598373,0
0.9237941008574073,0.5476869573822478,0
0.8603957392502437,0.1736413713172301,0
0.14198886661099727,-0.16181608390519964,1
0.8368290821111442,0.6318279468746222,0
-0.9303801552462037,0.4243175359275009,0
-0.4270065515838646,0.5858057371013586,0
-0.7991242017450724,0.48478232693254536,0
-0.17083299826784165,1.065586426200469,0
0.45063655068789826,-0.29859817608849426,1
-0.0943446249615398,0.2511487003131616,1
2.0123737428143196,0.0511528629282203,1
0.6963576708795204,-0.30794029981636,1
0.7078649736793493,-0.35614452228473004,1
0.0684356580691185,1.0325310921144122,0
0.005345905000540302,1.0509781993694498,0
0.9286704535592345,0.2519816456409147,0
0.36498438225979335,-0.34849995203908934,1
0.5616233505798973,-0.5017056978097103,1
0.33372753817054523,-0.24947239773271235,1
-0.7191530393358906,0.5509938652720254,0
1.9228368060003973,0.348498778491413,1
0.1941315732512978,0.1513082370274788,1
1.894640319085513,-0.05425138212064293,1
1.2508220068124833,-0.5729413647308237,1
0.9275401328487991,-0.3757137623485338,1
0.549683712083949,-0.38460333956324094,1
0.9530565577086016,0.39148940116595266,0
-0.8661241409335276,0.48983195568148397,0
0.8710408356833377,0.43382207954469837,0
-0.47212590700188106,0.8950474490683826,0
0.3759014978376225,1.122386124447459,0
1.6727961843836288,-0.24139408024814235,1
1.8885679434264937,0.002451334986160049,1
1.0893431418039479,-0.38099478194292086,1
0.2355921990632628,-0.045163264946893156,1
0.19620399070723976,-0.21975370449446396,1
0.4012443030759404,-0.18894523029800012,1
0.8582784042897045,-0.46130742642093536,1
1.1957143965620982,-0.3235119318557642,1
0.8524839435088569,0.5043032039336302,0
0.4034809927940157,-0.1434001173673316,1
0.41861195863589007,0.8805663912755393,0
-0.7252940300633786,0.722045051638933,0
0.3184496611378917,-0.06742531745560257,1
-0.9216358194180436,0.4286323239833041,0
0.32156839191067654,0.23301278880328818,1
1.1770983262717738,-0.4119591551787614,1
-0.7861413180418928,0.4208780299539214,0
0.15037854681977195,-0.1921767546747305,1
-0.5981861666426069,0.6164118529282582,0
-0.28627046161747116,0.8399372476812681,0
0.07240040712889736,0.1876868279772231,1
-0.5340988987839751,0.6354530852088811,0
0.249912756510447,-0.16160414751724705,1
0.8812943943397268,0.1882520317403325,0
0.7018108355815571,-0.5428078673166288,1
-1.0750467117830234,0.08862326118214321,0
0.4189202767773523,1.2516891280362046,0
1.0108236378444664,-0.42225709514983056,1
-0.2463580771033207,0.7861970077692797,0
-1.0583173562244332,0.12006459157752605,0
-0.9701463114101783,0.08709242682262341,0
0.07738836630762434,0.47124807229006305,1
1.1873258894685315,-0.44231598808608746,1
-0.8416091744657405,0.4502355971302826,0
0.7909669566310211,0.6095689031178786,0
0.5826004944800454,-0.3418567245254332,1
0.6278855023376579,-0.5297869670657473,1
1.403964258988837,-0.380037661569865,1
0.0900961309413808,-0.1349970108800721,1
1.9368753644761925,0.5415191732400649,1
0.6131800999959407,-0.36400683293407005,1
-0.957974114148246,0.1657624038687444,0
-1.1400504277204284,0.06878828972372081,0
0.5775038338858793,-0.4065166993759437,1
0.8021267177659867,0.676977792879285,0
-0.6119468465464126,0.8557957453885215,0
-0.39372109167445,1.0424592061034623,0
-0.9917090315011298,0.1824295559413091,0
0.38129983818378776,-0.38745157112089246,1
-1.1610149041495053,0.17528064080420488,0
1.1236199278995078,-0.5404187260300842,1
1.5332577855545315,-0.1948959093809266,1
1.492000766313589,-0.2385391711158067,1
0.837852361998411,0.5318963289204051,0
-0.9312963256222525,0.21947595105321502,0
0.9251361882994699,0.39969653175395126,0
1.651012558772156,-0.18122164170422284,1
0.9413763174786575,0.18411054443458322,0
1.027012521405511,-0.35437607017267914,1
-0.6655987298114163,0.9911620460296429,0
-0.9952157254950891,-0.23986088852503107,0
-0.9821142288386746,0.1262563036819752,0
0.01857031376712759,0.34320139820305784,1
1.141655714946101,-0.5960869149861175,1
0.8906206393026319,0.35316915109918756,0
1.9507585694348744,0.29452398822961673,1
0.13188536139232046,0.9828518616310791,0
0.11383380670794213,0.02085582363217227,1
0.3769876688404901,-0.41556074081451094,1
0.7476207101914055,-0.5286670265782373,1
-1.0139457511012382,0.5455764895527023,0
-1.0456042620467119,0.20030928723269664,0
1.9535390034392262,0.35200154110944015,1
0.750177938719082,-0.5103633726970852,1
0.8655766859000014,-0.6887840028472165,1
0.5598131573941727,0.7854119392955426,0
0.25945448044590225,0.010757333694533328,1
0.4206885018798154,0.9216283222767063,0
1.3382048620330653,-0.40535262520732585,1
0.9413302776237487,0.08368195593022573,0
0.987422494165458,0.14749547495593843,0
1.9178668220356268,0.1317486808644641,1
2.1628339907428575,0.2737066723079342,1
0.5821266620683581,0.9525590730691416,0
1.9611917798117366,0.2839849770162536,1
-1.20697623756193,0.18879595211938593,0
1.997736280904265,0.08934631384272945,1
0.6096333118711372,-0.5252532686437833,1
-0.8606498167926063,0.5744187926107247,0
-0.8299441331940275,0.6104640795431246,0
0.9658966886043218,-0.37286096596449053,1
1.7812617289690391,-0.29906367425692937,1
0.18527320453318752,0.748880121642857,0
0.8637712385819558,0.6017348024133174,0
0.011790873362666451,0.3998787857774599,1
0.905325593777052,-0.5985905659970482,1
1.0239108876310368,-0.7692749716439209,1
1.849572536430045,-0.24453301905787564,1
-0.10344495575148507,0.9396006593309677,0
1.0559301366952112,0.02479281232384827,0
0.5233132085131467,1.0993253309897248,0
-0.8765612035616448,0.18410311180155525,0
0.9588092237331688,0.2081056439502199,0
0.8096622935774873,-0.4946543662212374,1
0.10554761367749949,-0.009481429138182756,1
-0.4085817176332157,0.9188675155271461,0
1.0073479131779068,-0.4571374218910636,1
0.5261550603327693,0.850697262356132,0
0.7660697822740075,0.6803496088036867,0
-0.24025420109534512,1.1971668005519813,0
1.2585366177930961,-0.49924094169745625,1
0.2874454242911543,-0.12198233996370328,1
0.21811601327109045,0.3467146707373879,1
0.697002364318132,-0.556502029659097,1
0.8338156834727158,-0.4863375618255331,1
0.15664531744772875,-0.17607512475933593,1
-0.8104555115265384,0.721031932377676,0
-1.0612041948310387,0.23736201807872598,0
-1.082648189610785,-0.10824380072636823,0
0.9412747057889087,0.12872823526974564,0
0.7490197884448226,-0.43748290456686534,1
-0.14820341928320108,0.7794895453840689,0
-0.6844546136945845,0.691246878940489,0
0.4329340886885952,-0.3368179728010532,1
2.066550437534538,0.2883653096241471,1
-0.9121484054441821,0.3297874846469419,0
1.0908457107727134,0.4322379836846078,0
1.0133640883908555,-0.5644679815587883,1
1.6681371307053752,-0.453930498471675,1
0.11674250148642376,0.32134414615050433,1
0.5749911509579844,0.7823869781401875,0
0.9346584590674705,-0.49765774615638797,1
1.8848487356460248,0.4651935864405225,1
1.6231983262651566,-0.41271605862705807,1
-0.06692798007196511,0.9696110777161618,0
-0.5229474687620095,0.9405682640346495,0
1.4236394482416757,-0.5152620230158129,1
-0.6177616839757979,0.6207691373357312,0
1.9134300513197973,0.0687165114587872,1
0.060004170075603935,0.06469770529113263,1
-0.5415820674188879,0.6849476363857667,0
0.572528133725436,0.6881994466258549,0
0.4162884031598097,-0.10686064394937832,1
0.06721885578245257,0.2234955662518694,1
-0.9633460143137339,0.5574701498280502,0
-1.1149337868212668,0.21909533464989384,0
0.3914394978453617,1.1198045076434768,0
0.49327340782354634,-0.1937951925776572,1
2.0340194170638255,0.34450093316674624,1
0.37759186110633525,0.9312862694869594,0
0.8276689091460656,0.19887805808615433,0
0.054741853850245714,0.4302823883726892,1
0.8612017259726307,0.5539662681302407,0
1.017024388378173,0.39376070991970236,0
1.1970578362962696,-0.3658301219715132,1
0.5077103273360982,0.8624792634213823,0
0.7775915637769615,0.9889078001627596,0
0.8721838694598489,0.11891728874198715,0
0.22671279182482237,-0.2989458216353663,1
-0.24959710566473264,0.8470154072157875,0
1.8207357151404475,-0.08708576745213709,1
1.5459368367383606,-0.1907233221155087,1
0.2997936515147492,-0.2869614355494362,1
1.8546876523316242,0.15787370555981894,1
-0.6717428844453179,0.5697422944430336,0
-0.9642918095692065,0.055831554471135435,0
-0.8782813999008682,0.22982950112699502,0
-0.7819424824257734,0.40887808966534267,0
1.9055027229892594,0.4225732382281635,1
1.8461313631355014,-0.23047762716227976,1
-0.8414171982915334,0.5265851761535405,0
0.15537372124887885,0.20773603096735554,1
-0.21376916038800614,0.9155997884278095,0
0.3824722456548572,-0.14613000530569994,1
0.46441147709404085,1.061273355899351,0
-0.6557078061969713,0.9815604188407899,0
0.9086707105621609,-0.4192186261167151,1
-0.48683099319238915,0.8125401362699516,0
1.9145640452650439,0.25652124282316247,1
0.7997353934159502,0.7534519595020103,0
-0.9405499692616814,0.45029657698529924,0
0.8913345366683639,-0.48599332237819476,1
1.690533602513434,-0.2226138798338088,1
1.7271992495140838,-0.1533080889671529,1
1.7127999051969045,0.11022512368793769,1
-0.00831325439258844,0.15069006642416724,1
0.2521754736347032,-0.10830957518476825,1
0.5993104978374927,0.9434669167849583,0
1.9020293446064473,0.06973934291239745,1
-0.1278062527774857,0.9964805765228749,0
2.0072404623433773,0.4009429007661958,1
0.4301328989244515,-0.13611664516824468,1
0.8414831018469808,0.5818560286980017,0
0.0893697719026207,0.47748187738490616,1
0.6780151519371718,0.7729893206346947,0
0.691698716908051,-0.6183904140004373,1
0.10376858994476838,0.9020250649997349,0
0.7780353155979829,0.6196295925609265,0
0.8527123674746674,-0.4503824198513267,1
0.47796781027756935,-0.5114987350437004,1
-0.973766585609084,0.007961589819364318,0
0.6270388077774037,-0.4943552734451192,1
1.3003987000876085,-0.27737936706275423,1
-0.8910799269308879,0.3281638499924791,0
1.830255581965035,-0.13953297268638248,1
-0.05691413773664879,0.2940723148324473,1
1.0176980548319807,-0.4339334939792908,1
1.8992737001222086,-0.01908094059309913,1
-0.9122054766766261,0.21666470325120885,0
0.27076470220173743,-0.4721472482529836,1
0.17558540053023253,0.3415020364183402,1
-0.13411997572754836,0.5126791483053463,1
1.3462744269742435,-0.5454260111310429,1
0.12193385587304914,0.9847416577157933,0
0.8014390936564912,0.6031325346574311,0
0.6356513669515619,0.6342247168083017,0
-0.6974659162330067,0.6068095430276208,0
1.194221252354374,-0.6016098666137105,1
0.19810044962943113,0.15416440931333902,1
0.7437541847149045,-0.44262692568702705,1
-0.9627677524619134,0.4462747176335989,0
1.0658852649156072,-0.45000234804617584,1
-1.0178058076227228,0.17222351720688528,0
1.4807938731901953,-0.4179714045873568,1
2.122619830951597,0.5544246473463323,1
-1.0508545332377284,0.06479407809057347,0
-0.21099291653466393,1.0447048897073667,0
0.9506232654442596,0.3076750733299515,0
0.002567809021159457,0.8516334764140917,0
-1.0627146877591134,0.3415094775310295,0
-0.9273315710643852,0.3262126082572966,0
1.2392879804611738,-0.5878869873310328,1
1.914626368940552,0.40298413538083927,1
1.1170137740985475,0.35147073204412,0
0.8476496687261731,-0.4429122298922846,1
1.9832308265889844,0.3790029367415557,1
-0.8112139769916596,0.37510843478722705,0
0.6740118937243249,0.5808819223439774,0
2.0289882704922637,0.2812378177207323,1
1.6616922683315243,-0.16749665030984945,1
0.14814424303491083,-0.09873541809596922,1
-0.9587868121663865,-0.08861222758118782,0
-0.05366653997030163,1.0193864855262935,0
0.0698092281344021,0.20212865080171916,1
-0.636137180193335,0.6251452443807581,0
-0.6077460688759226,0.6016205048515371,0
0.8033562465012428,-0.4293063623404713,1
0.5961671946332794,-0.4558460065346946,1
0.2568737880450863,0.921818547228743,0
-0.1429482826002396,0.34001352414105424,1
0.2305565572485316,0.4389446672203519,1
0.5415189028800809,0.8868615212697376,0
-0.7395821035437251,0.5238999886899403,0
0.8724806744607361,0.6261035529620091,0
-0.18013560860914657,0.9356375279106373,0
-0.21270345025670206,0.8189788595032392,0
0.020066821310459244,1.059219321073591,0
0.2891675627926814,-0.02713998149398894,1
1.6654544665860724,-0.0951845696107097,1
0.8647237905242484,-0.41294869471152973,1
0.873215184152065,0.42646032021895286,0
1.1545398580492146,-0.49827899312624613,1
0.9319315907971351,-0.5405679237174424,1
1.1158163394044394,0.12166963529178554,0
0.23764183545196033,0.05114032466018541,1
0.9731358021757115,-0.41518398645362653,1
0.7974198212282395,0.5049274086006588,0
-0.6475792451445476,1.0204500445796523,0
-0.8290173624304318,0.5391782342388218,0
1.7518608644584774,-0.09198950741486618,1
1.466533740984427,-0.2889086227833088,1
0.9632816885670415,0.26788622043687965,0
0.46501554704665227,-0.28486856534786154,1
1.8639955354375686,-0.049133934106659755,1
0.36606330681302657,0.8608468254109843,0
1.795647729427755,-0.004122948657079864,1
-0.5252981221387721,0.8678403030686618,0
0.11419880853317352,0.10670570859134909,1
-1.039303071361796,0.5435765515480849,0
-0.8855898469005936,0.41854127505439603,0
1.3000171755457814,-0.548636211115288,1
0.948651885800375,0.584647101972639,0
-0.910912393917779,0.7812807416363582,0
0.1614673766779583,0.18309761515275347,1
1.2520222371129612,-0.4714201442045948,1
0.054972080471471216,0.3979492302378686,1
-0.02766289799049415,0.03500187921977138,1
-0.17565876848576167,0.9403288376013269,0
-0.06424544046349062,0.6280501234939753,1
-0.8895060584686488,0.6008531309951587,0
-0.07244495256976005,1.0857653079338077,0
0.5439852443745467,-0.633915120153129,1
0.5860482234422774,0.8169890784698519,0
0.9914053913517638,0.6185823269973965,0
0.3058218247545652,-0.19075716704058837,1
1.8496642556615461,-0.18237393769330368,1
0.29074210830907343,-0.04978679073720292,1
1.6041401271300542,-0.2948735806134321,1
-0.23434607332483803,1.04128837762818,0
-0.9801473205676045,0.1901273826675281,0
1.9172378335215887,0.3817943639877247,1
1.8845954430509664,0.18505825577817092,1
-0.08902661629388949,0.9354187453247129,0
0.5866994993918233,-0.4392287501975462,1
0.8597866079685231,-0.5104629052766422,1
-0.19775543209972493,1.0764893023666386,0
0.36497882601734255,-0.27271369412595015,1
0.22326668154144513,-0.12322454715429183,1
-1.0203399228093508,0.37287902700206493,0
0.8876852114547179,-0.3616848878996405,1
0.40360033207907814,-0.4241470803624485,1
-0.09882233664365248,0.8509156159309776,0
0.462909560229429,-0.35584316099087304,1
0.274672603440434,1.1010136684584806,0
0.008183884996151641,0.508852819498877,1
1.909959775877959,0.16846020171663897,1
-0.07373040400321416,1.0606866484717812,0
0.8710263409243435,-0.41989814667283176,1
-0.822044248518637,0.7595909923182493,0
0.6049747009529819,0.844171799844004,0
-0.8259203480981795,0.7143413224478814,0
-0.2935533071410278,0.8823312444409173,0
1.2093165569529924,-0.3509336659510648,1
0.4912749711899333,-0.5308893120656661,1
0.8602745379384015,0.34440805381198014,0
-0.8068610728243271,0.46493926474486874,0
-0.400347047130192,1.0045852170747958,0
0.9157983868188745,-0.3910137918085115,1
-0.740976679959866,0.6369755712335489,0
1.046986713147111,0.3707365817287249,0
0.050318252319499504,0.5356704667792075,1
1.2574521049321306,-0.24139828133562477,1
0.957991688356462,0.4673962198499201,0
0.7728726940550558,0.5129128219354692,0
0.5844791622677716,0.8616062842235894,0
2.0851819588764786,0.0772987092031201,1
0.44489538865738176,0.7800156916137734,0
2.0506857573439685,0.2851913645600993,1
0.6724072560090251,0.8018729835274607,0
-0.34040049888371426,1.012964177409022,0
0.1112111006826699,-0.03431211087083269,1
1.4585468953240868,-0.391730775470762,1
1.7892501042659839,-0.21733742941675602,1
2.0939390522283277,0.4343667359320024,1
-0.09260176287821147,0.5301411776943422,1
0.9431185860613148,0.5084695220314536,0
1.346038813647649,-0.4372855584737102,1
-1.1767029288990867,0.17259375485710057,0
2.080297046946913,0.3341578687550021,1
0.9220141734945103,0.48781036348978896,0
-1.006576736574841,0.3850838222711678,0
0.7843114192364896,-0.33103828739692875,1
1.1984836727901647,-0.455948336501666,1
0.811200651852738,-0.41530319468245935,1
0.5637014224038949,-0.4004747261510102,1
-0.8796695941323376,0.4673883106691656,0
0.7627229422762045,-0.2798632439299842,1
1.7967830511292522,0.05463826904801561,1
0.8441973679800266,0.5841203637519692,0
-0.9859564787863129,0.023862809885225975,0
-0.04209892436367294,0.34946893059106365,1
0.022741866858873888,0.42304536038902724,1
0.8403857486671059,0.11179990500353713,0
-0.19813292863288015,0.9557291544623984,0
0.15886984962676803,0.176884939456181,1
-0.40053283033358256,0.9471699045836925,0
0.05387818304826656,0.9476537733439749,0
-0.7383543430358163,0.4571118197572589,0
-1.0527713354058654,0.2855442562140489,0
1.0446070844850621,-0.579607749353699,1
0.267339387061894,-0.040700987439317104,1
0.24221015013098657,-0.27582199663075535,1
0.810765490748924,0.5773890420158917,0
0.9732692638463187,0.3557851687448612,0
-0.8331058165269365,0.7032821377257886,0
-0.8271033524879824,0.4050388154055145,0
0.9118224838512724,0.5804567313528961,0
0.059928447382337324,0.002572505723825405,1
1.94294220353548,0.07360802398331107,1
0.4458738567882716,-0.30966037014088243,1
0.13273792624039527,-0.031071761511790807,1
1.7849329348794736,-0.07444029022284458,1
-1.0788246256666636,0.1394770016835648,0
1.4258461197026258,-0.6073158045942653,1
0.5265526954419978,-0.37092601609122017,1
0.2711592494521654,1.0573222441641688,0
-0.9395099886631615,0.06990165084147178,0
1.248159487090032,-0.4945524203037452,1
-0.2828874387357378,0.9017830323458358,0
0.13320527664993528,0.0783041440495171,1
0.7854714329237875,-0.5275274728584334,1
1.7667939779292892,-0.028686449014364013,1
0.5789338052223613,0.8296368162702837,0
0.30116059575251874,-0.30290138794614313,1
0.7879738122795926,0.39117505751276865,0
-0.14767816870884118,1.0416953251606584,0
0.07540598183095394,-0.09397276548772722,1
-0.11144842360600565,0.04799033486221553,1
0.8816223269531452,-0.3970041123806872,1
0.9314590728784915,-0.47556523088074365,1
1.2073259958017462,-0.358616702600581,1
1.4605394606031996,-0.31496719529840633,1
0.9160058548807881,0.5208377616594575,0
0.5556209307851668,0.8121769759503799,0
0.93073953303951,0.22068209873323227,0
1.253927152293904,-0.5243054533030186,1
-0.2445462190497365,1.0613623771219156,0
0.40210972049882865,0.8464324137405667,0
-0.9116465219345444,0.5762660852766632,0
1.1055100993915037,-0.4995476311959118,1
-0.6977372417688501,0.6002281307404739,0
-0.06121414517503368,0.9829275009868715,0
0.4470960530085126,1.0154841381701545,0
-0.06712726046432003,0.15743142092454912,1
0.8955492776477877,0.5275419592638158,0
0.6591651735383731,-0.3691030543035295,1
0.4145921752712307,-0.14239127161731366,1
0.3928822941300633,1.0266722930964998,0
1.4969613958114953,-0.45513687170692496,1
-0.49322472544290313,1.1137047184337172,0
-0.580487763606852,0.7946181422870349,0
1.8923804580752233,0.44734381445128557,1
0.338653477689466,0.018262121631967027,1
-0.4209441389259956,1.016562509407289,0
0.8936368518763873,0.5094359587094806,0
1.0670687588380192,0.1567140468252422,0
2.022369675406708,-0.13021974950212215,1
0.03064598220594667,0.5261497548318628,1
1.0097419165788635,0.5059204663459779,0
1.867964200729084,0.49244901794925655,1
1.0029120968611243,0.37358413140998004,0
0.9857603576195775,0.36440908678117256,0
-0.4755224725067182,0.8528572965069343,0
1.9075205578593426,0.3550894777106784,1
0.7009553210910827,0.44286427666294875,0
-0.5369405281980687,0.6535776735643433,0
0.7197982353658682,0.5914692064959151,0
0.038054016771559396,1.084794523610113,0
1.926419041276975,-0.07677581092331656,1
0.9832905910972236,-0.3179846282972465,1
1.4486878503711762,-0.34055793493687697,1
1.1449317110545587,-0.43656586150724574,1
-1.0288849222099836,0.14784837550528995,0
1.0097207036640048,-0.4813340530567048,1
1.8764163683839212,-0.02057124790915607,1
1.2650419306479916,-0.47112181385451585,1
0.05043945463435404,0.08141894171357952,1
1.6685837567470245,-0.02752347653083285,1
0.674524096780928,-0.4600599184493257,1
-1.051047562780926,0.09561903950410124,0
1.2608599564220189,0.2192364449233242,0
-0.5590578897476557,0.8370176490524879,0
0.1426793965446433,-0.02168608928462101,1
1.7087089760736447,-0.25021673387534976,1
-0.6055340465044312,0.8962825586118628,0
0.4591694087148565,0.9314854842552885,0
0.6062153170961566,-0.6086361957496573,1
0.6863062441567376,0.45048105780035175,0
-0.5396762042591315,0.6583288921469485,0
1.2891764526956184,-0.4776447885940143,1
1.8350585092502105,0.07729244835280868,1
2.1053524039552696,0.414386738319481,1
-0.988187345951784,0.12300435511833183,0
-0.908260026881571,0.30255433850598346,0
0.7663728034227785,0.5795232457894305,0
0.21944735448621983,-0.23578853168334948,1
1.906472232439133,0.3350674092620661,1
-0.9996039560957223,0.3752205970965684,0
-1.11417175279977,-0.038630388483348696,0
1.8661816827620177,0.13432047130076089,1
-0.919202790407376,0.5086286867444454,0
0.5951354732408128,-0.4015432135507222,1
0.2194715724908307,0.18136260413820354,1
1.431949102682001,-0.2725759398280786,1
0.9539531296491589,0.7183890325417347,0
-0.0732765162183045,0.863137987427478,0
-0.9134331654896318,0.27921088911967834,0
-1.1305028062826104,0.06419870908136614,0
-0.2658711003328745,0.9753250502175624,0
0.13962417669556135,1.2272458185665756,0
1.1489928117431585,0.01969088401332294,0
1.9932047390641332,0.4554007414334432,1
0.06660515655569856,1.0475681209992866,0
1.5713128787056603,-0.4703457489229317,1
-0.6799621068081112,0.41873151608717274,0
2.0803581280874264,0.27760085228157766,1
0.1818396781766598,0.03761058051709548,1
0.4464185576999089,0.846180137334934,0
0.1781712933906615,-0.23695345050727096,1
0.44239902316698765,-0.1716753033871819,1
-0.8062694033831985,0.3156161377504695,0
0.7324675242451146,0.5325293019973177,0
0.25782046595611563,0.9720982722986953,0
-0.38955047044281577,0.8565959302156212,0
1.2220953622734854,-0.4857423574639791,1
0.7155345919933415,-0.5929870459133548,1
-0.3203251883474698,0.8524340376499855,0
-1.005219701322835,0.12686314528972284,0
0.04183266664549383,0.2429163593684264,1
0.4651390028292542,0.9066014354299538,0
1.6592557852794734,0.0008915489698557849,1
1.8660057167457758,-0.1162466387964383,1
2.1005808975810836,0.4185987698394634,1
0.9425967146130929,0.05148167156703021,0
-0.9294988357008002,0.4957179076845979,0
0.11918572086982418,0.16263002513792682,1
0.2929372487824422,-0.3177623803401878,1
1.502411486742383,-0.5827336013751833,1
1.4553661619937162,-0.6274450558574949,1
0.33686151661815883,0.7770861166483952,0
-0.9179057315522405,0.33098800451682797,0
0.1781062630040856,1.1002374386522862,0
0.42199183378343663,-0.3162992603512802,1
0.1355690957034205,-0.07665221420824786,1
0.4407830294498714,0.9862371203486882,0
-0.31688050552973945,1.0376217921693827,0
1.6904687118961488,-0.11708081648247119,1
0.589770691445557,0.8881774384154679,0
0.43371428031672127,0.8374210680443561,0
-0.2539923643468207,1.1018471881855296,0
1.3968057798853373,-0.5013871197984346,1
0.3407300084005353,0.9446349940783368,0
1.9816597292076465,0.03255999039159327,1
0.5901304438765077,-0.30524415954379125,1
0.9950378667653358,-0.4269846942895135,1
-0.23465571250768097,1.0063957448762675,0
1.063416531159578,0.330360448445425,0
0.051222664439968084,1.0437511343202146,0
-0.8407818532997292,0.3446035933232449,0
1.978964081474105,0.15325038557969145,1
1.8859710572649382,-0.006903636516562117,1
0.3469337651535357,-0.20054917955182894,1
0.25424859887445683,0.9169620576264884,0
0.7212376258589716,-0.3748641184276438,1
1.0230786320328384,0.02529316760581979,0
1.0893424215241854,-0.2296390983593355,1
-0.31072793793555903,1.0311685334429161,0
1.3139819322006965,-0.47509364892521494,1
0.22543883849619525,0.948660608589884,0
-0.9576136256071373,0.5115153387151156,0
1.7550586019203396,-0.24913888587602304,1
-0.9947333259261988,0.5227932199068168,0
0.9218362575427427,0.23959618941436647,0
-0.5911181638404504,0.8812791130615585,0
-0.9637050029799281,0.14869900687179635,0
0.24436499589423094,0.2265549175524229,1
0.17262573763550354,0.1343374020330941,1
0.4213135114749614,0.9326725956408748,0
-0.08635725117961394,0.3162272051305908,1
-0.03535732282555004,0.47101364510809307,1
0.4126644752098949,-0.397409802897808,1
2.0714262424683825,0.24052097852788393,1
-0.04619366265655869,-0.037130461348905186,1
1.3787305897879936,-0.3097204708436704,1
0.9794411731990468,0.5011453954014494,0
-1.007276043535947,0.08627675046491813,0
0.8943367223753008,0.16902775508391477,0
-0.7281924831400833,0.722289802736776,0
0.43791236904653796,0.7919685081863569,0
0.8326099251699222,-0.4911497071133307,1
1.1205262149560455,-0.45677207350987503,1
-0.5404143089756858,0.8350578889174806,0
0.7000117070102445,0.9483518450303815,0
0.3847954289790273,-0.4306538053849183,1
0.3799423451003239,0.9125718911496995,0
0.02440410475465995,0.25928450439179507,1
-0.5174634446199675,0.6664392435151898,0
-0.5806851541892752,0.901317700432637,0
0.6997339006430956,0.9683685150203519,0
1.0659636974526678,-0.37537165214999746,1
0.4856635769009585,0.8912199402976146,0
0.8912826450169697,0.3098451248868004,0
-0.762480183204447,0.601138826778518,0
-0.8394759037772241,0.34937942937423416,0
-0.24540698932076555,0.1127590511388912,1
-0.004484331832517688,0.2320036212131939,1
1.764452433651594,-0.1460055080732244,1
1.0809439589612602,-0.3940820066434184,1
1.972818522635424,0.11061746537776024,1
-0.006675653082496402,0.12831285267152012,1
0.8997369369037986,-0.38599635012318106,1
0.7133135010231095,0.8820749345994943,0
0.7612239993224694,-0.40230369805282484,1
0.10598640907235427,0.05956901031417475,1
1.9327714320216731,0.19463010523579397,1
0.6143205614072285,0.7609996717877743,0
0.08092554934999195,0.058316181850046,1
2.1390472132117675,0.4512370497938222,1
-0.5435268577803083,0.738103860339271,0
-0.18199909077062726,0.8585630967603988,0
2.096681629484343,0.332040026907583,1
0.19051803392166217,-0.11465656166887422,1
-0.4032468541213299,0.9363778280975141,0
0.3253674285449689,-0.4347586366016988,1
0.944094595698515,0.5357314941517344,0
-0.8838529101803965,0.25878300289835693,0
-0.3987388500471861,0.9564695379057746,0
0.4956706897739498,0.8127633682341886,0
0.5529374661605635,-0.4610757731266511,1
0.47525503450454387,-0.3957010068512693,1
1.0156490898030865,-0.6503676533107594,1
0.3916555289045206,0.8806708675847347,0
0.33762185262444955,0.052823542884036845,1
-0.17708257306535846,0.27598957032301075,1
1.693085145476315,-0.12840009065339125,1
0.7822482395750134,-0.5353898038055602,1
-0.0779873686427685,1.0990853438215376,0
0.8260602968148386,0.316026943411883,0
1.3283137330967931,-0.5667895384295568,1
0.6495131683419906,0.7132507037327681,0
0.722302232207183,-0.42668799913024213,1
1.2671714821047444,-0.6311028456651488,1
0.09447814602334123,0.08523003223777645,1
0.026697443762560624,0.32992223728758024,1
1.0639310179880526,0.02917920470207898,0
-0.9293350156404363,0.24721025595333632,0
0.7786996091384839,-0.5240233266277353,1
1.5661905654131478,-0.10026118369539719,1
0.5712298770200577,-0.4565781521547178,1
1.0063443877058367,0.19208399872866533,0
0.8503893824740815,-0.49799942950798354,1
0.7325290975508846,0.6085303873979618,0
-0.692489031106231,0.6670080037110868,0
1.4843336711699293,-0.5221271202048251,1
-0.05723898392323025,0.6141430274381514,1
1.915505507533299,0.5966482478967118,1
1.4964474286345697,-0.49877165681457475,1
-0.08643183286000537,1.0190789010141619,0
1.662358913323693,0.06501347078010705,1
0.11072752397605995,1.1472604016946821,0
0.9268506930478065,-0.4491613515557255,1
-0.262835518340248,0.7951082923697054,0
1.7303065283848829,-0.27226652549602814,1
0.11023911542608278,-0.3689698004811296,1
-0.33913280968758186,0.8409024896940316,0
0.3162798358961922,-0.275858655109947,1
-0.7459671096970804,0.7315893112085137,0
0.4799192941310939,-0.14114637415816672,1
1.0956492529988968,0.16747765994550007,0
0.5294982627778244,-0.37461177404283835,1
0.06826517892467791,0.12697479453321542,1
0.046930631538190465,0.1891966684339651,1
1.9676195249627133,0.2996001876107343,1
-0.06704466570759632,0.9643392603994083,0
0.345444618034301,0.8909586322150661,0
-0.013186718578776305,0.24429016667929465,1
-0.14589260923503294,0.9426002899742075,0
1.2634904589263887,-0.4939631658488702,1
1.0049199110491678,-0.04883989204934673,0
0.3340458004059684,0.9352648631509094,0
0.055387522732623845,0.2046215392010775,1
0.5320308603718216,-0.3889636782153357,1
1.6984007940356816,-0.180841307715181,1
1.7553887850700038,-0.37567833427635045,1
0.14904032678034732,-0.14445950586558753,1
-0.9309278557944414,0.19846776456914744,0
-0.8316764135803048,-0.04701397177859082,0
1.9900073274432497,0.031236232250242482,1
0.9482264658742477,0.7077988477278667,0
1.6055279671224605,-0.37246604596495103,1
1.1231757505629518,-0.6913307326720544,1
0.7557534444037022,-0.2695988342430545,1
1.345316542603939,-0.49976180746353677,1
0.4605360422565013,-0.255422997139564,1
1.1140512766703514,-0.3583077917745514,1
0.8539604278050421,0.6696327585399418,0
1.9772614129051547,0.18520700212729568,1
1.1166211755816176,-0.5251742973644362,1
0.8714904527936186,0.7804725575008108,0
-0.8579579227089507,0.5386767457919914,0
0.8767917157378996,0.1823158243151694,0
0.1396177994301589,0.19596027840609875,1
0.5739108516708811,-0.3249949315425544,1
1.9095166846588754,0.4221237859822578,1
1.4235297417101562,-0.5636190628061408,1
-0.7111051428683841,0.6422440216118327,0
0.8498265402618332,0.602460979767424,0
-0.37508584670208067,0.8775722821508247,0
1.1790628727725236,-0.573564575756884,1
-0.8422932558627935,0.49040700902588297,0
0.6292104648098176,0.9430795987600632,0
-0.3593815738592995,0.8400918945287443,0
1.2704302686174813,-0.34159585448545493,1
0.973619860262444,0.4170286149691255,0
1.9861685501332054,0.13755826283205927,1
0.6719467611824288,-0.42981975447451926,1
0.035809400518747064,0.2182157948091459,1
0.4002708700912954,-0.3247426606624695,1
1.981902854272546,0.15655408293928588,1
0.698319233245738,-0.42974088311610126,1
-0.1971827704605195,0.9322173556450735,0
0.9670968554791438,-0.46027326084364034,1
1.6636763504842904,-0.49995242806970475,1
1.6590911192573023,-0.20251971584510406,1
0.015296058644618204,0.2970885835745376,1
1.6213868486920662,-0.1868666719484556,1
-0.8080138850178371,0.7140592547189336,0
-0.6088245279332332,0.7431334752399842,0
0.695099157765398,0.766353730416287,0
0.6194896352023292,0.773634999616962,0
1.099286154895696,-0.48258756290995225,1
0.5416889059674861,0.8806615226683815,0
-1.073733405206725,0.19115864394047047,0
-0.34309840365733674,1.0266193357719964,0
-0.28364022629379826,1.2579254207755215,0
0.9209386737222073,0.1710427925599588,0
1.9598335243298013,0.019792194510303424,1
-0.09298754065301926,0.9949920822686092,0
0.3437756421542323,0.9173309651618561,0
1.1525168847657987,-0.6539886872854088,1
0.00676715832185372,0.9650039983226923,0
1.9353892828710844,0.02824692546815724,1
1.7932220019489242,-0.2595502545957589,1
0.29862243824013796,-0.3088771530835323,1
-0.4780806086190232,1.14104967885883,0
-0.8241803830571647,0.15464436308588153,0
0.7593377961003165,0.5988945472706162,0
0.33305885441625094,-0.3091731638733069,1
-0.008105032817503336,0.5557628269406996,1
-0.0071247422589567795,0.3225692673750114,1
0.04096675186257353,0.9292686890444353,0
0.6068042827857809,-0.5016731788688592,1
0.9518004846718082,0.42752709914085474,0
0.6666951762271285,0.7935592748655772,0
1.4156728487702386,-0.47611751885106063,1
0.054542946187091296,0.09078036180407667,1
-0.9710986578959323,0.45481574534221386,0
0.9407476046382255,0.25117439707793554,0
0.32828410352215653,-0.19515817435116628,1
0.17991070142641366,0.13855152073603877,1
0.05247110485985,0.4740229095335335,1
-0.0380309597936639,0.2454079086948501,1
0.8698023962599147,0.5232947054758297,0
1.1642963778122706,-0.37983969530603867,1
